-- MySQL dump 10.13  Distrib 5.7.12, for linux-glibc2.5 (x86_64)
--
-- Host: localhost    Database: lemon
-- ------------------------------------------------------
-- Server version	5.7.13-0ubuntu0.16.04.2

/*!40101 SET @OLD_CHARACTER_SET_CLIENT=@@CHARACTER_SET_CLIENT */;
/*!40101 SET @OLD_CHARACTER_SET_RESULTS=@@CHARACTER_SET_RESULTS */;
/*!40101 SET @OLD_COLLATION_CONNECTION=@@COLLATION_CONNECTION */;
/*!40101 SET NAMES utf8 */;
/*!40103 SET @OLD_TIME_ZONE=@@TIME_ZONE */;
/*!40103 SET TIME_ZONE='+00:00' */;
/*!40014 SET @OLD_UNIQUE_CHECKS=@@UNIQUE_CHECKS, UNIQUE_CHECKS=0 */;
/*!40014 SET @OLD_FOREIGN_KEY_CHECKS=@@FOREIGN_KEY_CHECKS, FOREIGN_KEY_CHECKS=0 */;
/*!40101 SET @OLD_SQL_MODE=@@SQL_MODE, SQL_MODE='NO_AUTO_VALUE_ON_ZERO' */;
/*!40111 SET @OLD_SQL_NOTES=@@SQL_NOTES, SQL_NOTES=0 */;

--
-- Table structure for table `account_avatar`
--

DROP TABLE IF EXISTS `account_avatar`;
/*!40101 SET @saved_cs_client     = @@character_set_client */;
/*!40101 SET character_set_client = utf8 */;
CREATE TABLE `account_avatar` (
  `ID` bigint(20) NOT NULL,
  `TYPE` varchar(50) DEFAULT NULL,
  `CODE` varchar(200) DEFAULT NULL,
  `ACCOUNT_ID` bigint(20) DEFAULT NULL,
  `TENANT_ID` varchar(64) DEFAULT NULL,
  PRIMARY KEY (`ID`),
  KEY `FK_ACCOUNT_AVATAR_ACCOUNT` (`ACCOUNT_ID`),
  CONSTRAINT `FK_ACCOUNT_AVATAR_ACCOUNT` FOREIGN KEY (`ACCOUNT_ID`) REFERENCES `account_info` (`ID`)
) ENGINE=InnoDB DEFAULT CHARSET=utf8;
/*!40101 SET character_set_client = @saved_cs_client */;

--
-- Dumping data for table `account_avatar`
--

LOCK TABLES `account_avatar` WRITE;
/*!40000 ALTER TABLE `account_avatar` DISABLE KEYS */;
/*!40000 ALTER TABLE `account_avatar` ENABLE KEYS */;
UNLOCK TABLES;

--
-- Table structure for table `account_credential`
--

DROP TABLE IF EXISTS `account_credential`;
/*!40101 SET @saved_cs_client     = @@character_set_client */;
/*!40101 SET character_set_client = utf8 */;
CREATE TABLE `account_credential` (
  `ID` bigint(20) NOT NULL,
  `PASSWORD` varchar(50) DEFAULT NULL,
  `MODIFY_TIME` datetime DEFAULT NULL,
  `EXPIRE_TIME` datetime DEFAULT NULL,
  `EXPIRE_STATUS` varchar(50) DEFAULT NULL,
  `REQUIRED` varchar(50) DEFAULT NULL,
  `COULD_MODIFY` varchar(50) DEFAULT NULL,
  `TYPE` varchar(50) DEFAULT NULL,
  `CATALOG` varchar(50) DEFAULT NULL,
  `DATA` varchar(200) DEFAULT NULL,
  `STATUS` varchar(50) DEFAULT NULL,
  `ACCOUNT_ID` bigint(20) DEFAULT NULL,
  `TENANT_ID` varchar(64) DEFAULT NULL,
  PRIMARY KEY (`ID`),
  KEY `FK_ACCOUNT_CREDENTIAL_ACCOUNT` (`ACCOUNT_ID`),
  CONSTRAINT `FK_ACCOUNT_CREDENTIAL_ACCOUNT` FOREIGN KEY (`ACCOUNT_ID`) REFERENCES `account_info` (`ID`)
) ENGINE=InnoDB DEFAULT CHARSET=utf8;
/*!40101 SET character_set_client = @saved_cs_client */;

--
-- Dumping data for table `account_credential`
--

LOCK TABLES `account_credential` WRITE;
/*!40000 ALTER TABLE `account_credential` DISABLE KEYS */;
INSERT INTO `account_credential` VALUES (1,'2e034a7e6842abdb1dac6c2aad61fb0d','2016-08-22 14:17:47','2016-11-22 14:17:47','normal',NULL,'yes','normal','default',NULL,'active',1,'1'),(2,'a1ccdbc7f295e0aeda5dc4e0f2677ea3','2015-02-27 00:00:00','2017-04-28 00:00:00','normal',NULL,'yes','normal','default',NULL,'active',2,'1'),(4,'a1ccdbc7f295e0aeda5dc4e0f2677ea3','2015-02-27 00:00:00','2017-04-28 00:00:00','normal',NULL,'yes','normal','default',NULL,'active',4,'1'),(5,'a1ccdbc7f295e0aeda5dc4e0f2677ea3','2015-02-27 00:00:00','2017-04-28 00:00:00','normal',NULL,'yes','normal','default',NULL,'active',5,'1'),(6,'a1ccdbc7f295e0aeda5dc4e0f2677ea3','2015-02-27 00:00:00','2017-04-28 00:00:00','normal',NULL,'yes','normal','default',NULL,'active',6,'1'),(7,'a1ccdbc7f295e0aeda5dc4e0f2677ea3','2015-02-27 00:00:00','2017-04-28 00:00:00','normal',NULL,'yes','normal','default',NULL,'active',7,'1'),(8,'a1ccdbc7f295e0aeda5dc4e0f2677ea3','2015-02-27 00:00:00','2017-04-28 00:00:00','normal',NULL,'yes','normal','default',NULL,'active',8,'1'),(9,'a1ccdbc7f295e0aeda5dc4e0f2677ea3','2015-02-27 00:00:00','2017-04-28 00:00:00','normal',NULL,'yes','normal','default',NULL,'active',9,'1'),(10,'a1ccdbc7f295e0aeda5dc4e0f2677ea3','2015-02-27 00:00:00','2017-04-28 00:00:00','normal',NULL,'yes','normal','default',NULL,'active',10,'1'),(11,'a1ccdbc7f295e0aeda5dc4e0f2677ea3','2015-02-27 00:00:00','2017-04-28 00:00:00','normal',NULL,'yes','normal','default',NULL,'active',11,'1'),(12,'a1ccdbc7f295e0aeda5dc4e0f2677ea3','2015-02-27 00:00:00','2017-04-28 00:00:00','normal',NULL,'yes','normal','default',NULL,'active',12,'1'),(13,'a1ccdbc7f295e0aeda5dc4e0f2677ea3','2015-02-27 00:00:00','2017-04-28 00:00:00','normal',NULL,'yes','normal','default',NULL,'active',13,'1'),(14,'a1ccdbc7f295e0aeda5dc4e0f2677ea3','2015-02-27 00:00:00','2017-04-28 00:00:00','normal',NULL,'yes','normal','default',NULL,'active',14,'1'),(15,'a1ccdbc7f295e0aeda5dc4e0f2677ea3','2015-02-27 00:00:00','2017-04-28 00:00:00','normal',NULL,'yes','normal','default',NULL,'active',15,'1'),(16,'a1ccdbc7f295e0aeda5dc4e0f2677ea3','2015-02-27 00:00:00','2017-04-28 00:00:00','normal',NULL,'yes','normal','default',NULL,'active',16,'1'),(17,'a1ccdbc7f295e0aeda5dc4e0f2677ea3','2015-02-27 00:00:00','2017-04-28 00:00:00','normal',NULL,'yes','normal','default',NULL,'active',17,'1'),(18,'a1ccdbc7f295e0aeda5dc4e0f2677ea3','2015-02-27 00:00:00','2017-04-28 00:00:00','normal',NULL,'yes','normal','default',NULL,'active',18,'1'),(19,'a1ccdbc7f295e0aeda5dc4e0f2677ea3','2015-02-27 00:00:00','2017-04-28 00:00:00','normal',NULL,'yes','normal','default',NULL,'active',19,'1'),(20,'a1ccdbc7f295e0aeda5dc4e0f2677ea3','2015-02-27 00:00:00','2017-04-28 00:00:00','normal',NULL,'yes','normal','default',NULL,'active',20,'1'),(21,'a1ccdbc7f295e0aeda5dc4e0f2677ea3','2015-02-27 00:00:00','2017-04-28 00:00:00','normal',NULL,'yes','normal','default',NULL,'active',21,'1'),(22,'a1ccdbc7f295e0aeda5dc4e0f2677ea3','2015-02-27 00:00:00','2017-04-28 00:00:00','normal',NULL,'yes','normal','default',NULL,'active',22,'1'),(23,'a1ccdbc7f295e0aeda5dc4e0f2677ea3','2015-02-27 00:00:00','2017-04-28 00:00:00','normal',NULL,'yes','normal','default',NULL,'active',23,'1'),(24,'a1ccdbc7f295e0aeda5dc4e0f2677ea3','2015-02-27 00:00:00','2017-04-28 00:00:00','normal',NULL,'yes','normal','default',NULL,'active',24,'1'),(25,'a1ccdbc7f295e0aeda5dc4e0f2677ea3','2015-02-27 00:00:00','2017-04-28 00:00:00','normal',NULL,'yes','normal','default',NULL,'active',25,'1'),(26,'a1ccdbc7f295e0aeda5dc4e0f2677ea3','2015-02-27 00:00:00','2017-04-28 00:00:00','normal',NULL,'yes','normal','default',NULL,'active',26,'1'),(27,'a1ccdbc7f295e0aeda5dc4e0f2677ea3','2015-02-27 00:00:00','2017-04-28 00:00:00','normal',NULL,'yes','normal','default',NULL,'active',27,'1'),(28,'a1ccdbc7f295e0aeda5dc4e0f2677ea3','2015-02-27 00:00:00','2017-04-28 00:00:00','normal',NULL,'yes','normal','default',NULL,'active',28,'1'),(29,'a1ccdbc7f295e0aeda5dc4e0f2677ea3','2015-02-27 00:00:00','2017-04-28 00:00:00','normal',NULL,'yes','normal','default',NULL,'active',29,'1'),(30,'a1ccdbc7f295e0aeda5dc4e0f2677ea3','2015-02-27 00:00:00','2017-04-28 00:00:00','normal',NULL,'yes','normal','default',NULL,'active',30,'1'),(31,'a1ccdbc7f295e0aeda5dc4e0f2677ea3','2015-02-27 00:00:00','2017-04-28 00:00:00','normal',NULL,'yes','normal','default',NULL,'active',31,'1'),(32,'a1ccdbc7f295e0aeda5dc4e0f2677ea3','2015-02-27 00:00:00','2017-04-28 00:00:00','normal',NULL,'yes','normal','default',NULL,'active',32,'1'),(33,'a1ccdbc7f295e0aeda5dc4e0f2677ea3','2015-02-27 00:00:00','2017-04-28 00:00:00','normal',NULL,'yes','normal','default',NULL,'active',33,'1'),(34,'a1ccdbc7f295e0aeda5dc4e0f2677ea3','2015-02-27 00:00:00','2017-04-28 00:00:00','normal',NULL,'yes','normal','default',NULL,'active',34,'1'),(247688773648384,'934f78bf13a1fbc5ffc68decf348ca6b',NULL,NULL,NULL,NULL,NULL,'normal','default',NULL,NULL,247688773386240,NULL),(247689000943616,'3278ab7b435013424ef98d818d47de5a',NULL,NULL,NULL,NULL,NULL,'normal','default',NULL,NULL,247689000714240,NULL),(247689264644096,'a3e8d8e7598f944de5343b2c2984afe4',NULL,NULL,NULL,NULL,NULL,'normal','default',NULL,NULL,247689264381952,NULL),(247689637871616,'75da309307041a0c861c7a1191f963e9',NULL,NULL,NULL,NULL,NULL,'normal','default',NULL,NULL,247689637478400,NULL),(267713810366464,'a1ccdbc7f295e0aeda5dc4e0f2677ea3',NULL,NULL,NULL,NULL,NULL,'normal','default',NULL,NULL,267713809711104,NULL),(267768848465920,'5ff1e1f0d621c0411364403db2f1842e',NULL,NULL,NULL,NULL,NULL,'normal','default',NULL,NULL,267768847958016,NULL);
/*!40000 ALTER TABLE `account_credential` ENABLE KEYS */;
UNLOCK TABLES;

--
-- Table structure for table `account_device`
--

DROP TABLE IF EXISTS `account_device`;
/*!40101 SET @saved_cs_client     = @@character_set_client */;
/*!40101 SET character_set_client = utf8 */;
CREATE TABLE `account_device` (
  `ID` bigint(20) NOT NULL,
  `CODE` varchar(64) DEFAULT NULL,
  `TYPE` varchar(64) DEFAULT NULL,
  `OS` varchar(100) DEFAULT NULL,
  `CLIENT` varchar(100) DEFAULT NULL,
  `STATUS` varchar(50) DEFAULT NULL,
  `CREATE_TIME` datetime DEFAULT NULL,
  `LAST_LOGIN_TIME` datetime DEFAULT NULL,
  `ATTRIBUTE1` varchar(200) DEFAULT NULL,
  `ACCOUNT_ID` bigint(20) DEFAULT NULL,
  `TENANT_ID` varchar(64) DEFAULT NULL,
  PRIMARY KEY (`ID`),
  KEY `FK_ACCOUNT_DEVICE_ACCOUNT` (`ACCOUNT_ID`),
  CONSTRAINT `FK_ACCOUNT_DEVICE_ACCOUNT` FOREIGN KEY (`ACCOUNT_ID`) REFERENCES `account_info` (`ID`)
) ENGINE=InnoDB DEFAULT CHARSET=utf8;
/*!40101 SET character_set_client = @saved_cs_client */;

--
-- Dumping data for table `account_device`
--

LOCK TABLES `account_device` WRITE;
/*!40000 ALTER TABLE `account_device` DISABLE KEYS */;
INSERT INTO `account_device` VALUES (246665434038272,'f2948cc4-0332-4ff5-8232-7cfb22c39966','COMPUTER','WINDOWS_10','FIREFOX47','new','2016-08-06 17:09:24','2016-08-06 17:09:24',NULL,1,'1'),(247683822272512,'fce9138d-343e-4cd4-82bc-06d92d852352','COMPUTER','WINDOWS_10','FIREFOX47','new','2016-08-07 10:25:22','2016-08-07 11:12:08',NULL,1,'1'),(251790637121536,'73797bbd-3e1d-4957-a6fb-d2f73132d653','COMPUTER','WINDOWS_10','FIREFOX47','new','2016-08-10 08:03:02','2016-08-10 08:03:02',NULL,1,'1'),(253344700121088,'a5fa8b21-d111-498a-a63a-23c535ec8f0a','COMPUTER','WINDOWS_10','FIREFOX47','new','2016-08-11 10:23:54','2016-08-11 17:07:28',NULL,1,'1'),(254787446685696,'b78b698b-99a5-45fd-9112-3cd167f8a214','COMPUTER','WINDOWS_10','FIREFOX47','new','2016-08-12 10:51:32','2016-08-12 14:14:37',NULL,1,'1'),(255011647537152,'9025fc2f-b8c6-4fa3-b04f-f207ea1ae8a3','COMPUTER','WINDOWS_10','FIREFOX47','new','2016-08-12 14:39:36','2016-08-12 22:06:07',NULL,1,'1'),(256176469917696,'c4e86782-d623-4427-a52f-4c8f5122d472','COMPUTER','WINDOWS_10','FIREFOX47','new','2016-08-13 10:24:32','2016-08-13 16:13:21',NULL,1,'1'),(256534167945216,'e6498cbd-5ecb-4440-a6a6-c1aef4cfa10c','COMPUTER','WINDOWS_10','FIREFOX47','new','2016-08-13 16:28:24','2016-08-13 16:37:10',NULL,1,'1'),(256548514185216,'d8af4401-92c2-45b3-8bf9-c99e641b9c05','COMPUTER','WINDOWS_10','FIREFOX47','new','2016-08-13 16:42:59','2016-08-13 16:42:59',NULL,1,'1'),(256577895923712,'adcdf93a-833a-4599-9386-d4e18e3e76e8','COMPUTER','WINDOWS_10','FIREFOX47','new','2016-08-13 17:12:53','2016-08-13 20:40:29',NULL,1,'1'),(256785344708608,'2f7dd1c7-8b87-44f9-90f7-a8c592fb666a','COMPUTER','WINDOWS_10','FIREFOX47','new','2016-08-13 20:43:54','2016-08-13 20:55:07',NULL,1,'1'),(256824484904960,'cb7aef04-2adc-4c3e-bb17-6f13b8e5e595','COMPUTER','WINDOWS_10','FIREFOX47','new','2016-08-13 21:23:43','2016-08-13 21:34:04',NULL,1,'1'),(260360601075712,'5ed33ec8-a88c-42fc-9888-b0335e464de8','COMPUTER','WINDOWS_10','FIREFOX47','new','2016-08-16 09:20:51','2016-08-16 09:20:51',NULL,1,'1'),(260378720763904,'b7718be6-4a33-440d-8e38-399d3e226712','COMPUTER','WINDOWS_10','FIREFOX47','new','2016-08-16 09:39:17','2016-08-16 14:27:38',NULL,1,'1'),(260666838122496,'31e2ed68-26a2-4310-af0b-1e91ce229028','COMPUTER','WINDOWS_10','FIREFOX47','new','2016-08-16 14:32:22','2016-08-16 15:20:08',NULL,1,'1'),(260719511453696,'e36699b9-3f08-4b24-8833-bdc98004d556','COMPUTER','WINDOWS_10','CHROME49','new','2016-08-16 15:25:57','2016-08-16 15:47:12',NULL,1,'1'),(260752080175104,'54dfe5a6-44d8-4ded-a7fe-ba813979b6cd','COMPUTER','WINDOWS_10','FIREFOX47','new','2016-08-16 15:59:05','2016-08-16 15:59:05',NULL,1,'1'),(260759009165312,'d4c0ab33-8d43-4286-93b9-b3b9b2188721','COMPUTER','WINDOWS_10','FIREFOX47','new','2016-08-16 16:06:08','2016-08-16 17:29:03',NULL,1,'1'),(260949063581696,'46b7f225-a947-4575-8e5d-e39a5c0a51f6','COMPUTER','WINDOWS_10','FIREFOX47','new','2016-08-16 19:19:28','2016-08-16 19:43:18',NULL,1,'1'),(261844775403520,'1687d381-0d79-478d-aa04-9c8b8e433e27','COMPUTER','WINDOWS_10','FIREFOX47','new','2016-08-17 10:30:37','2016-08-17 15:54:40',NULL,1,'1'),(263273731375104,'546ffdf0-046a-4164-b0ea-dde492376a6b','COMPUTER','WINDOWS_10','FIREFOX47','new','2016-08-18 10:44:14','2016-08-18 16:34:41',NULL,1,'1'),(264677462671360,'36d3abd3-45a7-4f07-a9d1-ef40f93bbaee','COMPUTER','WINDOWS_10','FIREFOX47','new','2016-08-19 10:32:11','2016-08-19 11:13:01',NULL,1,'1'),(264717920550912,'f7e8e593-a470-4aa4-a399-c561a7d5ff25','COMPUTER','WINDOWS_10','FIREFOX47','new','2016-08-19 11:13:20','2016-08-19 11:34:56',NULL,1,'1'),(264973106315264,'f559e0a1-3c83-412e-87aa-6dba9a90ac26','COMPUTER','WINDOWS_10','FIREFOX47','new','2016-08-19 15:32:56','2016-08-19 15:32:56',NULL,1,'1'),(267683251142656,'1d32ded6-485a-4e75-af21-4cc4976029a8','COMPUTER','WINDOWS_10','FIREFOX47','new','2016-08-21 13:29:50','2016-08-21 16:27:58',NULL,1,'1'),(267879796801536,'904d0172-d1c7-49c7-a31c-0fb9bb5ba1e3','COMPUTER','WINDOWS_10','FIREFOX47','new','2016-08-21 16:49:46','2016-08-21 16:49:46',NULL,247688773386240,'1'),(267889007001600,'b95cc8b6-06c8-4ab6-9d1f-16ea030c9ef6','COMPUTER','WINDOWS_10','FIREFOX47','new','2016-08-21 16:59:08','2016-08-21 20:06:14',NULL,247688773386240,'1'),(268057323487232,'cbd8fe02-28b7-4d6b-926a-97dc9134b8eb','COMPUTER','WINDOWS_10','CHROME49','new','2016-08-21 19:50:21','2016-08-21 19:50:21',NULL,247689000714240,'1'),(268861726654464,'ce6832c9-0659-4dc9-8b90-13d3bde6be68','COMPUTER','WINDOWS_10','FIREFOX47','new','2016-08-22 09:28:38','2016-08-22 09:36:35',NULL,267768847958016,'1'),(268887599775744,'03b2ec22-1583-4a70-aa2e-1781ffd9fcd6','COMPUTER','WINDOWS_10','FIREFOX47','new','2016-08-22 09:54:57','2016-08-22 09:54:57',NULL,247688773386240,'1'),(268904870199296,'c7dc82b0-d6da-44c4-ad6c-70140f536aca','COMPUTER','WINDOWS_10','FIREFOX47','new','2016-08-22 10:12:31','2016-08-22 15:20:28',NULL,247688773386240,'1'),(269426762121216,'53b6b00a-eaac-41f6-b412-78a9473b1bc8','COMPUTER','WINDOWS_10','FIREFOX47','new','2016-08-22 19:03:25','2016-08-22 19:03:25',NULL,1,'1'),(270346417340416,'4e459eda-305c-4347-b686-85e0bf4ea182','COMPUTER','WINDOWS_10','FIREFOX47','new','2016-08-23 10:38:57','2016-08-23 15:40:56',NULL,1,'1'),(270699662557184,'7a0ce19b-c159-4d35-9700-88c365752344','COMPUTER','WINDOWS_10','FIREFOX47','new','2016-08-23 16:38:17','2016-08-23 16:38:17',NULL,1,'1'),(270736039985152,'48965ab3-2b8c-435e-8190-11ee78c6a86f','COMPUTER','WINDOWS_10','FIREFOX47','new','2016-08-23 17:15:17','2016-08-23 17:36:01',NULL,1,'1'),(271693819871232,'d7a39343-1f99-44e1-9d1f-36dc67b7e5a0','COMPUTER','WINDOWS_10','FIREFOX47','new','2016-08-24 09:29:35','2016-08-24 11:46:53',NULL,1,'1'),(276261382209536,'f41c207e-b8db-45d2-80a0-fbba8cf59537','COMPUTER','WINDOWS_10','FIREFOX48','new','2016-08-27 14:55:57','2016-08-27 14:55:57',NULL,1,'1'),(276487995719680,'4d8c5e42-2f91-48e0-b9da-074f64bc679b','COMPUTER','WINDOWS_10','FIREFOX48','new','2016-08-27 18:46:29','2016-08-27 18:46:29',NULL,1,'1'),(277351059980288,'8fe2ced4-a909-4304-87fb-4400bcfef7ea','COMPUTER','WINDOWS_10','FIREFOX48','new','2016-08-28 09:24:26','2016-08-28 18:08:46',NULL,1,'1'),(279033609027584,'c1236089-c854-4168-b2a7-2d693013ca82','COMPUTER','WINDOWS_10','FIREFOX48','new','2016-08-29 13:56:01','2016-08-29 13:56:01',NULL,1,'1'),(280548262445056,'fd86941f-2be1-4918-9761-3ef005a16efc','COMPUTER','MAC_OS_X','FIREFOX48','new','2016-08-30 15:36:48','2016-08-30 15:41:41',NULL,1,'1'),(280559178645504,'9ff2cab0-57ce-49b0-b03d-610c0dc36df0','COMPUTER','MAC_OS_X','FIREFOX48','new','2016-08-30 15:47:54','2016-08-30 15:47:54',NULL,1,'1'),(280559828058112,'069eb32d-53d7-42d0-a71a-d342a163373a','COMPUTER','MAC_OS_X','FIREFOX48','new','2016-08-30 15:48:34','2016-08-30 15:48:34',NULL,1,'1'),(281940201013248,'ebe3a855-8d06-4d09-891b-beebecb5953f','COMPUTER','MAC_OS_X','FIREFOX48','new','2016-08-31 15:12:45','2016-08-31 15:12:45',NULL,1,'1');
/*!40000 ALTER TABLE `account_device` ENABLE KEYS */;
UNLOCK TABLES;

--
-- Table structure for table `account_history_credential`
--

DROP TABLE IF EXISTS `account_history_credential`;
/*!40101 SET @saved_cs_client     = @@character_set_client */;
/*!40101 SET character_set_client = utf8 */;
CREATE TABLE `account_history_credential` (
  `ID` bigint(20) NOT NULL,
  `MODIFY_TIME` datetime DEFAULT NULL,
  `PASSWORD` varchar(100) DEFAULT NULL,
  `CREDENTIAL_ID` bigint(20) DEFAULT NULL,
  `TENANT_ID` varchar(64) DEFAULT NULL,
  PRIMARY KEY (`ID`),
  KEY `FK_ACCOUNT_HISTORY_CREDENTIAL_CREDENTIAL` (`CREDENTIAL_ID`),
  CONSTRAINT `FK_ACCOUNT_HISTORY_CREDENTIAL_CREDENTIAL` FOREIGN KEY (`CREDENTIAL_ID`) REFERENCES `account_credential` (`ID`)
) ENGINE=InnoDB DEFAULT CHARSET=utf8;
/*!40101 SET character_set_client = @saved_cs_client */;

--
-- Dumping data for table `account_history_credential`
--

LOCK TABLES `account_history_credential` WRITE;
/*!40000 ALTER TABLE `account_history_credential` DISABLE KEYS */;
/*!40000 ALTER TABLE `account_history_credential` ENABLE KEYS */;
UNLOCK TABLES;

--
-- Table structure for table `account_info`
--

DROP TABLE IF EXISTS `account_info`;
/*!40101 SET @saved_cs_client     = @@character_set_client */;
/*!40101 SET character_set_client = utf8 */;
CREATE TABLE `account_info` (
  `ID` bigint(20) NOT NULL,
  `CODE` varchar(50) DEFAULT NULL,
  `USERNAME` varchar(50) DEFAULT NULL,
  `TYPE` varchar(50) DEFAULT NULL,
  `DISPLAY_NAME` varchar(200) DEFAULT NULL,
  `STATUS` varchar(50) DEFAULT NULL,
  `PASSWORD_REQUIRED` varchar(50) DEFAULT NULL,
  `LOCKED` varchar(50) DEFAULT NULL,
  `CREATE_TIME` datetime DEFAULT NULL,
  `CLOSE_TIME` datetime DEFAULT NULL,
  `LOGIN_TIME` datetime DEFAULT NULL,
  `NICK_NAME` varchar(200) DEFAULT NULL,
  `DESCRIPTION` varchar(200) DEFAULT NULL,
  `LANGUAGE` varchar(50) DEFAULT NULL,
  `TIMEZONE` varchar(50) DEFAULT NULL,
  `TENANT_ID` varchar(64) DEFAULT NULL,
  PRIMARY KEY (`ID`)
) ENGINE=InnoDB DEFAULT CHARSET=utf8;
/*!40101 SET character_set_client = @saved_cs_client */;

--
-- Dumping data for table `account_info`
--

LOCK TABLES `account_info` WRITE;
/*!40000 ALTER TABLE `account_info` DISABLE KEYS */;
INSERT INTO `account_info` VALUES (1,'1','lingo','employee','临远','active','required','unlocked','2015-02-27 00:00:00',NULL,NULL,'临远',NULL,NULL,NULL,'1'),(2,'2','vivian','employee','薇薇安','active','required','unlocked','2015-02-27 00:00:00',NULL,NULL,'薇薇安',NULL,NULL,NULL,'1'),(4,'4','king','employee','金','active','required','unlocked','2015-02-27 00:00:00',NULL,NULL,'金',NULL,NULL,NULL,'1'),(5,'5','john','employee','约翰','active','required','unlocked','2015-02-27 00:00:00',NULL,NULL,'约翰',NULL,NULL,NULL,'1'),(6,'6','william','employee','威廉','active','required','unlocked','2015-02-27 00:00:00',NULL,NULL,'威廉',NULL,NULL,NULL,'1'),(7,'7','adam','employee','亚当','active','required','unlocked','2015-02-27 00:00:00',NULL,NULL,'亚当',NULL,NULL,NULL,'1'),(8,'8','robot','employee','罗伯特','active','required','unlocked','2015-02-27 00:00:00',NULL,NULL,'罗伯特',NULL,NULL,NULL,'1'),(9,'9','bob','employee','鲍勃','active','required','unlocked','2015-02-27 00:00:00',NULL,NULL,'鲍勃',NULL,NULL,NULL,'1'),(10,'10','alice','employee','爱丽丝','active','required','unlocked','2015-02-27 00:00:00',NULL,NULL,'爱丽丝',NULL,NULL,NULL,'1'),(11,'11','mike','employee','麦克','active','required','unlocked','2015-02-27 00:00:00',NULL,NULL,'麦克',NULL,NULL,NULL,'1'),(12,'12','justin','employee','贾斯汀','active','required','unlocked','2015-02-27 00:00:00',NULL,NULL,'贾斯汀',NULL,NULL,NULL,'1'),(13,'13','tom','employee','汤姆','active','required','unlocked','2015-02-27 00:00:00',NULL,NULL,'汤姆',NULL,NULL,NULL,'1'),(14,'14','james','employee','詹姆斯','active','required','unlocked','2015-02-27 00:00:00',NULL,NULL,'詹姆斯',NULL,NULL,NULL,'1'),(15,'15','joe','employee','乔伊','active','required','unlocked','2015-02-27 00:00:00',NULL,NULL,'乔伊',NULL,NULL,NULL,'1'),(16,'16','paul','employee','保罗','active','required','unlocked','2015-02-27 00:00:00',NULL,NULL,'保罗',NULL,NULL,NULL,'1'),(17,'17','jane','employee','简','active','required','unlocked','2015-02-27 00:00:00',NULL,NULL,'简',NULL,NULL,NULL,'1'),(18,'18','marry','employee','玛丽','active','required','unlocked','2015-02-27 00:00:00',NULL,NULL,'玛丽',NULL,NULL,NULL,'1'),(19,'19','ben','employee','本','active','required','unlocked','2015-02-27 00:00:00',NULL,NULL,'本',NULL,NULL,NULL,'1'),(20,'20','bot','bot','系统机器人','active','required','unlocked','2015-02-27 00:00:00',NULL,NULL,'系统机器人',NULL,NULL,NULL,'1'),(21,'21','jack','employee','杰克','active','required','unlocked','2015-02-27 00:00:00',NULL,NULL,'杰克',NULL,NULL,NULL,'1'),(22,'22','martin','employee','马丁','active','required','unlocked','2015-02-27 00:00:00',NULL,NULL,'马丁',NULL,NULL,NULL,'1'),(23,'23','alex','employee','阿莱克斯','active','required','unlocked','2015-02-27 00:00:00',NULL,NULL,'阿莱克斯',NULL,NULL,NULL,'1'),(24,'24','daniel','employee','丹尼尔','active','required','unlocked','2015-02-27 00:00:00',NULL,NULL,'丹尼尔',NULL,NULL,NULL,'1'),(25,'25','eric','employee','艾瑞克','active','required','unlocked','2015-02-27 00:00:00',NULL,NULL,'艾瑞克',NULL,NULL,NULL,'1'),(26,'26','leon','employee','里昂','active','required','unlocked','2015-02-27 00:00:00',NULL,NULL,'里昂',NULL,NULL,NULL,'1'),(27,'27','clark','employee','克拉克','active','required','unlocked','2015-02-27 00:00:00',NULL,NULL,'克拉克',NULL,NULL,NULL,'1'),(28,'28','david','employee','大卫','active','required','unlocked','2015-02-27 00:00:00',NULL,NULL,'大卫',NULL,NULL,NULL,'1'),(29,'29','henry','employee','亨利','active','required','unlocked','2015-02-27 00:00:00',NULL,NULL,'亨利',NULL,NULL,NULL,'1'),(30,'30','helen','employee','海伦','active','required','unlocked','2015-02-27 00:00:00',NULL,NULL,'海伦',NULL,NULL,NULL,'1'),(31,'31','sarah','employee','莎拉','active','required','unlocked','2015-02-27 00:00:00',NULL,NULL,'莎拉',NULL,NULL,NULL,'1'),(32,'32','sam','employee','萨姆','active','required','unlocked','2015-02-27 00:00:00',NULL,NULL,'萨姆',NULL,NULL,NULL,'1'),(33,'33','claire','employee','克莱尔','active','required','unlocked','2015-02-27 00:00:00',NULL,NULL,'克莱尔',NULL,NULL,NULL,'1'),(34,'34','thomas','employee','托马斯','active','required','unlocked','2015-02-27 00:00:00',NULL,NULL,'托马斯',NULL,NULL,NULL,'1'),(39,'39','hh','hh','hh','active',NULL,NULL,NULL,NULL,NULL,NULL,NULL,NULL,NULL,NULL),(247688773386240,'247688773386240','ww','student','ww','active',NULL,NULL,'2016-08-07 10:30:24',NULL,NULL,NULL,NULL,NULL,NULL,'1'),(247689000714240,'247689000714240','ee','student','ee','active',NULL,NULL,'2016-08-07 10:30:38',NULL,NULL,NULL,NULL,NULL,NULL,'1'),(247689264381952,'247689264381952','rr','student','rr','active',NULL,NULL,'2016-08-07 10:30:54',NULL,NULL,NULL,NULL,NULL,NULL,'1'),(247689637478400,'247689637478400','tt','student','tt','active',NULL,NULL,'2016-08-07 10:31:16',NULL,NULL,NULL,NULL,NULL,NULL,'1'),(267713809711104,'267713809711104','ron','ee','ron','active',NULL,NULL,'2016-08-21 14:00:55',NULL,NULL,NULL,NULL,NULL,NULL,'1'),(267768847958016,'267768847958016','2013034531','student','张三','active','required','unlocked','2016-08-21 14:56:51',NULL,NULL,'张三',NULL,NULL,NULL,'1');
/*!40000 ALTER TABLE `account_info` ENABLE KEYS */;
UNLOCK TABLES;

--
-- Table structure for table `account_lock_info`
--

DROP TABLE IF EXISTS `account_lock_info`;
/*!40101 SET @saved_cs_client     = @@character_set_client */;
/*!40101 SET character_set_client = utf8 */;
CREATE TABLE `account_lock_info` (
  `ID` bigint(20) NOT NULL,
  `TYPE` varchar(200) DEFAULT NULL,
  `USERNAME` varchar(64) DEFAULT NULL,
  `LOCK_TIME` datetime DEFAULT NULL,
  `RELEASE_TIME` datetime DEFAULT NULL,
  `TENANT_ID` varchar(64) DEFAULT NULL,
  PRIMARY KEY (`ID`)
) ENGINE=InnoDB DEFAULT CHARSET=utf8;
/*!40101 SET character_set_client = @saved_cs_client */;

--
-- Dumping data for table `account_lock_info`
--

LOCK TABLES `account_lock_info` WRITE;
/*!40000 ALTER TABLE `account_lock_info` DISABLE KEYS */;
/*!40000 ALTER TABLE `account_lock_info` ENABLE KEYS */;
UNLOCK TABLES;

--
-- Table structure for table `account_lock_log`
--

DROP TABLE IF EXISTS `account_lock_log`;
/*!40101 SET @saved_cs_client     = @@character_set_client */;
/*!40101 SET character_set_client = utf8 */;
CREATE TABLE `account_lock_log` (
  `ID` bigint(20) NOT NULL,
  `TYPE` varchar(200) DEFAULT NULL,
  `USERNAME` varchar(64) DEFAULT NULL,
  `LOCK_TIME` datetime DEFAULT NULL,
  `TENANT_ID` varchar(64) DEFAULT NULL,
  PRIMARY KEY (`ID`)
) ENGINE=InnoDB DEFAULT CHARSET=utf8;
/*!40101 SET character_set_client = @saved_cs_client */;

--
-- Dumping data for table `account_lock_log`
--

LOCK TABLES `account_lock_log` WRITE;
/*!40000 ALTER TABLE `account_lock_log` DISABLE KEYS */;
/*!40000 ALTER TABLE `account_lock_log` ENABLE KEYS */;
UNLOCK TABLES;

--
-- Table structure for table `account_log`
--

DROP TABLE IF EXISTS `account_log`;
/*!40101 SET @saved_cs_client     = @@character_set_client */;
/*!40101 SET character_set_client = utf8 */;
CREATE TABLE `account_log` (
  `ID` bigint(20) NOT NULL,
  `USERNAME` varchar(64) DEFAULT NULL,
  `RESULT` varchar(64) DEFAULT NULL,
  `REASON` varchar(200) DEFAULT NULL,
  `APPLICATION` varchar(200) DEFAULT NULL,
  `LOG_TIME` timestamp NOT NULL DEFAULT CURRENT_TIMESTAMP ON UPDATE CURRENT_TIMESTAMP,
  `CLIENT` varchar(200) DEFAULT NULL,
  `SERVER` varchar(200) DEFAULT NULL,
  `DESCRIPTION` varchar(200) DEFAULT NULL,
  `TENANT_ID` varchar(64) DEFAULT NULL,
  PRIMARY KEY (`ID`)
) ENGINE=InnoDB DEFAULT CHARSET=utf8;
/*!40101 SET character_set_client = @saved_cs_client */;

--
-- Dumping data for table `account_log`
--

LOCK TABLES `account_log` WRITE;
/*!40000 ALTER TABLE `account_log` DISABLE KEYS */;
/*!40000 ALTER TABLE `account_log` ENABLE KEYS */;
UNLOCK TABLES;

--
-- Table structure for table `account_online`
--

DROP TABLE IF EXISTS `account_online`;
/*!40101 SET @saved_cs_client     = @@character_set_client */;
/*!40101 SET character_set_client = utf8 */;
CREATE TABLE `account_online` (
  `ID` bigint(20) NOT NULL,
  `ACCOUNT` varchar(200) DEFAULT NULL,
  `SESSION_ID` varchar(200) DEFAULT NULL,
  `LOGIN_TIME` datetime DEFAULT NULL,
  `TENANT_ID` varchar(64) DEFAULT NULL,
  PRIMARY KEY (`ID`)
) ENGINE=InnoDB DEFAULT CHARSET=utf8;
/*!40101 SET character_set_client = @saved_cs_client */;

--
-- Dumping data for table `account_online`
--

LOCK TABLES `account_online` WRITE;
/*!40000 ALTER TABLE `account_online` DISABLE KEYS */;
INSERT INTO `account_online` VALUES (255029862432768,'lingo','e6824bad-0608-4382-a265-faf471c7aa3a','2016-08-12 14:58:08',''),(260719299051520,'2013034611','9429a1f5-7672-4683-82fe-6ba36288ca45','2016-08-16 15:25:44',''),(260719509569536,'1','9429a1f5-7672-4683-82fe-6ba36288ca45','2016-08-16 15:25:57','1'),(260723641253888,'1','c693f473-0c8d-499b-9851-3f150ee010bf','2016-08-16 15:30:09','1'),(260728177852416,'1','79b3b528-58cf-4a8c-b8cf-517433f52584','2016-08-16 15:34:46','1'),(260740405542912,'1','e8366f93-5bf0-4b76-a1c6-579c008ec85c','2016-08-16 15:47:12','1'),(260752076275712,'1','b23df7dc-80bf-4b02-89ed-7f5259555343','2016-08-16 15:59:04','1'),(260759008182272,'1','303a2c74-ed64-45f9-b893-d0542af2b10c','2016-08-16 16:06:08','1'),(260774041468928,'1','48858ad0-5a9a-4c4b-9fe6-83be435bfc80','2016-08-16 16:21:25','1'),(260787017482240,'1','b24f6295-49ad-488a-bc12-f2b9ef6d4833','2016-08-16 16:34:37','1'),(260795817541632,'1','c9e05bf3-8718-4c80-ab06-e8f51d4a998c','2016-08-16 16:43:34','1'),(260810687250432,'1','8aa35f02-6b18-4ee3-b722-69cb392a852e','2016-08-16 16:58:42','1'),(260815498362880,'1','b55fd573-0071-4e24-ba15-01ad566efc7a','2016-08-16 17:03:35','1'),(260825963888640,'1','4b09cde2-e94f-4673-9df2-eb405ff78af0','2016-08-16 17:14:14','1'),(260840515747840,'1','8aafd20a-76dc-40f7-b8d7-56855d1f9757','2016-08-16 17:29:02','1'),(260949060468736,'1','876bd647-e1e4-44e3-81b8-85f5547fd388','2016-08-16 19:19:27','1'),(260958074257408,'1','849fec95-c9b9-46fd-87c1-97ca9e38128f','2016-08-16 19:28:38','1'),(260972491112448,'1','f3c47eff-ae17-48dc-834f-18200ee92e7c','2016-08-16 19:43:17','1'),(261844774207488,'1','89284861-85f2-4b70-a942-c272f2774dff','2016-08-17 10:30:37','1'),(261904297820160,'1','98584848-6ee9-40a7-add3-3068834e4af0','2016-08-17 11:31:10','1'),(261917128065024,'1','594a7065-01b3-4257-b856-951b113d78cf','2016-08-17 11:44:14','1'),(262066466455552,'1','10f88d41-1df9-42cf-9629-0cc143a912b1','2016-08-17 14:16:08','1'),(262102779985920,'rrr','329a1c08-0cdf-434d-ba65-a5866ca02487','2016-08-17 14:53:05',''),(262129713086464,'1','ab729991-ffca-4596-9aa5-dbcf832d098b','2016-08-17 15:20:29','1'),(262143830327296,'1','9d74f1af-94ce-4268-bf67-60868240d81a','2016-08-17 15:34:50','1'),(262146443182080,'1','aa14ffb0-9251-43ef-9407-38b745c5a069','2016-08-17 15:37:30','1'),(262150259081216,'1','024f0459-75de-4e02-bbd9-9a84b00649e4','2016-08-17 15:41:23','1'),(262158917992448,'1','62797732-1599-4acc-acaa-5b4e843a5c59','2016-08-17 15:50:11','1'),(262163325714432,'1','3fe9518d-ea2a-47a2-8d8e-1bffefba8ec9','2016-08-17 15:54:40','1'),(263273730244608,'1','445f7c16-c2eb-40ff-95b1-167fd182a843','2016-08-18 10:44:14','1'),(263358348345344,'1','cae6adf8-ace5-4e46-98ca-5c88723023f0','2016-08-18 12:10:19','1'),(263473451614208,'1','7469210a-5f99-4d62-900e-2f942cc728a4','2016-08-18 14:07:24','1'),(263483056340992,'2013034531','8b3fa194-8e5f-434b-901e-802002c5f90c','2016-08-18 14:17:10',''),(263483856191488,'2013034531','8b3fa194-8e5f-434b-901e-802002c5f90c','2016-08-18 14:17:59',''),(263484135194624,'1','8b3fa194-8e5f-434b-901e-802002c5f90c','2016-08-18 14:18:16','1'),(263488217972736,'1','abe6ea10-efe5-4016-8675-4055518694cf','2016-08-18 14:22:25','1'),(263546000162816,'1','65bc3108-1b4a-40b5-8bf5-eef9ecc561d1','2016-08-18 15:21:12','1'),(263552553254912,'1','8466e14e-ba3a-4eb1-894b-f89b88768419','2016-08-18 15:27:52','1'),(263618235891712,'1','71632492-216d-4b95-93de-50198aa63d1a','2016-08-18 16:34:41','1'),(264677461622784,'1','2ffa6286-6758-4398-acf8-aebaf4cefb7d','2016-08-19 10:32:11','1'),(264703418974208,'1','423ba3e5-c1f9-4d9b-888c-4386f10a689f','2016-08-19 10:58:35','1'),(264717450084352,'1','b715e1a0-e0e7-4064-92c7-91f6be3c7cf5','2016-08-19 11:12:52','1'),(264717594755072,'1','5eabbf4a-c39c-44e7-bf9e-96b0e3eaef8c','2016-08-19 11:13:00','1'),(264717918748673,'1','40b22972-fae7-4cd7-b94d-7314fe86cd9b','2016-08-19 11:13:20','1'),(264722973491200,'1','e7ef5ca6-0823-4f61-b7b0-bfd34065542b','2016-08-19 11:18:29','1'),(264739140288512,'1','86d4c1d0-5d86-41b4-9d56-4757d846844b','2016-08-19 11:34:56','1'),(264973105594368,'1','08477e76-c48f-46d2-afae-a58ae2f1ecb3','2016-08-19 15:32:56','1'),(267683249750016,'1','87845278-d6dc-4c71-8de6-befc4366f648','2016-08-21 13:29:50','1'),(267714521137152,'1','c315be5d-2f4f-4080-981c-bb37737e4f46','2016-08-21 14:01:38','1'),(267715768483840,'267713809711104','55c39885-d021-4609-b164-c09c096c3063','2016-08-21 14:02:54','1'),(267763256000512,'1','00c560fd-021b-4d2a-8a46-0f12448c4790','2016-08-21 14:51:13','1'),(267773132046336,'1','4dcf4505-91b5-47a8-90d7-44bcc5ccecae','2016-08-21 15:01:16','1'),(267811361603584,'267768847958016','baee3f1b-6158-4215-9e70-97f6d20c7ca1','2016-08-21 15:40:09','1'),(267823120859136,'267768847958016','5b387fcc-63c1-4c72-8756-c4abcf44f0c3','2016-08-21 15:52:07','1'),(267840164413440,'1','93b67d1f-aa2d-4c73-b3cc-5d6d6cf1beaa','2016-08-21 16:09:27','1'),(268072929378304,'247688773386240','bc695449-79cf-447d-ba28-e00572abb747','2016-08-21 20:06:14','1'),(268861725507584,'267768847958016','ce13bf57-28d5-426f-ab18-c4d389f03c5c','2016-08-22 09:28:38','1'),(268869382520832,'1','f053e82d-a1b6-41e8-a952-8a761fe373dd','2016-08-22 09:36:26','1'),(268869531402240,'247688773386240','6595a932-4ccd-4daa-ab72-b344c3950ebe','2016-08-22 09:36:35','1'),(268887598579712,'247688773386240','5968db43-e2a1-45fc-a022-7fadb6c3c8f6','2016-08-22 09:54:57','1'),(268904869167104,'247688773386240','cdfa3066-09d1-4669-94e2-0989daa39658','2016-08-22 10:12:31','1'),(268943965405184,'247688773386240','8e04b6c9-5bc9-48e2-a3e1-aa56633eda13','2016-08-22 10:52:18','1'),(269026884026368,'1','9e497d2d-64f0-4031-a98a-3a751c1c1f2f','2016-08-22 12:16:39','1'),(269146249084928,'1','5d3fec19-4336-41ba-b3f0-dfd801489dbe','2016-08-22 14:18:04','1'),(269146348158976,'lingo','7ccbc06b-9344-4323-8499-5d093e71ac57','2016-08-22 14:18:10',''),(269146393952256,'1','7ccbc06b-9344-4323-8499-5d093e71ac57','2016-08-22 14:18:13','1'),(269202842730496,'1','22ab5d97-2143-4822-b46c-58d81e2ea39e','2016-08-22 15:15:38','1'),(269207583162368,'1','c7311dc6-310d-4eb9-bc6f-63799b123bf0','2016-08-22 15:20:28','1'),(269426759172096,'1','9e7da0dc-3e31-4648-ba1f-56d673ec1971','2016-08-22 19:03:25','1'),(270346416340992,'1','0e67f320-54fd-4b9f-98e6-f005752d0845','2016-08-23 10:38:56','1'),(270379469570048,'1','fa788240-ad1c-4dd1-ad76-f922c8d45e08','2016-08-23 11:12:34','1'),(270381834813440,'lingo','81981cf7-e6a1-46d1-8b90-172f0b523a69','2016-08-23 11:14:58',''),(270381890584576,'1','81981cf7-e6a1-46d1-8b90-172f0b523a69','2016-08-23 11:15:02','1'),(270388951941120,'lingo','84e89537-34a7-4633-893e-35c185b61b6a','2016-08-23 11:22:13',''),(270389010481152,'1','84e89537-34a7-4633-893e-35c185b61b6a','2016-08-23 11:22:16','1'),(270614642114560,'1','0cfb9c92-ebb1-445b-879c-12e20239c6dc','2016-08-23 15:11:48','1'),(270617130123264,'1','b90b6525-052b-4c0c-ae46-a43838b93c96','2016-08-23 15:14:20','1'),(270619752595456,'1','181c3b07-81d3-4b6d-bacf-f9563217c298','2016-08-23 15:17:00','1'),(270622531846144,'1','f52101bd-7404-4f2f-9060-4974472a5baa','2016-08-23 15:19:49','1'),(270623679381504,'1','b2fedfe2-fa72-455b-a2a9-c6462d3f9fe8','2016-08-23 15:20:59','1'),(270631173734400,'lingo','3643de9a-e219-4fb9-9c37-ddef1ef7c3f9','2016-08-23 15:28:37',''),(270631212843008,'1','3643de9a-e219-4fb9-9c37-ddef1ef7c3f9','2016-08-23 15:28:39','1'),(270633033498624,'king','053c7d8c-fed4-4e54-a4ab-cbd5354acf06','2016-08-23 15:30:30',''),(270633501966336,'1','f69eb961-9c99-48e4-9ed6-a0b87479eb06','2016-08-23 15:30:59','1'),(270634604298240,'1','133edbf0-b65b-4773-92bb-c610f99736a7','2016-08-23 15:32:06','1'),(270634826088448,'king','f4e0d4bf-126e-48bc-bcd6-9364b0471779','2016-08-23 15:32:20',''),(270643285262336,'1','7a6e15a4-7e6b-4a83-abfd-9445bfa57b25','2016-08-23 15:40:56','1'),(270699662229504,'1','c866f222-4727-40ad-bd21-19ded82ef0bf','2016-08-23 16:38:17','1'),(270736039755776,'1','e0752200-b5b3-49d4-baa9-d9377f21fe2d','2016-08-23 17:15:17','1'),(270752610123776,'247688773386240','a5c87195-ab84-479e-8f84-6a0f2a04d211','2016-08-23 17:32:09','1'),(270753916698624,'1','ae55aecf-5960-4510-a4a1-74aec8e2452b','2016-08-23 17:33:28','1'),(270755560931328,'1','df58cc62-e0cc-492f-8629-64d0cab1ae49','2016-08-23 17:35:09','1'),(270756041605120,'247688773386240','e87fb478-bcf1-4dfa-b239-64df854d86d1','2016-08-23 17:35:38','1'),(270756412538880,'1','a424216b-1e84-40e4-b96e-7cc19a5aac01','2016-08-23 17:36:01','1'),(271693818806272,'1','adff817e-94f6-48cf-b714-eb5314ec0831','2016-08-24 09:29:35','1'),(271695938781184,'1','914c4675-07dc-47fe-bfa5-948df8bf78aa','2016-08-24 09:31:45','1'),(271696565125120,'1','e0cd3d83-8b05-4df0-9e2e-bf645c53353a','2016-08-24 09:32:23','1'),(271697000071168,'1','181fd7b9-16d9-4a12-abaf-5486358e88d2','2016-08-24 09:32:50','1'),(271757247447041,'247688773386240','e014fbfc-4833-439b-b445-4fb17136e2f7','2016-08-24 10:34:07','1'),(271757717618689,'1','38d1cb81-20bd-42a8-a594-9968513c447c','2016-08-24 10:34:35','1'),(271760058761217,'247688773386240','fbb4f429-d8d2-42a8-9df7-a8883b582b7a','2016-08-24 10:36:58','1'),(271762643386369,'lingo','330cf59c-ff4c-452b-91ac-5954292590b2','2016-08-24 10:39:36',''),(271762688409601,'1','330cf59c-ff4c-452b-91ac-5954292590b2','2016-08-24 10:39:39','1'),(271766974726145,'247688773386240','9897a84d-c153-4311-a17b-6fa51ac10112','2016-08-24 10:44:01','1'),(271772102197248,'1','21721e30-c055-4870-accc-49857826f916','2016-08-24 10:49:13','1'),(271782659440641,'247688773386240','e39f99ef-e7f0-4464-9b91-04b1dc59cd79','2016-08-24 10:59:58','1'),(271784059551745,'1','cfae2714-a619-4903-aad2-f63b27083bf0','2016-08-24 11:01:23','1'),(271799720804352,'247688773386240','7fdc8250-606c-426a-913e-f4912144c6b0','2016-08-24 11:17:19','1'),(271812780933120,'lingo','cdf2ff2f-56ba-479a-bb3f-62a469780ae3','2016-08-24 11:30:36',''),(271812999495680,'1','cdf2ff2f-56ba-479a-bb3f-62a469780ae3','2016-08-24 11:30:50','1'),(271828786348033,'247688773386240','6f24e020-6e56-49e8-86bf-51751933f23c','2016-08-24 11:46:53','1'),(276261381210112,'1','9d45386d-13b8-4309-b68f-b84a44fee0c0','2016-08-27 14:55:57','1'),(276487994769408,'1','67f5ae6e-fa3e-418b-9b23-d8147c48bbec','2016-08-27 18:46:29','1'),(277351058931712,'1','b5e12997-7fc6-4df3-ab20-e24a4ccbbbb5','2016-08-28 09:24:26','1'),(277388893241344,'1','8873b84d-88ba-4c1a-b844-1aed60291dd6','2016-08-28 10:02:55','1'),(277392333553664,'1','50175761-8497-4783-b64f-12e5f5f6312a','2016-08-28 10:06:25','1'),(277395549880320,'1','f02124fb-b9c0-4021-9e87-3d215e805cc9','2016-08-28 10:09:41','1'),(277403224752128,'1','ab951f62-d863-494b-b162-8426767021d8','2016-08-28 10:17:30','1'),(277416536244224,'1','8650f4d6-2bc1-4a09-9348-cb3d14b9f3d0','2016-08-28 10:31:02','1'),(277416821948416,'e','caf9a472-6908-451b-9a9c-52228d27f24b','2016-08-28 10:31:20',''),(277417087041536,'1','cd58b85e-5648-47ba-b57b-3c99aab4d92e','2016-08-28 10:31:36','1'),(277434047725568,'247689000714240','2e80afda-0a67-4518-8a19-559171218c0d','2016-08-28 10:48:51','1'),(277434272464896,'1','380f4c87-c1fc-4ec5-8c6e-9647e44e0f3d','2016-08-28 10:49:05','1'),(277436959752192,'1','0d39bc06-9925-4c03-a48f-39729fe575f8','2016-08-28 10:51:49','1'),(277438800084992,'247689000714240','4c8294bd-1d61-4568-b697-36cb6629277c','2016-08-28 10:53:41','1'),(277438988353536,'lingo','0abfe49b-7e38-42ad-8605-b11a81384a36','2016-08-28 10:53:53',''),(277439026708480,'1','0abfe49b-7e38-42ad-8605-b11a81384a36','2016-08-28 10:53:55','1'),(277439419957248,'lingo','4bd4361d-bc25-4f8c-a822-654a6ffffc72','2016-08-28 10:54:19',''),(277439454265344,'1','4bd4361d-bc25-4f8c-a822-654a6ffffc72','2016-08-28 10:54:21','1'),(277588373225472,'1','fc4000e1-43f8-4f35-8379-a4a3d1acbdd1','2016-08-28 13:25:50','1'),(277590456287232,'4','1c67a0d0-e1a5-4eb7-b81c-412a5fe9d859','2016-08-28 13:27:58','1'),(277594290700288,'1','fa4b91f2-09f2-496c-89b5-dbaae1b5406a','2016-08-28 13:31:52','1'),(277599933628416,'247689000714240','7108850c-94ed-49b2-8f18-9579629a4ac8','2016-08-28 13:37:36','1'),(277601817919488,'1','0ead1154-7116-44f0-9862-cfcc677f5ee8','2016-08-28 13:39:31','1'),(277706575642624,'1','43bbd8c7-fd38-4531-8a1e-5e6518ffbc27','2016-08-28 15:26:05','1'),(277836503973888,'1','c205dcca-94ac-47c2-8e08-8a4d485c2e1c','2016-08-28 17:38:15','1'),(277849324994560,'1','b820aa8d-cbec-49ce-a4f2-2f63fb47e75a','2016-08-28 17:51:18','1'),(277866134454272,'1','1341a10a-4135-42ac-be36-34f11f3cb6b9','2016-08-28 18:08:24','1'),(277866494476288,'1','f20e23d7-5fe2-4f2c-9377-2d8d25286cb1','2016-08-28 18:08:46','1'),(279033607733248,'1','f1847935-0ec8-4ef1-ad20-fb0170d34f61','2016-08-29 13:56:01','1'),(280548261249024,'1','ea0c9dc1-4214-4ef8-96c5-00f16ab2b07f','2016-08-30 15:36:48','1'),(280553063612416,'1','69f48573-4ca9-4cbe-bfea-f4061974e526','2016-08-30 15:41:41','1'),(280559177793536,'1','6b6a41e8-32d7-4c47-9d73-0cf4113101c2','2016-08-30 15:47:54','1'),(280559827845120,'1','0cd1de0f-a052-4e58-a9cb-eefe8c2699ba','2016-08-30 15:48:34','1'),(281940199931904,'1','3df68b30-ec3a-4daf-830d-be9d71c32046','2016-08-31 15:12:45','1');
/*!40000 ALTER TABLE `account_online` ENABLE KEYS */;
UNLOCK TABLES;

--
-- Table structure for table `act_evt_log`
--

DROP TABLE IF EXISTS `act_evt_log`;
/*!40101 SET @saved_cs_client     = @@character_set_client */;
/*!40101 SET character_set_client = utf8 */;
CREATE TABLE `act_evt_log` (
  `LOG_NR_` bigint(20) NOT NULL AUTO_INCREMENT,
  `TYPE_` varchar(64) COLLATE utf8_bin DEFAULT NULL,
  `PROC_DEF_ID_` varchar(64) COLLATE utf8_bin DEFAULT NULL,
  `PROC_INST_ID_` varchar(64) COLLATE utf8_bin DEFAULT NULL,
  `EXECUTION_ID_` varchar(64) COLLATE utf8_bin DEFAULT NULL,
  `TASK_ID_` varchar(64) COLLATE utf8_bin DEFAULT NULL,
  `TIME_STAMP_` timestamp(3) NOT NULL DEFAULT CURRENT_TIMESTAMP(3) ON UPDATE CURRENT_TIMESTAMP(3),
  `USER_ID_` varchar(255) COLLATE utf8_bin DEFAULT NULL,
  `DATA_` longblob,
  `LOCK_OWNER_` varchar(255) COLLATE utf8_bin DEFAULT NULL,
  `LOCK_TIME_` timestamp(3) NULL DEFAULT NULL,
  `IS_PROCESSED_` tinyint(4) DEFAULT '0',
  PRIMARY KEY (`LOG_NR_`)
) ENGINE=InnoDB DEFAULT CHARSET=utf8 COLLATE=utf8_bin;
/*!40101 SET character_set_client = @saved_cs_client */;

--
-- Dumping data for table `act_evt_log`
--

LOCK TABLES `act_evt_log` WRITE;
/*!40000 ALTER TABLE `act_evt_log` DISABLE KEYS */;
/*!40000 ALTER TABLE `act_evt_log` ENABLE KEYS */;
UNLOCK TABLES;

--
-- Table structure for table `act_ge_bytearray`
--

DROP TABLE IF EXISTS `act_ge_bytearray`;
/*!40101 SET @saved_cs_client     = @@character_set_client */;
/*!40101 SET character_set_client = utf8 */;
CREATE TABLE `act_ge_bytearray` (
  `ID_` varchar(64) COLLATE utf8_bin NOT NULL DEFAULT '',
  `REV_` int(11) DEFAULT NULL,
  `NAME_` varchar(255) COLLATE utf8_bin DEFAULT NULL,
  `DEPLOYMENT_ID_` varchar(64) COLLATE utf8_bin DEFAULT NULL,
  `BYTES_` longblob,
  `GENERATED_` tinyint(4) DEFAULT NULL,
  PRIMARY KEY (`ID_`),
  KEY `ACT_FK_BYTEARR_DEPL` (`DEPLOYMENT_ID_`),
  CONSTRAINT `ACT_FK_BYTEARR_DEPL` FOREIGN KEY (`DEPLOYMENT_ID_`) REFERENCES `act_re_deployment` (`ID_`)
) ENGINE=InnoDB DEFAULT CHARSET=utf8 COLLATE=utf8_bin;
/*!40101 SET character_set_client = @saved_cs_client */;

--
-- Dumping data for table `act_ge_bytearray`
--

LOCK TABLES `act_ge_bytearray` WRITE;
/*!40000 ALTER TABLE `act_ge_bytearray` DISABLE KEYS */;
INSERT INTO `act_ge_bytearray` VALUES ('10',1,'D:\\OpenSource\\LemonOA\\lemon-master\\webapp\\WEB-INF\\classes\\bpmn2\\vacation.bpmn20.xml','9','<definitions\r\n  xmlns=\'http://www.omg.org/spec/BPMN/20100524/MODEL\'\r\n  xmlns:xsi=\'http://www.w3.org/2001/XMLSchema-instance\'\r\n  xmlns:activiti=\'http://activiti.org/bpmn\'\r\n  xmlns:bpmndi=\'http://www.omg.org/spec/BPMN/20100524/DI\'\r\n  xmlns:omgdc=\'http://www.omg.org/spec/DD/20100524/DC\'\r\n  xmlns:omgdi=\'http://www.omg.org/spec/DD/20100524/DI\'\r\n  typeLanguage=\'http://www.w3.org/2001/XMLSchema\'\r\n  expressionLanguage=\'http://www.w3.org/1999/XPath\'\r\n  targetNamespace=\'http://www.mossle.com\'>\r\n<process id=\'vacation\' name=\'请假流程\' isExecutable=\'true\'>\r\n  <documentation>请假流程</documentation>\r\n  <startEvent id=\'vacation_1\' name=\'填写请假单\'/>\r\n  <sequenceFlow id=\'transition-1\' sourceRef=\'vacation_1\' targetRef=\'taskuser-1\'/>\r\n  <userTask id=\'taskuser-1\' name=\'填写请假单\' activiti:formKey=\'vacation-request\'>\r\n    <humanPerformer>\r\n      <resourceAssignmentExpression>\r\n        <formalExpression>常用语:流程发起人</formalExpression>\r\n      </resourceAssignmentExpression>\r\n    </humanPerformer>\r\n  </userTask>\r\n  <sequenceFlow id=\'transition-2\' sourceRef=\'taskuser-1\' targetRef=\'taskuser-2\'/>\r\n  <userTask id=\'taskuser-2\' name=\'部门领导审批\' activiti:formKey=\'vacation-department\'>\r\n    <humanPerformer>\r\n      <resourceAssignmentExpression>\r\n        <formalExpression>常用语:直接上级</formalExpression>\r\n      </resourceAssignmentExpression>\r\n    </humanPerformer>\r\n  </userTask>\r\n  <sequenceFlow id=\'transition-3\' sourceRef=\'taskuser-2\' targetRef=\'exclusive-1\'/>\r\n  <exclusiveGateway id=\'exclusive-1\' name=\'exclusive-1\'/>\r\n  <sequenceFlow id=\'transition-4\' name=\"同意\" sourceRef=\'exclusive-1\' targetRef=\'taskuser-3\'>\r\n    <conditionExpression xsi:type=\'tFormalExpression\'>${leaderComment==&apos;同意&apos;}</conditionExpression>\r\n  </sequenceFlow>\r\n  <sequenceFlow id=\'transition-9\' name=\"不同意\" sourceRef=\'exclusive-1\' targetRef=\'taskuser-5\'>\r\n    <conditionExpression xsi:type=\'tFormalExpression\'>${leaderComment==&apos;不同意&apos;}</conditionExpression>\r\n  </sequenceFlow>\r\n  <userTask id=\'taskuser-3\' name=\'人事审批\' activiti:formKey=\'vacation-hr\'>\r\n    <humanPerformer>\r\n      <resourceAssignmentExpression>\r\n        <formalExpression>7</formalExpression>\r\n      </resourceAssignmentExpression>\r\n    </humanPerformer>\r\n  </userTask>\r\n  <sequenceFlow id=\'transition-8\' sourceRef=\'taskuser-3\' targetRef=\'exclusive-2\'/>\r\n  <exclusiveGateway id=\'exclusive-2\' name=\'exclusive-2\'/>\r\n  <sequenceFlow id=\'transition-10\' name=\"不同意\" sourceRef=\'exclusive-2\' targetRef=\'taskuser-5\'>\r\n    <conditionExpression xsi:type=\'tFormalExpression\'>${hrComment==&apos;不同意&apos;}</conditionExpression>\r\n  </sequenceFlow>\r\n  <sequenceFlow id=\'transition-13\' name=\"同意\" sourceRef=\'exclusive-2\' targetRef=\'taskuser-6\'>\r\n    <conditionExpression xsi:type=\'tFormalExpression\'>${hrComment==&apos;同意&apos;}</conditionExpression>\r\n  </sequenceFlow>\r\n  <userTask id=\'taskuser-5\' name=\'调整申请\' activiti:formKey=\'vacation-modify\'>\r\n    <humanPerformer>\r\n      <resourceAssignmentExpression>\r\n        <formalExpression>常用语:流程发起人</formalExpression>\r\n      </resourceAssignmentExpression>\r\n    </humanPerformer>\r\n  </userTask>\r\n  <sequenceFlow id=\'transition-11\' sourceRef=\'taskuser-5\' targetRef=\'exclusive-3\'/>\r\n  <exclusiveGateway id=\'exclusive-3\' name=\'exclusive-3\'/>\r\n  <sequenceFlow id=\'transition-12\' name=\"重新申请\" sourceRef=\'exclusive-3\' targetRef=\'taskuser-2\'>\r\n    <conditionExpression xsi:type=\'tFormalExpression\'>${initiatorComment==&apos;重新申请&apos;}</conditionExpression>\r\n  </sequenceFlow>\r\n  <sequenceFlow id=\'transition-15\' name=\"撤销申请\" sourceRef=\'exclusive-3\' targetRef=\'endnone-2\'>\r\n    <conditionExpression xsi:type=\'tFormalExpression\'>${initiatorComment==&apos;撤销申请&apos;}</conditionExpression>\r\n  </sequenceFlow>\r\n  <userTask id=\'taskuser-6\' name=\'销假\' activiti:formKey=\'vacation-finish\'>\r\n    <humanPerformer>\r\n      <resourceAssignmentExpression>\r\n        <formalExpression>常用语:流程发起人</formalExpression>\r\n      </resourceAssignmentExpression>\r\n    </humanPerformer>\r\n  </userTask>\r\n  <sequenceFlow id=\'transition-14\' sourceRef=\'taskuser-6\' targetRef=\'endnone-2\'/>\r\n  <endEvent id=\'endnone-2\' name=\'结束\'/>\r\n</process>\r\n<bpmndi:BPMNDiagram id=\'BPMNDiagram_vacation\'>\r\n  <bpmndi:BPMNPlane bpmnElement=\'vacation\' id=\'BPMNPlane_vacation\'>\r\n    <bpmndi:BPMNShape bpmnElement=\'vacation_1\' id=\'BPMNShape_vacation_1\'>\r\n      <omgdc:Bounds height=\'35\' width=\'35\' x=\'29\' y=\'208\'/>\r\n    </bpmndi:BPMNShape>\r\n    <bpmndi:BPMNShape bpmnElement=\'taskuser-1\' id=\'BPMNShape_taskuser-1\'>\r\n      <omgdc:Bounds height=\'80\' width=\'120\' x=\'109\' y=\'185\'/>\r\n    </bpmndi:BPMNShape>\r\n    <bpmndi:BPMNShape bpmnElement=\'taskuser-2\' id=\'BPMNShape_taskuser-2\'>\r\n      <omgdc:Bounds height=\'80\' width=\'120\' x=\'279\' y=\'185\'/>\r\n    </bpmndi:BPMNShape>\r\n    <bpmndi:BPMNShape bpmnElement=\'exclusive-1\' id=\'BPMNShape_exclusive-1\'>\r\n      <omgdc:Bounds height=\'40\' width=\'40\' x=\'445\' y=\'205\'/>\r\n    </bpmndi:BPMNShape>\r\n    <bpmndi:BPMNShape bpmnElement=\'taskuser-3\' id=\'BPMNShape_taskuser-3\'>\r\n      <omgdc:Bounds height=\'80\' width=\'120\' x=\'531\' y=\'185\'/>\r\n    </bpmndi:BPMNShape>\r\n    <bpmndi:BPMNShape bpmnElement=\'exclusive-2\' id=\'BPMNShape_exclusive-2\'>\r\n      <omgdc:Bounds height=\'40\' width=\'40\' x=\'681\' y=\'205\'/>\r\n    </bpmndi:BPMNShape>\r\n    <bpmndi:BPMNShape bpmnElement=\'taskuser-5\' id=\'BPMNShape_taskuser-5\'>\r\n      <omgdc:Bounds height=\'80\' width=\'120\' x=\'531\' y=\'80\'/>\r\n    </bpmndi:BPMNShape>\r\n    <bpmndi:BPMNShape bpmnElement=\'exclusive-3\' id=\'BPMNShape_exclusive-3\'>\r\n      <omgdc:Bounds height=\'40\' width=\'40\' x=\'571\' y=\'12\'/>\r\n    </bpmndi:BPMNShape>\r\n    <bpmndi:BPMNShape bpmnElement=\'taskuser-6\' id=\'BPMNShape_taskuser-6\'>\r\n      <omgdc:Bounds height=\'80\' width=\'120\' x=\'764\' y=\'185\'/>\r\n    </bpmndi:BPMNShape>\r\n    <bpmndi:BPMNShape bpmnElement=\'endnone-2\' id=\'BPMNShape_endnone-2\'>\r\n      <omgdc:Bounds height=\'40\' width=\'40\' x=\'926\' y=\'205\'/>\r\n    </bpmndi:BPMNShape>\r\n    <bpmndi:BPMNEdge bpmnElement=\'transition-1\' id=\'BPMNShape_transition-1\'>\r\n      <omgdi:waypoint x=\'69\' y=\'227\'/>\r\n      <omgdi:waypoint x=\'109\' y=\'226\'/>\r\n    </bpmndi:BPMNEdge>\r\n    <bpmndi:BPMNEdge bpmnElement=\'transition-2\' id=\'BPMNShape_transition-2\'>\r\n      <omgdi:waypoint x=\'229\' y=\'225\'/>\r\n      <omgdi:waypoint x=\'279\' y=\'225\'/>\r\n    </bpmndi:BPMNEdge>\r\n    <bpmndi:BPMNEdge bpmnElement=\'transition-3\' id=\'BPMNShape_transition-3\'>\r\n      <omgdi:waypoint x=\'399\' y=\'225\'/>\r\n      <omgdi:waypoint x=\'445\' y=\'225\'/>\r\n    </bpmndi:BPMNEdge>\r\n    <bpmndi:BPMNEdge bpmnElement=\'transition-4\' id=\'BPMNShape_transition-4\'>\r\n      <omgdi:waypoint x=\'485\' y=\'225\'/>\r\n      <omgdi:waypoint x=\'531\' y=\'225\'/>\r\n	  <bpmndi:BPMNLabel>\r\n        <omgdc:Bounds height=\"11\" width=\"100\" x=\"505\" y=\"225\"></omgdc:Bounds>\r\n      </bpmndi:BPMNLabel>\r\n    </bpmndi:BPMNEdge>\r\n    <bpmndi:BPMNEdge bpmnElement=\'transition-9\' id=\'BPMNShape_transition-9\'>\r\n      <omgdi:waypoint x=\'464\' y=\'205\'/>\r\n      <omgdi:waypoint x=\'464\' y=\'120\'/>\r\n      <omgdi:waypoint x=\'531\' y=\'120\'/>\r\n	  <bpmndi:BPMNLabel>\r\n        <omgdc:Bounds height=\"11\" width=\"100\" x=\"464\" y=\"120\"></omgdc:Bounds>\r\n      </bpmndi:BPMNLabel>\r\n    </bpmndi:BPMNEdge>\r\n    <bpmndi:BPMNEdge bpmnElement=\'transition-8\' id=\'BPMNShape_transition-8\'>\r\n      <omgdi:waypoint x=\'651\' y=\'225\'/>\r\n      <omgdi:waypoint x=\'681\' y=\'225\'/>\r\n    </bpmndi:BPMNEdge>\r\n    <bpmndi:BPMNEdge bpmnElement=\'transition-10\' id=\'BPMNShape_transition-10\'>\r\n      <omgdi:waypoint x=\'700\' y=\'205\'/>\r\n      <omgdi:waypoint x=\'700\' y=\'120\'/>\r\n      <omgdi:waypoint x=\'651\' y=\'120\'/>\r\n	  <bpmndi:BPMNLabel>\r\n        <omgdc:Bounds height=\"11\" width=\"100\" x=\"700\" y=\"120\"></omgdc:Bounds>\r\n      </bpmndi:BPMNLabel>\r\n    </bpmndi:BPMNEdge>\r\n    <bpmndi:BPMNEdge bpmnElement=\'transition-13\' id=\'BPMNShape_transition-13\'>\r\n      <omgdi:waypoint x=\'721\' y=\'225\'/>\r\n      <omgdi:waypoint x=\'764\' y=\'225\'/>\r\n	  <bpmndi:BPMNLabel>\r\n        <omgdc:Bounds height=\"11\" width=\"100\" x=\"740\" y=\"225\"></omgdc:Bounds>\r\n      </bpmndi:BPMNLabel>\r\n    </bpmndi:BPMNEdge>\r\n    <bpmndi:BPMNEdge bpmnElement=\'transition-11\' id=\'BPMNShape_transition-11\'>\r\n      <omgdi:waypoint x=\'591\' y=\'80\'/>\r\n      <omgdi:waypoint x=\'591\' y=\'52\'/>\r\n    </bpmndi:BPMNEdge>\r\n    <bpmndi:BPMNEdge bpmnElement=\'transition-12\' id=\'BPMNShape_transition-12\'>\r\n      <omgdi:waypoint x=\'571\' y=\'32\'/>\r\n      <omgdi:waypoint x=\'338\' y=\'32\'/>\r\n      <omgdi:waypoint x=\'338\' y=\'185\'/>\r\n	  <bpmndi:BPMNLabel>\r\n        <omgdc:Bounds height=\"11\" width=\"100\" x=\"338\" y=\"32\"></omgdc:Bounds>\r\n      </bpmndi:BPMNLabel>\r\n    </bpmndi:BPMNEdge>\r\n    <bpmndi:BPMNEdge bpmnElement=\'transition-15\' id=\'BPMNShape_transition-15\'>\r\n      <omgdi:waypoint x=\'611\' y=\'32\'/>\r\n      <omgdi:waypoint x=\'945\' y=\'32\'/>\r\n      <omgdi:waypoint x=\'945\' y=\'205\'/>\r\n	  <bpmndi:BPMNLabel>\r\n        <omgdc:Bounds height=\"11\" width=\"100\" x=\"945\" y=\"32\"></omgdc:Bounds>\r\n      </bpmndi:BPMNLabel>\r\n    </bpmndi:BPMNEdge>\r\n    <bpmndi:BPMNEdge bpmnElement=\'transition-14\' id=\'BPMNShape_transition-14\'>\r\n      <omgdi:waypoint x=\'884\' y=\'225\'/>\r\n      <omgdi:waypoint x=\'926\' y=\'225\'/>\r\n    </bpmndi:BPMNEdge>\r\n  </bpmndi:BPMNPlane>\r\n</bpmndi:BPMNDiagram>\r\n</definitions>',0),('11',1,'D:\\OpenSource\\LemonOA\\lemon-master\\webapp\\WEB-INF\\classes\\bpmn2\\vacation.vacation.png','9','PNG\r\n\Z\n\0\0\0\rIHDR\0\0\\0\0\0\0\0\M\\\0\0=VIDATx\\\r|T\նeW׺\Z[\u[ۺVW]RW+V\\":\b\n&Af\"\R+$\RZVJfFV|ReQ$R\EAsn扗\L\$7\|\\d\\$99\9ܒ\0\0\0\0\0\0\0\0\0\0\0\0\0\0\0\0\0\0\0\0\0\0\0\0\0\0\0\0\0\0\0\0\0\0\0\0\0\0\0\0\0\0\0\0\0\0\0\0\0\0\0\0\0\0\0\0\0\0\0\0\0\0\0\0\0\0\0\0\0\0\0\0\0\0\0\0\0\0\0\0\0\0\0\0\0\0\0}q\0\0\0\0\0\0@\\0\0\0\0\0\0\0\ĶMK>\%\0\0\0\0\0\0\0\ų\:݊\0\0\0\0\0\0\,z\0\0\0\0\0\0\ԅH6\&\Z\0\0\0\0\0\0^<w%\0\0\0\0\0崒\F=\0\0\0\0\0\0`\\|n\"\Z\0\0\0\0\0\0\}y\0\0\0\0\0\0\r\\\0\0\0\0\0\0Ͻ5h\0\0\0\0\0\0(8R7\0;\\\lH\0\0\0\0\0@\||쮈\9D4\0\0\0\0\0\0xV\'Egc\\&\Z\0\0\0\0\0\0%M\';\鎿-\\0\0\0\0\0\0k\,Dq:\]*\\r\0\0\0\0\0\0yOwElW\":[%D\0\0\0\0\0⹻\5Lų5\\0\0\0\0\0\0P0\3r\9׿\0\0\0\0\0\0\\u\7\E<h\D\0\0\0@qPVV\a\&:-\P\i۩#\/\'_υið\u\0\0T@R9qĘƖ\i119\\5%&7\N\\\E\6\\\\\Ϧkm\Hz\o\kM\r\r\r\\\0t\vWt6ݝDgh\0k/j\ZlF\\\\SO\6\Oܵ6_Q\\\gڍ\r\rݳ\0\0 $Q$\M\\\T\5ů6?\c5q\jc֤b\\)\Na\Į\\\\\\\\Le\\\Cgg	\Jf\rtOD4k\0z^{}5\):\V/\G0i\Hh߮\"vZ\(\\\\1\\0\0rK\;&jMmNLkL\n\HxM\ZN\\\\0N޶\j9Yk2WK}nD|\\\\%6TE9gh\\o[Uۅ;\.\\0\09\^\}m_|6\\ZY\(\~MՔ(7k\\\\Gs:\\\0\0rK\F\"\%\m#\\Gb\9ysRmc|@WK\\5\ƚ)\k\"W>W!\})fTvF\	\	hg\.{1#\\r\rg	\Jvu\\cJ4\0@׎#F|VF7|\э\R,\\61\n\d]9uZ:\iݨ\0\0 $j13Z\d\w\\3#\^(\HqY*/uZ߫A \Hm\;ޤ\G7=I\㕬HKW#]\h3i\0\0\^y晟g	\ڶ\Z)V?\d\\Dq2=\lJ\\O\\\\z)\\0\0rO\D\"{\Tl:L\SD,]:k~\u蠶\HBO9\v1,\"9u=uqI\S\\6L#\\\يh\\0\09RQ9l7ZI\nܻ\\;\rss\|sl\3͠h.w\n\\0\0	\<\;$dJ\f\ncۦ\O\D\\\\i\5͉\+\\ۿ#0\f\V|\\\FN\\LN=$<\\R~k\0z\\a\K\6a\\ȱ?kwA	5\\\\R\\\\\\\\0\0r\.\&IlJvr\.#͉I5&ԑhMk^!Ս-\-:ۜb\̅啟ܥ3kV?\u$<\\d\0VD7\\\.>ǭ\0\0z\\\u0\.(-\'\yf\05/\KK\\1\uT`swk/\0\0ȑ\\\w\\\\\8\\5\\u\lkrt\rs\$.ºfz˱\\Ӎ3\;\}Ŵ16\-RsVR?\\0 \r\/d\]ܪ\IZC\\5}l\0\Zi-\V+\ GT\\\\\ݭ\0\0 G\\ZUU/\0((+馇\0@/PVV֭\0\0\\$%=\0@D\0\0^\0\0\-\6l(rvʹm\0F\\0\0v&͑H\\0<Pp\":\d6\0b\0\I|\\	\"\i\L\\0j\k<\0`g+|	O\0>Fl\\\\0J\\\?\0\0F\\0ɠ8\\g\0Pk/f\0X\7O\0,F\r\0\?\0\0,N⯋\'\0JD#\0b\0\I\\!xhD4\3\0@\^oD\"x\0\$$C@\|e<x%ܪ\n\0?k/f\0X\_F_\\0E\\\r8pw\0\ox}$\n\0\03$~\0(l\9^\}\.#\\0\0W{*\0\03,\x\C*\0\0[\\9\0\0[q]w$\0]cFf1\0\\u<\0`gQ\	yAlFY\r\0\/9\s\0\0\'U\~O\0lw}6&?\0Y>\0`qAx`ct\9iK\0@|\0\\Oȿ\'\0\n23>\Z\0\r3\\\0\0lE\h(<PEڼ\\3;r\0뺫#\7\0sb\'\0&\=\0\0Яy\s\0\0\'g\\w\0\Z\0\0\+\\˿\'\0\0\,D~,\0@@\0@(yx\^\\0\0v&F\'\0\\0\0\\0\\RI\\\	\04\0\0\\h<\0`g_\"x\0\r\0\0\a\08D<\0P0\\0\0X\\'\0\\0\0Jf\0\0S랂\'\0\\0\0J^&v\0\03\'JKK\'\0\\0\0J\\'\	\0\0;xLx\0\r\0\0\a6p\0\JKKO\\0h\0\0%/\$<\0`g\8?\0h\0\0%+\0xF\\0h\0\0%+\0\Iq\g\	\04\0\0b\0IQ\0\Z\0\0B\\l\\n\0`q\8\`<\0Pp\\	\0\0;\bg\	\04\0\0t]t<\0`!\<$I|b\\_{˖-8y,(hS]\cKKhѢw\*h\\0;\0\0X\;O@\y\\\\͛?+kmm.\\\h\\0g\\\\0\0\8\o%\'Xёg\s\,X\0L@s\0\0[I\<ŊN\Fl\I+<\\\0\$~\R<ŊEhf\4\0ȷڋ;\0\0؊\_K/\\\\\[\k\g{[M\kT4\0@;\0\0X\\\	@@gm[7z~_\\q\!T\\0\0Y\^s\Gx\0B\\׽[x9\0tf۰\\\\!T\\0\0\h\\0`q#V\'\0\^J,\h\0,j\\'\0\0\L\w;O\0:ZАQ@\{U4\0@\\\1\Q\0`i-V\'\0F@\0=\B\0n}\xЙMw\\$=*\Z\0 \\>1O\0\0X\8{\0tf[dFF\!T\\0\0݅[\0XLYY\/\.\\l[6V=9\myM\C\"\0(\08s뺗\	@@wn랙\A@\kT4\0@6pQ\0\0)++%IR<\N\\myM\C\"\0~%\"O\0\0X癒ī \۶W4g\\\\1U4\0@w\.\	\0\0)++k$>\nO\0\[k\\Q<\cXF\\0\0ݨ\=O\0\0ؙ\\.\\3\h\0\"\\q\\\0\0v&\\k ?\:w6\ZpE@\0d\v\0IF:<\O\\\\r\0	\qnu]\"<\0`gA\x\\Z\0\)++\\x\0\$sx\\Z\0\q\f\u/\0\0v&IO\0\ZC@\0=eee7\\0\0\"\:\ 14\0@\#u\L\0TD<h\r\0J\5C\\x\0BD<_\8Εx\\Z\0I\\x\0B\\ʮ\\\\0\0\^b\	\0\0q]j\qO\0\ZC@\0=RwMO\0\0XHYY\$<h\r\0J\uX\0\03\\4n<h\r\0\8s뺗\	\0\0;Ub 14\0@(\\\\\	\0\0;OĦ\	@@ch\0\q{\0\03O$~\04\0\{\\ʮ\'\0\0\L\\5\	@@ch\0Pj;O\0\0X\8\$O\PhH^ v\Z\E!{\\0Q@O\%tx\0Nq\\'\0OM\\\T\,6Ol\"\0B\&\&x\0BDX<*Ditq	\T\lk6x\0BDPԊ\'ttPH#C@\,*\\0\S\$<\0`gLO@\\*t\\t#\h\0\\ih<\0`!\ф\'\j\\\Yp뿥\ZO\0\0\)~,6O\y\\\e\\\ڦ\\\5\3W7\k\\4|\91)>\lSb|\\\\"r)^8pw=._tkk&o\ܹ\\\r\!ީ\\r6̷~\?s\\_\L\Cy|p\_|Eo͚5iߝwޙSKKKOs\FZ\nPd}U\0\0J\'\1bĈ\64$v7]>#v\鎯mU\NKK!ޔ(\\;\g\b?1]~;Ά|~駽:\۾}/TU\\csssx5\{\\;\\\g>묳\\\\0\k3\8\\\o+إKv\7\b1/\Z\x\oכ;H\\b\t\+@\^WJ.O\0\0X$K$ߌ\'N@o\c)3\ysܟ\\\\4\X}\r)\u\\jO\6!(\0B\KI\6\T:g\Qo\Ż\k\\FОp\	޼yﾻ\\\{\*u;^\K,i׿!(Q-JH/D@|Y\5Q\x\0N!5B\<Qt\\\ʽ>-\\Z\\\c\Z\?L=^t&;\S#X\\\Z.oN\c\g\8\s\=}l\\7\\.Xu:(\(ڻ7yd_@\\Ud\n裏>:\t\"hm^۰a\s\m-\|&\t\\\k\+@1!}\\=\\	\0\0~$[D\	\w\\\n+\\tO)u7\h\0;\>\\,j;&\\(N\r5\\\L&E\]Ji,\\h3m[F#̩\<_n?ڬy䑾\׷l\\VZZvTی2w6k\k+W0`w\3b_ŵ-#\ī\nP \R{O\0\0\Y] v;(\k3s\my\@>Ԭ\Q\\H]#Y\Ȏ\K1~N\N	~9^\\\x^|\\%\\\*Vu]Mv\\w\cC>\)ِܺLM?\;\r4\n\0<NDT<\0`g?_x8Z l~֩RX\ҙ\\>\Q\-\'\H_x7\Ol኏ih\\\gh\͍F7|Ìt\LE=gzժU޻\\>}ی(\\F@\ȯ\n\x衇z\\\sW\\Z\nN\#\:ڭ\.\\V\\#W\0Ȍ\]Ku\0\03N<Q\\\9\$\@\5\	\'ݱM\L1|slW\?EE\5\~廀V\|\Go\Z\hDl\o\9[\G]m6K~#SGo\\\>\ߺ#\\+\0d\1ӿ\0\0vfbsDѝbd~\b\\\U;6\mmF7-:@[\s\(\\\:ԿZS|֥淪\wSQGqޓO>\a\rt3+V\ \߭#\\Y\4\n\0\G\s\ix\0\$^!ٯD\	\\\\-m\\YƟ|\\\Y\\>\*\'M\\\L\6B\\\C]:\O\\	~VK6]omn\\_&^ =\"k\'\0\0\,̢b\;\\ľ\'\twv\.M:\"Gn\\0\0\"	LD\	\?˹:(&^\n\Z%q݌\'\0\0\,\Dѝ\^h4\n\0!\n\L<\0`!#\\'N@(\_\ZM@\ץ׳\0x>WoD\	\\\'\h\\0B.O\0\0X$R=\'N@s<F@\0zLO\0\0X\C0{O]\\ZM@\\Eӷ\	\0\0;\\Ewޟ\X<F@\0zL_(v\0\0\uK\nGD\u\K\\'\h\\0\E\|\\0\0vfg=\'\D<F@\0zLW\\\0\0\8Ι\\Ņ\\Nh4\n\0\^\$\\\0\0vfD@?\'\\\N\h4\n\0\\"uW\<\0`!\@\D\u\OJA~:@@#W\0\\n\0&I|(:\>h4\n\0\tT\<\0`gO<Qt\Q\@O \\+\0+HLߋ\'\0\0,O~X\\'\h\\0BiG\><\0`!$D\u\\'\h\\0BJ%\\\0\0RZZ=E\n(:=W\<<F@\0zLq\'\0\0,D\I\㉢\\\)dx&^ \\\\\q~\'\0\0\,\Cl	(~\\'\h\\0B\sti\0\0\uO$G<QtJ<F@\0z\5\q\0\qb\Dѝ\bUx&^ >[w\\\0\0\8αğ\E\y\&v!@@#W\0\uK\G\0\1b\Dѝ[\F\	4x\c,G\08s$gD\u޳\\_\'\h\\0\%\ZPb1<\0`g?Jx\tQx&^ \\\\\$q\0\0)ʾ#I|(\{\Z<QR\k\E@\$^ FgHL\\\0\0R^^-I\+D\	\_\y\'JJ-Z\\͛h7nOK\+\0\YL^VV$\0\03S*<Qt\}\\DII<\SO=׷\~o\\yV\\Ҳ^\<\\0\\\\$\	\0\0D\"ߐ$\ZON\n	x\rY,X\\\Y\z\R!g\ \S\\\bx\0\$~$Dѝk O\0\0.ߗ\	\0\0\p\/㉢+ȯs\xx\c\\0\0FY+x\b\\r<@@~Obz!\0\00\?㉢;\W\P<@@H<$\b<\0`!H\PI\ቢ+\\'\\Dxxp)--=Qj?\	\0\0Uux\\nqzk<@@H< \\0D\"H_\' #/\0\n\0\R{-\\0\0R^^eI\D\u\5RO\\0\+\0\]ǉ-\\0\0DHO]A>J\{3\0 ^ >Vbi<\0`!IO]\}Yxxpx>Fl9\0\0\u$	O]\=B\<@@8s\x\0B*++Q\x\\n\n\\0\+\0\&\0\0\u$ފ\'\'\0W\0\q#1O\0\0XH${I\[D\\bs\0\n\0\\\%\'\0\0\(\^󺰹x\\AT\<@@8s\cx\0\\\ҕ\Ď\n w\\\\0\+\0^}Sbz\0\0\8\n-I\x(\y\4\0 ^ |\W\\0]\XZF\CE\\{O\0\0.\!1\0\0 [F@\\3Es\{O\0\0.\.12\0\0\u}),G\0\n\0\FYb<\0`_Q8 \\!y\	<@@8u\?\	\0\0@<RT\rΟ\\0\+\0K4\Z\x\0B\$OD\\\y\	\0\\0\E\b\\0D\"\ED# ?E:\\0\n\0\F_<\\\_{˖-8y,,oѢE\U\N\4\M;-$]\'藈w\ň\px>X\uz`\\0/^\m޼\\\\Vo\\JB<v\N(\O\J\;N1\Z.\\\_\@\B\06~`h\4F.\+\\;Jb\h\#\$N!aI\I;\hV\ߕ\z%\x\'^Q\r$ߤn\H=\)F; ?\q\镈w\x%F1b4\\\\\=P&z`\\$\_\^[>\[\ro\\_#ѐi\4w\\˿%Jz%\x\'^Q\r\\\6=0Zܶu\ޟ\kɆ$H;\hD\\jz%\x\'^Q\r}zЭ\kIp\\G:$@coG!	\N1\i\H^x\'މWb#F\eذa z`\$R\gG!	\N1\i\a\yW\"މw\ň\\c\%\C%U\Z2&A}dCbӜ;\C~^x\'މWb#Fåj_\q\IC@\Ni\_|=N\(F-ļ.l9=28	\ΉG!	\N1\i\\0\ߠW\"މw\ň\>\ǈ\\L@;3z\.1	\{$ \\\\I:\蕈w\x%F1b4D\'z\wG\'-Wz\q\n\lHSvsA~t؛镈w\x%F1b4Q\\u\!ƐST[̜IP_#ѐi\W\nrv\0%މw\ň\pEt\\}ܓ\xkxS\)8G!	\N1\i\>\i^x\'މWb#FC\\\g\\$m\F\%\ױ\{z	$H;\\s*ȿ 6z%\x\'^Q\r\1?{km\{aO2&@cz\E \\qAt\W\"މw\ň\Pσ腡GI+\\Q$	\N1\i䟓\Cz%\x\'^Q\r\G\>azs尳+$ \κ \M:\蕈w\x%F1b\(//\\X\qn\)\b\XrZ\CoǛ\\׭\\陡\$\\h\Cbt\Y3H;o}_\"މw\ň\\C\"G\\*:sZSA-\(W۷\"HSv\g&UlZq0qA\(F\Frÿ\e+3\6WUU틊PHSvڿŸ)\uDE4N\(F¨s\\T\\YY\M2\\\~\^\ۼy\Gy[z7|\\O#[Ū\"\\Z\Z9s浓\'O~zGyyy3F\W\\kY1k֬[ꪯ1 \Tw:\9F\(Fvn\SE\1c\\aǎ\\ŋq\ƥҳv4zʔ)gL4\OD8WV\\\\Ö-[5k\Wn\OAA>3Pwe#	i\_\E\m\/5\;N1\\"ȗ\\\]\0jl\2o\ѩ\"Lþ:q\\]t\\'s\\rW,Y\]u\UTWWo\\&	b$A\)F;\bb(Gw\x%F1b\\v\\\\۽\D]wݕ*\u\\\0ۡt,_\c\ȑ+\H$A\)F;\rӲ\x\#މWb+>99mF\\]?\/X\'Lpˏ㏞}\^u\\y3g\\QUU^\ 	b$A\)F;\A1>\V\Px\'^Q\@pͳg:;\\\k\Q>\\}Ž\qEEŻ0TO$	\N1\i^\y\#މWb+>Yw\N\\\t#\\/\EVN\֑\φ~\m&	i\\\jxǈw\Ŭ\u\tVU\?\"-kr\a\yŊ9\{\y3\Z>b\$A \R\t΂&މw\ň\\ b!\voo\\b\"\nN0\\0,ljjj\tgI#	\N1t\\\\'6<\r+荊w\x%F1b+\\\\_\=#Z\I6hí\>\z\\m;[6n\Q4\ZK\;$H\hQշy\\\\>W\"x\'މWb#FB0`3fL\\9WƏo\(I\Y\_j\ב1 \C@9<YT{Y\b\ذƒx\'މWb#F1ʈ\x<\\w@@\[\544\[QQɖ-[\Y7n\,\'\BISvګd*\ם\鎿-\ƒx\'މWb#F;ˢ>Rb\Y\\رc\.FG\o\\\\\\a^z\\r\"Oʣ2ISvڳv\I1>(\";]Q\\b<(Dc\\\+1Vܝv(\tSLS\BO\\y\\\̛7ߝ5}%4;p/r\'	\)EqWEy\x\\E\(VX}rwڡ~9.t`\q*/;\֕+W-[Bȷ$\'\]\!	i\g\2i\\j:*&^Qtg\P^[n\_zu^	\W^y%8|^\\\\;6o\\\\ڴi\[z\\<N\Ws$HbӞ\\\/\P\\Xh\\\nK@wh:z>\ [n\rݭyY\Ŷ\:*\\\A$	\N1\i\\e/ +\s)ƳJc+Wb+,lbEjBcy[磳l1`amvJ;j\n\i9vcI3r\\Fc\;Jb\\'\#y/\\\r\q[nw\\\\o\\\ɓ;}v3\8\6l\.\{s\\\7ǿ\ޚ5k\\;\3\߳d\\\\?w~\\.]ꕖ?\\^>j\*;\|\\׿vS=bЇ\h\?_\m\\s\\kk׮\:\,\؃>\\/\wk{4mŴ+5ӆ\g~i\s\i?&\qn\cƎ\?3\}݌@w\.K\\7\\w_F\\4\\\\TmO\5s\Ɩ\7\'I7|\X\\˯\ʼ헺\'4/tx\\?<\%~x\\5\X\^=K\\hw\,/\X2j\\\jDF&\vKFw\e/k[[[\\5ЩI^c\䥛[\;\3\Ł&z\.UAr衇?\3ik̘1^S\\Ev\wx<7\\\xn}|\Wǹs\z۶mk_9^\\\{\o?u[\Ӆ\R/\\\NT;I\\SN$\q\\{\=M^\	\~\>\{&\c߫O8\\0\\SOM\\Sd}\Ay\'|\\M\{j\\\\ڟ\E(\\t\\2Pn\5=)\|MemcvZ\]D\M\.k\u\EW\"\\]\b\\\\ռG5\W\74\\XU\\\q\(/\\h6ZO?tm\{\~=gG~\ih\r,\wa\.܋\0\\\\I%AFxΜ9\;\c}1*4VXK\ڲex\QG\Rlh\\U^-\G\抡\\h~\\\\ǛBEWUU\\ߩE@\\N4\E\\'h?:\ׂ\O>d\\K\\Ϋ\\WPHkAd\P\~O\ş`ќ:C\ĉ\\Z\'\{\\\036L\\\\\\bН\F2\&ݮ\\\\[\o\ǆϤ)\\\c\M#`:Yë\{uWM}\?N\=_ʶ\\\\\8ּ9 U@ku\Gt>[\74cj|\t\5>\7=)vCCC\/^x\s1\{z\nN5\"\b]sD\\\\}\Q?ϣ+yP!?P8\گ\{\\\\[i3߱a\ׂ\U\g;\\׷\'E-t4[N<Dv\m7:>\BHF\jf\\E }-\ߖ*\\.\.\K.\M;hm3\^r\!~n^\`i<\`\\psnYA\ց\_\\:ڥbE:ݭv\Ñ\\\}g3qLIHiJРHN6\\Zt\\Hn\/Ǟ{t\\\~;f}\8-\u\G\L\m\<\\k/Ū\\\U\\\¹11\\\^\\N\Zh\G\U\ZZc\'5\"\bZ5%)/3g\0eʔ~w֨QVXF>L\6Wݻ#u$و\\5\*6􊠹?0c_.\ZA\\\7߼\(~6~bk~CIFӭF@\_;\\d=Gy\\\\_\LMiǪ\kq9\\\vK	L;\#E:\\"U@\\\\4.\j=\Gmh\HwSn\yv5](uU(7\ROj\E16)\\HNm=3q\w>ڜ4fF\\6h=\'\gm.;RK\z5U@\\{\k_Ū\Zds<8\L]\ZQkS35\"OEyF\\nU7nܗ\n~fq\{\"@V\u\'\\t% 	I~Β\PS\#\<X01]8\T;E\fʥNL\l\jzZW69x5\h\g\Zx[r\x=Gpя~\~.\|$Jj/\5\9id\xE}\\M\]\k\\W\z)ȏ\i\\)\}h]sz\\_\\g\\'t6\<׾A\l(ڗ\\{\k_ƪ\\\\478&M\a\\\i\;\"ȗt.^\ ;v\***>1\y\\\\\7g͘1\\qnEdg\꟎U\"#Mݔ%u=\s\=\t\t\\\_3\Q.j\ǌ5\fZxIr\'\Tf3\Y`SJ*5Kϳ\M\J\\:\"\NK:Y\\\\\\rP\ǃ߃\iYlN\^}c\\òA\u\4\V;\\\\m\\1\r\r9V\g\\\\r3\U3=~\nh3};8\\\з\Ht\\\{\o{@de\n\9M\lkDth\KP\\y!U\\gÄ	ܱc\~\ۘK\0\\\uJl\mb\ \.\]\\̮\\\7K7.9\M_\~3$h_;5kbw\\\V@\j]TL\;ik\ˌTU	\\Ś`q\\\mlRR\\{\\n\jz\n\`<(Mqݝb\魪2O	\V\L|!\{\\r)ͱz\\mclz\h\\\\U\D\%))4iv6\"[-85\6\o\{\k_\j!\­1l.`k̦\\Z\\'z\ƍ\}\W|]Nޤb(l&ORԌ0\J+:\L\)}Ni\ayhm\\\\l\|yO.IЮvj6\2;6\3ڙN+Iɤ\ݵ\\:\\\%f\4l*u\'y5]\\ͅ`;\=<\\s\\\\2#lfJ\v\+\C.9\"\nR?\l{LMS|J\k -5͉\~~|okvb\\JG)>\\YSqZ\!5\\\\\\B:e-کצ-x/x\\X-$]X\l\\,\\\`Ԉ\\G\:\V=W|G\\a\\"\މ#F\_C\x\\ֺg+ǅ&.sstɭ+`DIEEE\=\w\|\6Б\L(\+::h\n#̚tK#	V;M*܄$y/\\\(\z/h\\\[;_[\~d!f\\x\<iQ\#e\]\v\.\ẳ\ܒ4\\\\\\2\\[\\x0F{j\\\lDY\"QZZ\k5\"ov#Gk@gA\\\|\?&\q>}\0rKS%N#	b$A\)F;\r(\\\xǈw\Ŭ\uS\\#\\gϞ\/Zg\"\skUUվ\\/\\_7gΜ}\͛7$yӊ\$A 5F;\r\\oӶw\x%FQ{F+\\\D_UY\\\+++<\\\sR<_G\HSvڃ:\~\0xǊ<މWbR\\Q\u\>\n\\\\]QQ;\\\\ku\v!<ISv\/d;(m\\;Jb\hOIN\~!(z$Z?E<`\\\L#\\"v\ݹׯ_A\ݶu\0\\<ISvjMQ~\6!\\\x\'^Q\\\0\u\Ժ&zǎaXʚgu\"\+ wg鷯\^}լF7mڴy\̙\u\YsͻmISvWJۃ:y\\3N\(F\\"E=;N\)\uuu\\nJ<\7\.m#Fxy\ԩK\sSl\8f\\ӗ\Z5j\\\z=$A$H;\h!lݴm\x\'^Q\\rtSi\pN޸q\x<t[\T_q\\\_l\nH\O$w\Rw\@A7I#	\N1\iEyQg\x\'^Q\\rsoHޔ)Sy\yWֻ+y[ oݺ\{\W\{SN***>I#[\mH\ZV\\x\'މWb#F{ՁS\q=m:\Z\@$	\N1\ik(\"UN\(F(=!S\lֻ0\~X@\\\\fM\\+1}\#U\'\<9ۈe\ݤ\y/, 	bhv\n\;F1\0$A\F1\0$A$H;\\;1\n@\HS\\Zwx\'F1b$i\wx\'F1b$i\wxb\0 Iv\Nxǈw F1b$!1\)\\(F14F;%xb#FHIvJ;%\xb#FHIv\YN1\0$A$H;\謁xǈwb#FHIv\Nxǈwb%FH$ \\@\(\0I$H;\h@c\;1\n+XdQ]\N\)F;\#ށňQ^`ѢEom޼Qq\\$	D;\h@c\;1\n\\\=\S}\F\(\0[ZZ֋G;\h@c\;1\n\KH^`r\0\M\\K\0iS_w F1b\0\0\0\0\0\0\0\0\0\0\0\0\0\0\0\0\0\0\0\0\0\0\0\0\0\0\0\0\0\0\0\0\0\0\0\0\0\0\0\0\0\0\0\0\0\0\0\0\0\0\0\0\0\0\0\0\0\0\0\0\0\0\0\0\0\0\0\0\\;>\0\0\0\0IENDB`',1),('15029',1,'hist.var-countersignUsers',NULL,'\\0sr\0java.util.ArrayListx\\a\0I\0sizexp\0\0\0w\0\0\0t\0247689637478400x',NULL),('15048',7,'source',NULL,'{\"resourceId\":\"15047\",\"properties\":{\"process_id\":\"vacation-student\",\"name\":\"学生请假流程\",\"documentation\":\"\",\"process_author\":\"\",\"process_version\":\"\",\"process_namespace\":\"http://www.activiti.org/processdef\",\"executionlisteners\":\"\",\"eventlisteners\":\"\",\"signaldefinitions\":\"\",\"messagedefinitions\":\"\",\"conditionsequenceflow\":\"${totalDays}==\'大于三天\'\"},\"stencil\":{\"id\":\"BPMNDiagram\"},\"childShapes\":[{\"resourceId\":\"sid-4CAE5CD3-1F38-40AF-833F-337531C9AA04\",\"properties\":{\"overrideid\":\"\",\"name\":\"\",\"documentation\":\"\",\"executionlisteners\":\"\",\"initiator\":\"\",\"formkeydefinition\":\"\",\"formproperties\":\"\"},\"stencil\":{\"id\":\"StartNoneEvent\"},\"childShapes\":[],\"outgoing\":[{\"resourceId\":\"sid-7ED9884A-39A2-4D1C-9C62-DA613AA5D0AC\"}],\"bounds\":{\"lowerRight\":{\"x\":60,\"y\":325},\"upperLeft\":{\"x\":30,\"y\":295}},\"dockers\":[]},{\"resourceId\":\"sid-92464D4A-380E-4D73-875E-E77E82399CEC\",\"properties\":{\"overrideid\":\"\",\"name\":\"填写请假单\",\"documentation\":\"\",\"asynchronousdefinition\":\"false\",\"exclusivedefinition\":\"false\",\"executionlisteners\":\"\",\"multiinstance_type\":\"None\",\"multiinstance_cardinality\":\"\",\"multiinstance_collection\":\"\",\"multiinstance_variable\":\"\",\"multiinstance_condition\":\"\",\"isforcompensation\":\"false\",\"usertaskassignment\":{\"assignment\":{\"assignee\":\"常用语:流程发起人\"}},\"formkeydefinition\":\"\",\"duedatedefinition\":\"\",\"prioritydefinition\":\"\",\"formproperties\":\"\",\"tasklisteners\":\"\"},\"stencil\":{\"id\":\"UserTask\"},\"childShapes\":[],\"outgoing\":[{\"resourceId\":\"sid-F7CA57B3-3251-4F32-9BB6-A3CCA9EAEBE8\"}],\"bounds\":{\"lowerRight\":{\"x\":205,\"y\":350},\"upperLeft\":{\"x\":105,\"y\":270}},\"dockers\":[]},{\"resourceId\":\"sid-7ED9884A-39A2-4D1C-9C62-DA613AA5D0AC\",\"properties\":{\"overrideid\":\"\",\"name\":\"\",\"documentation\":\"\",\"conditionsequenceflow\":\"\",\"executionlisteners\":\"\",\"defaultflow\":\"false\"},\"stencil\":{\"id\":\"SequenceFlow\"},\"childShapes\":[],\"outgoing\":[{\"resourceId\":\"sid-92464D4A-380E-4D73-875E-E77E82399CEC\"}],\"bounds\":{\"lowerRight\":{\"x\":104.15625,\"y\":310},\"upperLeft\":{\"x\":60.609375,\"y\":310}},\"dockers\":[{\"x\":15,\"y\":15},{\"x\":50,\"y\":40}],\"target\":{\"resourceId\":\"sid-92464D4A-380E-4D73-875E-E77E82399CEC\"}},{\"resourceId\":\"sid-2A5BFF60-DE0C-4DB9-954A-BA57F5611EE5\",\"properties\":{\"overrideid\":\"\",\"name\":\"辅导员审批\",\"documentation\":\"\",\"asynchronousdefinition\":\"false\",\"exclusivedefinition\":\"false\",\"executionlisteners\":\"\",\"multiinstance_type\":\"None\",\"multiinstance_cardinality\":\"\",\"multiinstance_collection\":\"\",\"multiinstance_variable\":\"\",\"multiinstance_condition\":\"\",\"isforcompensation\":\"false\",\"usertaskassignment\":{\"assignment\":{\"assignee\":\"常用语:直接上级\"}},\"formkeydefinition\":\"\",\"duedatedefinition\":\"\",\"prioritydefinition\":\"\",\"formproperties\":\"\",\"tasklisteners\":\"\"},\"stencil\":{\"id\":\"UserTask\"},\"childShapes\":[],\"outgoing\":[{\"resourceId\":\"sid-F118A20C-A055-45C1-BB61-4EDCD47960EF\"}],\"bounds\":{\"lowerRight\":{\"x\":355,\"y\":350},\"upperLeft\":{\"x\":255,\"y\":270}},\"dockers\":[]},{\"resourceId\":\"sid-F7CA57B3-3251-4F32-9BB6-A3CCA9EAEBE8\",\"properties\":{\"overrideid\":\"\",\"name\":\"\",\"documentation\":\"\",\"conditionsequenceflow\":\"\",\"executionlisteners\":\"\",\"defaultflow\":\"false\"},\"stencil\":{\"id\":\"SequenceFlow\"},\"childShapes\":[],\"outgoing\":[{\"resourceId\":\"sid-2A5BFF60-DE0C-4DB9-954A-BA57F5611EE5\"}],\"bounds\":{\"lowerRight\":{\"x\":254.78125,\"y\":310},\"upperLeft\":{\"x\":205.21875,\"y\":310}},\"dockers\":[{\"x\":50,\"y\":40},{\"x\":50,\"y\":40}],\"target\":{\"resourceId\":\"sid-2A5BFF60-DE0C-4DB9-954A-BA57F5611EE5\"}},{\"resourceId\":\"sid-F9CD4D4E-CC32-483C-A056-3BEB1F240A04\",\"properties\":{\"overrideid\":\"\",\"name\":\"\",\"documentation\":\"\",\"sequencefloworder\":\"\"},\"stencil\":{\"id\":\"ExclusiveGateway\"},\"childShapes\":[],\"outgoing\":[{\"resourceId\":\"sid-E65132CA-E43C-45B1-A3CD-68D6893C6BE3\"},{\"resourceId\":\"sid-42DB22EB-E24B-47E4-9CE4-49AD267BDE77\"}],\"bounds\":{\"lowerRight\":{\"x\":670,\"y\":330},\"upperLeft\":{\"x\":630,\"y\":290}},\"dockers\":[]},{\"resourceId\":\"sid-19ABB7E8-A781-4964-83DE-CBD2598A1C66\",\"properties\":{\"overrideid\":\"\",\"name\":\"院系领导审批\",\"documentation\":\"\",\"asynchronousdefinition\":\"false\",\"exclusivedefinition\":\"false\",\"executionlisteners\":\"\",\"multiinstance_type\":\"None\",\"multiinstance_cardinality\":\"\",\"multiinstance_collection\":\"\",\"multiinstance_variable\":\"\",\"multiinstance_condition\":\"\",\"isforcompensation\":\"false\",\"usertaskassignment\":{\"assignment\":{\"assignee\":\"岗位:书记\"}},\"formkeydefinition\":\"\",\"duedatedefinition\":\"\",\"prioritydefinition\":\"\",\"formproperties\":\"\",\"tasklisteners\":\"\"},\"stencil\":{\"id\":\"UserTask\"},\"childShapes\":[],\"outgoing\":[{\"resourceId\":\"sid-B8177C51-129D-41C9-8C81-662566DE5F8C\"}],\"bounds\":{\"lowerRight\":{\"x\":820,\"y\":350},\"upperLeft\":{\"x\":720,\"y\":270}},\"dockers\":[]},{\"resourceId\":\"sid-5732769D-2626-4CE0-98E5-40B1E96645C9\",\"properties\":{\"overrideid\":\"\",\"name\":\"销假\",\"documentation\":\"\",\"asynchronousdefinition\":\"false\",\"exclusivedefinition\":\"false\",\"executionlisteners\":\"\",\"multiinstance_type\":\"None\",\"multiinstance_cardinality\":\"\",\"multiinstance_collection\":\"\",\"multiinstance_variable\":\"\",\"multiinstance_condition\":\"\",\"isforcompensation\":\"false\",\"usertaskassignment\":{\"assignment\":{\"assignee\":\"常用语:流程发起人\"}},\"formkeydefinition\":\"\",\"duedatedefinition\":\"\",\"prioritydefinition\":\"\",\"formproperties\":\"\",\"tasklisteners\":\"\"},\"stencil\":{\"id\":\"UserTask\"},\"childShapes\":[],\"outgoing\":[{\"resourceId\":\"sid-2DB5C664-03AB-430D-B175-80AAA711D14C\"}],\"bounds\":{\"lowerRight\":{\"x\":1030,\"y\":350},\"upperLeft\":{\"x\":930,\"y\":270}},\"dockers\":[]},{\"resourceId\":\"sid-23B845EA-CBD0-4089-91D8-5A593FD8D038\",\"properties\":{\"overrideid\":\"\",\"name\":\"\",\"documentation\":\"\",\"executionlisteners\":\"\"},\"stencil\":{\"id\":\"EndNoneEvent\"},\"childShapes\":[],\"outgoing\":[],\"bounds\":{\"lowerRight\":{\"x\":1123,\"y\":324},\"upperLeft\":{\"x\":1095,\"y\":296}},\"dockers\":[]},{\"resourceId\":\"sid-2DB5C664-03AB-430D-B175-80AAA711D14C\",\"properties\":{\"overrideid\":\"\",\"name\":\"\",\"documentation\":\"\",\"conditionsequenceflow\":\"\",\"executionlisteners\":\"\",\"defaultflow\":\"false\"},\"stencil\":{\"id\":\"SequenceFlow\"},\"childShapes\":[],\"outgoing\":[{\"resourceId\":\"sid-23B845EA-CBD0-4089-91D8-5A593FD8D038\"}],\"bounds\":{\"lowerRight\":{\"x\":1094.8984375,\"y\":310},\"upperLeft\":{\"x\":1030.3828125,\"y\":310}},\"dockers\":[{\"x\":50,\"y\":40},{\"x\":14,\"y\":14}],\"target\":{\"resourceId\":\"sid-23B845EA-CBD0-4089-91D8-5A593FD8D038\"}},{\"resourceId\":\"sid-B488C7ED-61FC-4E3A-AAEF-AFAA5B4971C7\",\"properties\":{\"overrideid\":\"\",\"name\":\"\",\"documentation\":\"\",\"sequencefloworder\":\"\"},\"stencil\":{\"id\":\"ExclusiveGateway\"},\"childShapes\":[],\"outgoing\":[{\"resourceId\":\"sid-313F050C-11CF-4E23-A92B-5FCA58D2B2CF\"},{\"resourceId\":\"sid-9AA5012C-364A-4AB7-B01F-290F43FEEAD8\"}],\"bounds\":{\"lowerRight\":{\"x\":895,\"y\":330},\"upperLeft\":{\"x\":855,\"y\":290}},\"dockers\":[]},{\"resourceId\":\"sid-828C823A-98DD-4590-A7B3-4BFEC1CA6898\",\"properties\":{\"overrideid\":\"\",\"name\":\"\",\"documentation\":\"\",\"sequencefloworder\":\"\"},\"stencil\":{\"id\":\"ExclusiveGateway\"},\"childShapes\":[],\"outgoing\":[{\"resourceId\":\"sid-C3AC032E-7815-4B5B-8ED3-6C2584194A79\"},{\"resourceId\":\"sid-D7847956-F11B-4CDB-AB1E-F76514746007\"}],\"bounds\":{\"lowerRight\":{\"x\":440,\"y\":330},\"upperLeft\":{\"x\":400,\"y\":290}},\"dockers\":[]},{\"resourceId\":\"sid-F118A20C-A055-45C1-BB61-4EDCD47960EF\",\"properties\":{\"overrideid\":\"\",\"name\":\"\",\"documentation\":\"\",\"conditionsequenceflow\":\"\",\"executionlisteners\":\"\",\"defaultflow\":\"false\"},\"stencil\":{\"id\":\"SequenceFlow\"},\"childShapes\":[],\"outgoing\":[{\"resourceId\":\"sid-828C823A-98DD-4590-A7B3-4BFEC1CA6898\"}],\"bounds\":{\"lowerRight\":{\"x\":399.64844687000755,\"y\":310.4097335362338},\"upperLeft\":{\"x\":355.62889687999245,\"y\":310.2191727137662}},\"dockers\":[{\"x\":50,\"y\":40},{\"x\":20.5,\"y\":20.5}],\"target\":{\"resourceId\":\"sid-828C823A-98DD-4590-A7B3-4BFEC1CA6898\"}},{\"resourceId\":\"sid-0582E0A9-D35A-4DD6-B6A2-742D5FB7D17B\",\"properties\":{\"overrideid\":\"\",\"name\":\"\",\"documentation\":\"\",\"sequencefloworder\":\"\"},\"stencil\":{\"id\":\"ExclusiveGateway\"},\"childShapes\":[],\"outgoing\":[{\"resourceId\":\"sid-62FE7A3C-C072-4D89-A3CA-0E1FF979D7AF\"},{\"resourceId\":\"sid-534C09CC-528F-4038-9CF9-6E4B748C1255\"}],\"bounds\":{\"lowerRight\":{\"x\":440,\"y\":55},\"upperLeft\":{\"x\":400,\"y\":15}},\"dockers\":[]},{\"resourceId\":\"sid-9D95D662-1BB9-4571-AEE9-D7A12E9F85FF\",\"properties\":{\"overrideid\":\"\",\"name\":\"调整申请\",\"documentation\":\"\",\"asynchronousdefinition\":\"false\",\"exclusivedefinition\":\"false\",\"executionlisteners\":\"\",\"multiinstance_type\":\"None\",\"multiinstance_cardinality\":\"\",\"multiinstance_collection\":\"\",\"multiinstance_variable\":\"\",\"multiinstance_condition\":\"\",\"isforcompensation\":\"false\",\"usertaskassignment\":{\"assignment\":{\"assignee\":\"常用语:流程发起人\"}},\"formkeydefinition\":\"\",\"duedatedefinition\":\"\",\"prioritydefinition\":\"\",\"formproperties\":\"\",\"tasklisteners\":\"\"},\"stencil\":{\"id\":\"UserTask\"},\"childShapes\":[],\"outgoing\":[{\"resourceId\":\"sid-1B8EB751-F882-45BA-BBFA-F0EA5B43EF9E\"}],\"bounds\":{\"lowerRight\":{\"x\":470,\"y\":200},\"upperLeft\":{\"x\":370,\"y\":120}},\"dockers\":[]},{\"resourceId\":\"sid-1B8EB751-F882-45BA-BBFA-F0EA5B43EF9E\",\"properties\":{\"overrideid\":\"\",\"name\":\"\",\"documentation\":\"\",\"conditionsequenceflow\":\"\",\"executionlisteners\":\"\",\"defaultflow\":\"false\",\"showdiamondmarker\":false},\"stencil\":{\"id\":\"SequenceFlow\"},\"childShapes\":[],\"outgoing\":[{\"resourceId\":\"sid-0582E0A9-D35A-4DD6-B6A2-742D5FB7D17B\"}],\"bounds\":{\"lowerRight\":{\"x\":420.4217652181297,\"y\":119.12110181428851},\"upperLeft\":{\"x\":420.1641722818703,\"y\":54.98046068571149}},\"dockers\":[{\"x\":50,\"y\":40},{\"x\":20.5,\"y\":20.5}],\"target\":{\"resourceId\":\"sid-0582E0A9-D35A-4DD6-B6A2-742D5FB7D17B\"}},{\"resourceId\":\"sid-B8177C51-129D-41C9-8C81-662566DE5F8C\",\"properties\":{\"overrideid\":\"\",\"name\":\"\",\"documentation\":\"\",\"conditionsequenceflow\":\"\",\"executionlisteners\":\"\",\"defaultflow\":\"false\"},\"stencil\":{\"id\":\"SequenceFlow\"},\"childShapes\":[],\"outgoing\":[{\"resourceId\":\"sid-B488C7ED-61FC-4E3A-AAEF-AFAA5B4971C7\"}],\"bounds\":{\"lowerRight\":{\"x\":854.718761230466,\"y\":310.40151071673205},\"upperLeft\":{\"x\":820.453113769534,\"y\":310.23911428326795}},\"dockers\":[{\"x\":50,\"y\":40},{\"x\":20.5,\"y\":20.5}],\"target\":{\"resourceId\":\"sid-B488C7ED-61FC-4E3A-AAEF-AFAA5B4971C7\"}},{\"resourceId\":\"sid-D7847956-F11B-4CDB-AB1E-F76514746007\",\"properties\":{\"overrideid\":\"\",\"name\":\"同意\",\"documentation\":\"\",\"conditionsequenceflow\":\"${leaderComment==\'同意\'}\",\"executionlisteners\":\"\",\"defaultflow\":\"false\",\"showdiamondmarker\":false},\"stencil\":{\"id\":\"SequenceFlow\"},\"childShapes\":[],\"outgoing\":[{\"resourceId\":\"sid-F9CD4D4E-CC32-483C-A056-3BEB1F240A04\"}],\"bounds\":{\"lowerRight\":{\"x\":629.734375,\"y\":310.5},\"upperLeft\":{\"x\":440.3671875,\"y\":310.5}},\"dockers\":[{\"x\":20.5,\"y\":20.5},{\"x\":20.5,\"y\":20.5}],\"target\":{\"resourceId\":\"sid-F9CD4D4E-CC32-483C-A056-3BEB1F240A04\"}},{\"resourceId\":\"sid-534C09CC-528F-4038-9CF9-6E4B748C1255\",\"properties\":{\"overrideid\":\"\",\"name\":\"重新申请\",\"documentation\":\"\",\"conditionsequenceflow\":\"${initiatorComment==\'重新申请\'}\",\"executionlisteners\":\"\",\"defaultflow\":\"false\"},\"stencil\":{\"id\":\"SequenceFlow\"},\"childShapes\":[],\"outgoing\":[{\"resourceId\":\"sid-2A5BFF60-DE0C-4DB9-954A-BA57F5611EE5\"}],\"bounds\":{\"lowerRight\":{\"x\":399.6484375,\"y\":269.326171875},\"upperLeft\":{\"x\":305,\"y\":35.5}},\"dockers\":[{\"x\":20.5,\"y\":20.5},{\"x\":305,\"y\":35.5},{\"x\":50,\"y\":40}],\"target\":{\"resourceId\":\"sid-2A5BFF60-DE0C-4DB9-954A-BA57F5611EE5\"}},{\"resourceId\":\"sid-62FE7A3C-C072-4D89-A3CA-0E1FF979D7AF\",\"properties\":{\"overrideid\":\"\",\"name\":\"撤销申请\",\"documentation\":\"\",\"conditionsequenceflow\":\"${initiatorComment==\'撤销申请\'}\",\"executionlisteners\":\"\",\"defaultflow\":\"false\",\"showdiamondmarker\":false},\"stencil\":{\"id\":\"SequenceFlow\"},\"childShapes\":[],\"outgoing\":[{\"resourceId\":\"sid-23B845EA-CBD0-4089-91D8-5A593FD8D038\"}],\"bounds\":{\"lowerRight\":{\"x\":1109,\"y\":295.060546875},\"upperLeft\":{\"x\":440.326171875,\"y\":35.5}},\"dockers\":[{\"x\":20.5,\"y\":20.5},{\"x\":1109,\"y\":35.5},{\"x\":14,\"y\":14}],\"target\":{\"resourceId\":\"sid-23B845EA-CBD0-4089-91D8-5A593FD8D038\"}},{\"resourceId\":\"sid-9AA5012C-364A-4AB7-B01F-290F43FEEAD8\",\"properties\":{\"overrideid\":\"\",\"name\":\"不同意\",\"documentation\":\"\",\"conditionsequenceflow\":\"${hrComment==\'不同意\'}\",\"executionlisteners\":\"\",\"defaultflow\":\"false\",\"showdiamondmarker\":false},\"stencil\":{\"id\":\"SequenceFlow\"},\"childShapes\":[],\"outgoing\":[{\"resourceId\":\"sid-9D95D662-1BB9-4571-AEE9-D7A12E9F85FF\"}],\"bounds\":{\"lowerRight\":{\"x\":875.5,\"y\":289.51171875},\"upperLeft\":{\"x\":470.7939453125,\"y\":160}},\"dockers\":[{\"x\":20.5,\"y\":20.5},{\"x\":875.5,\"y\":160},{\"x\":99,\"y\":40}],\"target\":{\"resourceId\":\"sid-9D95D662-1BB9-4571-AEE9-D7A12E9F85FF\"}},{\"resourceId\":\"sid-313F050C-11CF-4E23-A92B-5FCA58D2B2CF\",\"properties\":{\"overrideid\":\"\",\"name\":\"同意\",\"documentation\":\"\",\"conditionsequenceflow\":\"${hrComment==\'同意\'}\",\"executionlisteners\":\"\",\"defaultflow\":\"false\",\"showdiamondmarker\":false},\"stencil\":{\"id\":\"SequenceFlow\"},\"childShapes\":[],\"outgoing\":[{\"resourceId\":\"sid-5732769D-2626-4CE0-98E5-40B1E96645C9\"}],\"bounds\":{\"lowerRight\":{\"x\":929.1992301964278,\"y\":310.40537161577237},\"upperLeft\":{\"x\":895.2773323035722,\"y\":310.24306588422763}},\"dockers\":[{\"x\":20.5,\"y\":20.5},{\"x\":50,\"y\":40}],\"target\":{\"resourceId\":\"sid-5732769D-2626-4CE0-98E5-40B1E96645C9\"}},{\"resourceId\":\"sid-42DB22EB-E24B-47E4-9CE4-49AD267BDE77\",\"properties\":{\"overrideid\":\"\",\"name\":\"小于三天\",\"documentation\":\"\",\"conditionsequenceflow\":\"${totalDays==\'小于三天\'}\",\"executionlisteners\":\"\",\"defaultflow\":\"false\",\"showdiamondmarker\":false},\"stencil\":{\"id\":\"SequenceFlow\"},\"childShapes\":[],\"outgoing\":[{\"resourceId\":\"sid-5732769D-2626-4CE0-98E5-40B1E96645C9\"}],\"bounds\":{\"lowerRight\":{\"x\":980,\"y\":421},\"upperLeft\":{\"x\":650.5,\"y\":330.4921875}},\"dockers\":[{\"x\":20.5,\"y\":20.5},{\"x\":650.5,\"y\":421},{\"x\":980,\"y\":421},{\"x\":50,\"y\":79}],\"target\":{\"resourceId\":\"sid-5732769D-2626-4CE0-98E5-40B1E96645C9\"}},{\"resourceId\":\"sid-E65132CA-E43C-45B1-A3CD-68D6893C6BE3\",\"properties\":{\"overrideid\":\"\",\"name\":\"大于三天\",\"documentation\":\"\",\"conditionsequenceflow\":\"${totalDays==\'大于三天\'}\",\"executionlisteners\":\"\",\"defaultflow\":\"false\"},\"stencil\":{\"id\":\"SequenceFlow\"},\"childShapes\":[],\"outgoing\":[{\"resourceId\":\"sid-19ABB7E8-A781-4964-83DE-CBD2598A1C66\"}],\"bounds\":{\"lowerRight\":{\"x\":719.5195400032333,\"y\":310.417690936206},\"upperLeft\":{\"x\":670.1718662467667,\"y\":310.211215313794}},\"dockers\":[{\"x\":20.5,\"y\":20.5},{\"x\":50,\"y\":40}],\"target\":{\"resourceId\":\"sid-19ABB7E8-A781-4964-83DE-CBD2598A1C66\"}},{\"resourceId\":\"sid-C3AC032E-7815-4B5B-8ED3-6C2584194A79\",\"properties\":{\"overrideid\":\"\",\"name\":\"不同意\",\"documentation\":\"\",\"conditionsequenceflow\":\"${leaderComment==\'不同意\'}\",\"executionlisteners\":\"\",\"defaultflow\":\"false\",\"showdiamondmarker\":false},\"stencil\":{\"id\":\"SequenceFlow\"},\"childShapes\":[],\"outgoing\":[{\"resourceId\":\"sid-9D95D662-1BB9-4571-AEE9-D7A12E9F85FF\"}],\"bounds\":{\"lowerRight\":{\"x\":420.405671990154,\"y\":289.4648538043437},\"upperLeft\":{\"x\":420.008390509846,\"y\":200.87108369565627}},\"dockers\":[{\"x\":20.5,\"y\":20.5},{\"x\":50,\"y\":79}],\"target\":{\"resourceId\":\"sid-9D95D662-1BB9-4571-AEE9-D7A12E9F85FF\"}}],\"bounds\":{\"lowerRight\":{\"x\":1223,\"y\":1050},\"upperLeft\":{\"x\":0,\"y\":0}},\"stencilset\":{\"url\":\"stencilsets/bpmn2.0/bpmn2.0.json\",\"namespace\":\"http://b3mn.org/stencilset/bpmn2.0#\"},\"ssextensions\":[]}',NULL),('15054',4,'source',NULL,'{\"resourceId\":\"15053\",\"properties\":{\"process_id\":\"process\",\"name\":\"\",\"documentation\":\"\",\"process_author\":\"\",\"process_version\":\"\",\"process_namespace\":\"http://www.activiti.org/processdef\",\"executionlisteners\":\"\",\"eventlisteners\":\"\",\"signaldefinitions\":\"\",\"messagedefinitions\":\"\"},\"stencil\":{\"id\":\"BPMNDiagram\"},\"childShapes\":[{\"resourceId\":\"sid-A96C3AAA-D6D7-4DB5-A1E3-73D49BA0CA60\",\"properties\":{\"overrideid\":\"\",\"name\":\"\",\"documentation\":\"\",\"executionlisteners\":\"\",\"initiator\":\"\",\"formkeydefinition\":\"\",\"formproperties\":\"\"},\"stencil\":{\"id\":\"StartNoneEvent\"},\"childShapes\":[],\"outgoing\":[{\"resourceId\":\"sid-72D0EAA2-538F-4028-A8E4-9DE6E3CD613A\"}],\"bounds\":{\"lowerRight\":{\"x\":80.5,\"y\":178},\"upperLeft\":{\"x\":50.5,\"y\":148}},\"dockers\":[]},{\"resourceId\":\"sid-B42805EC-3B82-4E88-BCEB-E93869BF5284\",\"properties\":{\"overrideid\":\"\",\"name\":\"请假\",\"documentation\":\"\",\"asynchronousdefinition\":\"false\",\"exclusivedefinition\":\"false\",\"executionlisteners\":\"\",\"multiinstance_type\":\"None\",\"multiinstance_cardinality\":\"\",\"multiinstance_collection\":\"\",\"multiinstance_variable\":\"\",\"multiinstance_condition\":\"\",\"isforcompensation\":\"false\",\"usertaskassignment\":{\"assignment\":{\"assignee\":\"常用语:流程发起人\"}},\"formkeydefinition\":\"\",\"duedatedefinition\":\"\",\"prioritydefinition\":\"\",\"formproperties\":\"\",\"tasklisteners\":\"\"},\"stencil\":{\"id\":\"UserTask\"},\"childShapes\":[],\"outgoing\":[{\"resourceId\":\"sid-506B6480-6BE6-4445-A056-6FFC19A48998\"}],\"bounds\":{\"lowerRight\":{\"x\":225.5,\"y\":203},\"upperLeft\":{\"x\":125.5,\"y\":123}},\"dockers\":[]},{\"resourceId\":\"sid-72D0EAA2-538F-4028-A8E4-9DE6E3CD613A\",\"properties\":{\"overrideid\":\"\",\"name\":\"\",\"documentation\":\"\",\"conditionsequenceflow\":\"\",\"executionlisteners\":\"\",\"defaultflow\":\"false\"},\"stencil\":{\"id\":\"SequenceFlow\"},\"childShapes\":[],\"outgoing\":[{\"resourceId\":\"sid-B42805EC-3B82-4E88-BCEB-E93869BF5284\"}],\"bounds\":{\"lowerRight\":{\"x\":124.65625,\"y\":163},\"upperLeft\":{\"x\":81.109375,\"y\":163}},\"dockers\":[{\"x\":15,\"y\":15},{\"x\":50,\"y\":40}],\"target\":{\"resourceId\":\"sid-B42805EC-3B82-4E88-BCEB-E93869BF5284\"}},{\"resourceId\":\"sid-62CC9B4B-804C-44D6-AC40-9E4DD72CCA0D\",\"properties\":{\"overrideid\":\"\",\"name\":\"上级审批\",\"documentation\":\"\",\"asynchronousdefinition\":\"false\",\"exclusivedefinition\":\"false\",\"executionlisteners\":\"\",\"multiinstance_type\":\"None\",\"multiinstance_cardinality\":\"\",\"multiinstance_collection\":\"\",\"multiinstance_variable\":\"\",\"multiinstance_condition\":\"\",\"isforcompensation\":\"false\",\"usertaskassignment\":{\"assignment\":{\"assignee\":\"岗位:院长\"}},\"formkeydefinition\":\"\",\"duedatedefinition\":\"\",\"prioritydefinition\":\"\",\"formproperties\":\"\",\"tasklisteners\":\"\"},\"stencil\":{\"id\":\"UserTask\"},\"childShapes\":[],\"outgoing\":[{\"resourceId\":\"sid-84F7E499-62B9-45BE-A76F-55DE231C6E6D\"}],\"bounds\":{\"lowerRight\":{\"x\":370.5,\"y\":203},\"upperLeft\":{\"x\":270.5,\"y\":123}},\"dockers\":[]},{\"resourceId\":\"sid-506B6480-6BE6-4445-A056-6FFC19A48998\",\"properties\":{\"overrideid\":\"\",\"name\":\"\",\"documentation\":\"\",\"conditionsequenceflow\":\"\",\"executionlisteners\":\"\",\"defaultflow\":\"false\"},\"stencil\":{\"id\":\"SequenceFlow\"},\"childShapes\":[],\"outgoing\":[{\"resourceId\":\"sid-62CC9B4B-804C-44D6-AC40-9E4DD72CCA0D\"}],\"bounds\":{\"lowerRight\":{\"x\":269.65625,\"y\":163},\"upperLeft\":{\"x\":226.34375,\"y\":163}},\"dockers\":[{\"x\":50,\"y\":40},{\"x\":50,\"y\":40}],\"target\":{\"resourceId\":\"sid-62CC9B4B-804C-44D6-AC40-9E4DD72CCA0D\"}},{\"resourceId\":\"sid-AE528184-10E4-4D80-ADDE-21ED7729462E\",\"properties\":{\"overrideid\":\"\",\"name\":\"\",\"documentation\":\"\",\"executionlisteners\":\"\"},\"stencil\":{\"id\":\"EndNoneEvent\"},\"childShapes\":[],\"outgoing\":[],\"bounds\":{\"lowerRight\":{\"x\":443.5,\"y\":177},\"upperLeft\":{\"x\":415.5,\"y\":149}},\"dockers\":[]},{\"resourceId\":\"sid-84F7E499-62B9-45BE-A76F-55DE231C6E6D\",\"properties\":{\"overrideid\":\"\",\"name\":\"\",\"documentation\":\"\",\"conditionsequenceflow\":\"\",\"executionlisteners\":\"\",\"defaultflow\":\"false\"},\"stencil\":{\"id\":\"SequenceFlow\"},\"childShapes\":[],\"outgoing\":[{\"resourceId\":\"sid-AE528184-10E4-4D80-ADDE-21ED7729462E\"}],\"bounds\":{\"lowerRight\":{\"x\":414.875,\"y\":163},\"upperLeft\":{\"x\":370.890625,\"y\":163}},\"dockers\":[{\"x\":50,\"y\":40},{\"x\":14,\"y\":14}],\"target\":{\"resourceId\":\"sid-AE528184-10E4-4D80-ADDE-21ED7729462E\"}}],\"bounds\":{\"lowerRight\":{\"x\":1200,\"y\":1050},\"upperLeft\":{\"x\":0,\"y\":0}},\"stencilset\":{\"url\":\"stencilsets/bpmn2.0/bpmn2.0.json\",\"namespace\":\"http://b3mn.org/stencilset/bpmn2.0#\"},\"ssextensions\":[]}',NULL),('15056',1,'请假demo.bpmn20.xml','15055','<?xml version=\"1.0\" encoding=\"UTF-8\"?>\r\n<definitions xmlns=\"http://www.omg.org/spec/BPMN/20100524/MODEL\" xmlns:xsi=\"http://www.w3.org/2001/XMLSchema-instance\" xmlns:xsd=\"http://www.w3.org/2001/XMLSchema\" xmlns:activiti=\"http://activiti.org/bpmn\" xmlns:bpmndi=\"http://www.omg.org/spec/BPMN/20100524/DI\" xmlns:omgdc=\"http://www.omg.org/spec/DD/20100524/DC\" xmlns:omgdi=\"http://www.omg.org/spec/DD/20100524/DI\" typeLanguage=\"http://www.w3.org/2001/XMLSchema\" expressionLanguage=\"http://www.w3.org/1999/XPath\" targetNamespace=\"http://www.activiti.org/processdef\">\r\n  <process id=\"process\" isExecutable=\"true\">\r\n    <startEvent id=\"sid-A96C3AAA-D6D7-4DB5-A1E3-73D49BA0CA60\"></startEvent>\r\n    <userTask id=\"sid-B42805EC-3B82-4E88-BCEB-E93869BF5284\" name=\"请假\">\r\n       <humanPerformer> \r\n           <resourceAssignmentExpression>\r\n               <formalExpression>常用语:流程发起人</formalExpression>  \r\n          </resourceAssignmentExpression></humanPerformer>\r\n    </userTask>\r\n    \r\n    <sequenceFlow id=\"sid-72D0EAA2-538F-4028-A8E4-9DE6E3CD613A\" sourceRef=\"sid-A96C3AAA-D6D7-4DB5-A1E3-73D49BA0CA60\" targetRef=\"sid-B42805EC-3B82-4E88-BCEB-E93869BF5284\"></sequenceFlow>\r\n    <userTask id=\"sid-62CC9B4B-804C-44D6-AC40-9E4DD72CCA0D\" name=\"上级审批\">\r\n          <humanPerformer>\r\n            <resourceAssignmentExpression>\r\n               <formalExpression>常用语:直接上级</formalExpression>        \r\n            </resourceAssignmentExpression>\r\n         </humanPerformer>\r\n    </userTask>\r\n    \r\n    <sequenceFlow id=\"sid-506B6480-6BE6-4445-A056-6FFC19A48998\" sourceRef=\"sid-B42805EC-3B82-4E88-BCEB-E93869BF5284\" targetRef=\"sid-62CC9B4B-804C-44D6-AC40-9E4DD72CCA0D\"></sequenceFlow>\r\n    <endEvent id=\"sid-AE528184-10E4-4D80-ADDE-21ED7729462E\"></endEvent>\r\n    <sequenceFlow id=\"sid-84F7E499-62B9-45BE-A76F-55DE231C6E6D\" sourceRef=\"sid-62CC9B4B-804C-44D6-AC40-9E4DD72CCA0D\" targetRef=\"sid-AE528184-10E4-4D80-ADDE-21ED7729462E\"></sequenceFlow>\r\n  </process>\r\n  <bpmndi:BPMNDiagram id=\"BPMNDiagram_process\">\r\n    <bpmndi:BPMNPlane bpmnElement=\"process\" id=\"BPMNPlane_process\">\r\n      <bpmndi:BPMNShape bpmnElement=\"sid-A96C3AAA-D6D7-4DB5-A1E3-73D49BA0CA60\" id=\"BPMNShape_sid-A96C3AAA-D6D7-4DB5-A1E3-73D49BA0CA60\">\r\n        <omgdc:Bounds height=\"30.0\" width=\"30.0\" x=\"50.5\" y=\"148.0\"></omgdc:Bounds>\r\n      </bpmndi:BPMNShape>\r\n      <bpmndi:BPMNShape bpmnElement=\"sid-B42805EC-3B82-4E88-BCEB-E93869BF5284\" id=\"BPMNShape_sid-B42805EC-3B82-4E88-BCEB-E93869BF5284\">\r\n        <omgdc:Bounds height=\"80.0\" width=\"100.0\" x=\"125.5\" y=\"123.0\"></omgdc:Bounds>\r\n      </bpmndi:BPMNShape>\r\n      <bpmndi:BPMNShape bpmnElement=\"sid-62CC9B4B-804C-44D6-AC40-9E4DD72CCA0D\" id=\"BPMNShape_sid-62CC9B4B-804C-44D6-AC40-9E4DD72CCA0D\">\r\n        <omgdc:Bounds height=\"80.0\" width=\"100.0\" x=\"270.5\" y=\"123.0\"></omgdc:Bounds>\r\n      </bpmndi:BPMNShape>\r\n      <bpmndi:BPMNShape bpmnElement=\"sid-AE528184-10E4-4D80-ADDE-21ED7729462E\" id=\"BPMNShape_sid-AE528184-10E4-4D80-ADDE-21ED7729462E\">\r\n        <omgdc:Bounds height=\"28.0\" width=\"28.0\" x=\"415.5\" y=\"149.0\"></omgdc:Bounds>\r\n      </bpmndi:BPMNShape>\r\n      <bpmndi:BPMNEdge bpmnElement=\"sid-72D0EAA2-538F-4028-A8E4-9DE6E3CD613A\" id=\"BPMNEdge_sid-72D0EAA2-538F-4028-A8E4-9DE6E3CD613A\">\r\n        <omgdi:waypoint x=\"80.5\" y=\"163.0\"></omgdi:waypoint>\r\n        <omgdi:waypoint x=\"125.5\" y=\"163.0\"></omgdi:waypoint>\r\n      </bpmndi:BPMNEdge>\r\n      <bpmndi:BPMNEdge bpmnElement=\"sid-84F7E499-62B9-45BE-A76F-55DE231C6E6D\" id=\"BPMNEdge_sid-84F7E499-62B9-45BE-A76F-55DE231C6E6D\">\r\n        <omgdi:waypoint x=\"370.5\" y=\"163.0\"></omgdi:waypoint>\r\n        <omgdi:waypoint x=\"415.5\" y=\"163.0\"></omgdi:waypoint>\r\n      </bpmndi:BPMNEdge>\r\n      <bpmndi:BPMNEdge bpmnElement=\"sid-506B6480-6BE6-4445-A056-6FFC19A48998\" id=\"BPMNEdge_sid-506B6480-6BE6-4445-A056-6FFC19A48998\">\r\n        <omgdi:waypoint x=\"225.5\" y=\"163.0\"></omgdi:waypoint>\r\n        <omgdi:waypoint x=\"270.5\" y=\"163.0\"></omgdi:waypoint>\r\n      </bpmndi:BPMNEdge>\r\n    </bpmndi:BPMNPlane>\r\n  </bpmndi:BPMNDiagram>\r\n</definitions>',0),('15057',1,'请假demo.process.png','15055','PNG\r\n\Z\n\0\0\0\rIHDR\0\0\\0\0\0\\0\0\0&`\\0\0IDATx\\\klU\p?c1~2\8\81cr5^Ta(bri` DT7\\%1\.-\pIE@0cu\vhw\7{w\Zv<\zߵ\\0\0\0\0\0\0\0\0\0\0\0\0\0\0\0\0\0\0\0\0\0\0\0\0\0\0\0\0\0\0\0\0\0\0\0\0\0\0\0\0\0\0\0\0\0\0\0\0\0\0\0\0\0\0\0\0\0\0\0\0\0\0\0\0\0\0\0\0\0\0\0\0\0\0\0\0\0\0\0\0\0\0\0\0\0\0\0\0\0\0\0\0\0\0\0\0\0\0\0\0\0\0\0\0\0\0\0\0\0\0\0\0\0\0\0\0\0\0\0\0\0\0\0\0\0\0\0\0\0\0\0\0\0\0\0\0\0\0\0\0\0\0\0\0\0\0\0\0\0\0\0\0\0\0\0\0\0\0\0\0\0\0\0\0\0\0\0\0\0\0\0\0\0\0\0\0\0\0\0\0\0\0\0\0\0\0\0\0\0\0\0\0\0\0\0\0\0\0\0\0\0\0\0\0\0\0\0\0\0\0\0\0\0\0\0\0H\v\Zy\_׬YZʨXzu~\-CF=fF\\֤39v\1D+Yn\\\\!\ZuUMQ;no!\2U#\iA;!CFeF\PH%2d\[\\n\\\Hv}\\׫ge#\m&C2u\\'\)rq[ܧi2$CP7Mq\\qZ1\\)D\\OS\\B-\S4E!m\\^Zܧi2$C)*h\n\\[S#{+hqB)ʐA\4ŝZ\\>HS!iڿJqWz[ܧi2$CP7M1\\-\V\\6EHA!jG&;7\\\^\mqB)ʐA]4\8\Ȏ\r?(\sFMQdwSL\;v6\'\^Y>\1X[\x-{[\n\\MS\ϖ}_[\n(C2æ)k1ˇ¤)ʐڧh(h2$C)\Z\n\h&C2Bɐ+W\Ξ=cҤI\1bD\#$\'N<1k֬\,onnKS443jԨkhhx*\Kұ3\Q\q$\S\q\Y?Ԧ\SLI\|\d\\I{{{r\ȑ$\eggg\\'-J\q\=\O/\,M\P\dH*\\7҆wT\\hI3Z;^z\\iӦO:hx\'OLk\֭\\ӓ]\ͻIS446kұ\,\ZaON\!Θ0a¯˖-;fX\\O?M\u\\8GS44\\А]\7jԨ\\O{&?SV\loÆ\r\\/\*k\fe.\\/O=\o;v\H={x翦)\Z\Ѐ6\?\D~\.8|px^9u\TSS\\ioh\\\\Μ9Ϛ)\\Ѐ\K\r駟\f\\"\ϖ7\1>\?~\5C\i\\AS44EC\{bi\tƌ%\sKs\\)_Jn\)Sv\>\\'MGS44EC\ݩ#LK3\m\\X6clˆ6Q\<\\\Ǐ\'-}\O\\	M\\\r:xoq\.Z\\X˨\\_\c\W_%\'Oޫ)\Z!C\7KdÇ~X\8O<q\|>zq\8&^mAK\?)h\n\Pf(\u~pM\\:4(5:J-\5u\\'N8\\5غIVَ\|`UCC\?*h\n\Pe\ԩ۲Ǽ⋃Z\s8n\\ɓ7ũ\*)j\\\jca(\bS\4\Щsf]vP\t|s,8v\\m\\\\0\P*h\n\\Pf\\ɽ\\0rq\\ϰn\\ѣ\\'~#G<Qa,n)h\n\\g\d~}>\\\3\n\H\4\<q\\n|TN\\L\\\\\gq~\o\\\о\\\o=\\{=>\'\\w\uIoK>\\\oL6mڔ<\C\ח\\ra\BSSS\<n߾}Y.b3&\Cܾ{\>_޼ygN]裏Z\\\P\*]D3\\cu\>\?\*c\\AQX\\ڒ5k\\FG\\\]߿\e˖\\\.,Ytww\_t8L2\W^y匏y׳둃<q\\\F?vݺuY\y\W&\zkv=Fd\\k=\\y\\\t\2\s\S\\\e\\\\J6\84+4\\BV+M1f~q\\\U\M1.Ya\\o]\\\\\s\~Mqxd\LM5Y|iL1;,\Wld\ٳK__x\ɴiӲ\\Zyn\|u#\^\\\2\K}ZdSL\j\KO[\q\\'\\_x%{N,U\\\} \ܹ3[\ʗ&)\\\ϲ\\\M>s˳i\ω\\Nř_\$cC+\cƎ]\dO?Cqx\W$+W̮\k\\Szϐ\)V@!aܸq+yF\\\3$TkS\\v|}\UW%w\yg`]|\Y\ˋ\\\\bQ\"1Sȗ\.RMqe\L3\ظ\rx\\|G\nCd\ꫯ\2U\_\\+V$]vY?C\Yh\\,_\3\T\`U!nݺ;~k}}\u\7\ XbQm۶X~\gQSM1߯~(-g\r\-\_>S\sO\qZ\Zy뭷z̫}\ܧy\0aBG%fO>\Z=\z-4\(>>\RT\0o˛b\\rj\\t\LNb.\yN)\>|\(n;wnٟ\?n>,oy.&C=\k%2o\ŋ\̆t\\}\\\\>\^,YE\\\\3Şba\|f\\r7ܐ\k\9\\{Zތe\\\\\r/\\ }\D+:Q\dROV\@\פ[]i!%^s-4\r~=?\L1\:\\}Q\Ӛbmf(\u\]\(n\q\\w/[泸\|Ks8Y\N\\WX>b?vs\4\w=>.#Ve\zy\{w1\Z\9s\r\hhh\\\\dC\K_@Oë)ƾbX\doɈ~^bGS\+\\|\Een*ݟ\\\lbŃk\2tn:?\&1\Rj<lX˦=l<nIvl߾\@4\]v\K\)4Ej\\\cK(\81\p\n%\\h\\7/r\ȑ\7\MA!\z\ŦM.>\Y`\ZKq\\k<\\g\\.zP֬\\\\\ƿlܸq\\4ö7nܶ\I;֤4Md\yd\!\~ \\ѣGϜ9scKK\SG\ɽ\\\ؗ6\/\Ν\:f̘\\\\p;jIAS\dHj^T\ctq&͞r\\{\\\\\dqn8\p>󁂦ɐנ)h2$Cɐ\n&C2(h\n\)h2$Cɐ\n&C2)ɐ)ɐ)ɐ)ɐ)ɐ)ɐ)ɐ)ɐ)ɐ)fh\n)\Z\"(hh\(hh\(hh\T5k\($\3\!\Z\ׯ\\\\TL`/N\v2\-CP5\Yv\_8\\m\G1[z\x@z\T?џҭ\\b\%Go\b&C2\0\0\0\0\0\0\0\0\0\0\0\0\0\0\0p\#\\Z\0\0\0\0IENDB`',1),('15112',1,'hist.var-countersignUsers',NULL,'\\0sr\0java.util.ArrayListx\\a\0I\0sizexp\0\0\0w\0\0\0t\04x',NULL),('15158',1,'1name.bpmn20.xml','15157','<?xml version=\"1.0\" encoding=\"UTF-8\"?>\n<definitions xmlns=\"http://www.omg.org/spec/BPMN/20100524/MODEL\" xmlns:xsi=\"http://www.w3.org/2001/XMLSchema-instance\" xmlns:xsd=\"http://www.w3.org/2001/XMLSchema\" xmlns:activiti=\"http://activiti.org/bpmn\" xmlns:bpmndi=\"http://www.omg.org/spec/BPMN/20100524/DI\" xmlns:omgdc=\"http://www.omg.org/spec/DD/20100524/DC\" xmlns:omgdi=\"http://www.omg.org/spec/DD/20100524/DI\" typeLanguage=\"http://www.w3.org/2001/XMLSchema\" expressionLanguage=\"http://www.w3.org/1999/XPath\" targetNamespace=\"http://www.activiti.org/processdef\">\n  <process id=\"process\" isExecutable=\"true\">\n    <startEvent id=\"sid-A96C3AAA-D6D7-4DB5-A1E3-73D49BA0CA60\"></startEvent>\n    <userTask id=\"sid-B42805EC-3B82-4E88-BCEB-E93869BF5284\" name=\"请假\" activiti:assignee=\"3\" activiti:candidateUsers=\"4\" activiti:candidateGroups=\"5\" activiti:priority=\"6\"></userTask>\n    <sequenceFlow id=\"sid-72D0EAA2-538F-4028-A8E4-9DE6E3CD613A\" sourceRef=\"sid-A96C3AAA-D6D7-4DB5-A1E3-73D49BA0CA60\" targetRef=\"sid-B42805EC-3B82-4E88-BCEB-E93869BF5284\"></sequenceFlow>\n    <userTask id=\"sid-62CC9B4B-804C-44D6-AC40-9E4DD72CCA0D\" name=\"上级审批\"></userTask>\n    <sequenceFlow id=\"sid-506B6480-6BE6-4445-A056-6FFC19A48998\" sourceRef=\"sid-B42805EC-3B82-4E88-BCEB-E93869BF5284\" targetRef=\"sid-62CC9B4B-804C-44D6-AC40-9E4DD72CCA0D\"></sequenceFlow>\n    <endEvent id=\"sid-AE528184-10E4-4D80-ADDE-21ED7729462E\"></endEvent>\n    <sequenceFlow id=\"sid-84F7E499-62B9-45BE-A76F-55DE231C6E6D\" sourceRef=\"sid-62CC9B4B-804C-44D6-AC40-9E4DD72CCA0D\" targetRef=\"sid-AE528184-10E4-4D80-ADDE-21ED7729462E\"></sequenceFlow>\n  </process>\n  <bpmndi:BPMNDiagram id=\"BPMNDiagram_process\">\n    <bpmndi:BPMNPlane bpmnElement=\"process\" id=\"BPMNPlane_process\">\n      <bpmndi:BPMNShape bpmnElement=\"sid-A96C3AAA-D6D7-4DB5-A1E3-73D49BA0CA60\" id=\"BPMNShape_sid-A96C3AAA-D6D7-4DB5-A1E3-73D49BA0CA60\">\n        <omgdc:Bounds height=\"30.0\" width=\"30.0\" x=\"50.5\" y=\"148.0\"></omgdc:Bounds>\n      </bpmndi:BPMNShape>\n      <bpmndi:BPMNShape bpmnElement=\"sid-B42805EC-3B82-4E88-BCEB-E93869BF5284\" id=\"BPMNShape_sid-B42805EC-3B82-4E88-BCEB-E93869BF5284\">\n        <omgdc:Bounds height=\"80.0\" width=\"100.0\" x=\"125.5\" y=\"123.0\"></omgdc:Bounds>\n      </bpmndi:BPMNShape>\n      <bpmndi:BPMNShape bpmnElement=\"sid-62CC9B4B-804C-44D6-AC40-9E4DD72CCA0D\" id=\"BPMNShape_sid-62CC9B4B-804C-44D6-AC40-9E4DD72CCA0D\">\n        <omgdc:Bounds height=\"80.0\" width=\"100.0\" x=\"270.5\" y=\"123.0\"></omgdc:Bounds>\n      </bpmndi:BPMNShape>\n      <bpmndi:BPMNShape bpmnElement=\"sid-AE528184-10E4-4D80-ADDE-21ED7729462E\" id=\"BPMNShape_sid-AE528184-10E4-4D80-ADDE-21ED7729462E\">\n        <omgdc:Bounds height=\"28.0\" width=\"28.0\" x=\"415.5\" y=\"149.0\"></omgdc:Bounds>\n      </bpmndi:BPMNShape>\n      <bpmndi:BPMNEdge bpmnElement=\"sid-72D0EAA2-538F-4028-A8E4-9DE6E3CD613A\" id=\"BPMNEdge_sid-72D0EAA2-538F-4028-A8E4-9DE6E3CD613A\">\n        <omgdi:waypoint x=\"80.5\" y=\"163.0\"></omgdi:waypoint>\n        <omgdi:waypoint x=\"125.5\" y=\"163.0\"></omgdi:waypoint>\n      </bpmndi:BPMNEdge>\n      <bpmndi:BPMNEdge bpmnElement=\"sid-84F7E499-62B9-45BE-A76F-55DE231C6E6D\" id=\"BPMNEdge_sid-84F7E499-62B9-45BE-A76F-55DE231C6E6D\">\n        <omgdi:waypoint x=\"370.5\" y=\"163.0\"></omgdi:waypoint>\n        <omgdi:waypoint x=\"415.5\" y=\"163.0\"></omgdi:waypoint>\n      </bpmndi:BPMNEdge>\n      <bpmndi:BPMNEdge bpmnElement=\"sid-506B6480-6BE6-4445-A056-6FFC19A48998\" id=\"BPMNEdge_sid-506B6480-6BE6-4445-A056-6FFC19A48998\">\n        <omgdi:waypoint x=\"225.5\" y=\"163.0\"></omgdi:waypoint>\n        <omgdi:waypoint x=\"270.5\" y=\"163.0\"></omgdi:waypoint>\n      </bpmndi:BPMNEdge>\n    </bpmndi:BPMNPlane>\n  </bpmndi:BPMNDiagram>\n</definitions>',0),('15159',1,'1name.process.png','15157','PNG\r\n\Z\n\0\0\0\rIHDR\0\0\\0\0\0\\0\0\0&`\\0\0IDATx\\\klU\p?c1~2\8\81cr5^Ta(bri` DT7\\%1\.-\pIE@0cu\vhw\7{w\Zv<\zߵ\\0\0\0\0\0\0\0\0\0\0\0\0\0\0\0\0\0\0\0\0\0\0\0\0\0\0\0\0\0\0\0\0\0\0\0\0\0\0\0\0\0\0\0\0\0\0\0\0\0\0\0\0\0\0\0\0\0\0\0\0\0\0\0\0\0\0\0\0\0\0\0\0\0\0\0\0\0\0\0\0\0\0\0\0\0\0\0\0\0\0\0\0\0\0\0\0\0\0\0\0\0\0\0\0\0\0\0\0\0\0\0\0\0\0\0\0\0\0\0\0\0\0\0\0\0\0\0\0\0\0\0\0\0\0\0\0\0\0\0\0\0\0\0\0\0\0\0\0\0\0\0\0\0\0\0\0\0\0\0\0\0\0\0\0\0\0\0\0\0\0\0\0\0\0\0\0\0\0\0\0\0\0\0\0\0\0\0\0\0\0\0\0\0\0\0\0\0\0\0\0\0\0\0\0\0\0\0\0\0\0\0\0\0\0\0\0H\v\Zy\_׬YZʨXzu~\-CF=fF\\֤39v\1D+Yn\\\\!\ZuUMQ;no!\2U#\iA;!CFeF\PH%2d\[\\n\\\Hv}\\׫ge#\m&C2u\\'\)rq[ܧi2$CP7Mq\\qZ1\\)D\\OS\\B-\S4E!m\\^Zܧi2$C)*h\n\\[S#{+hqB)ʐA\4ŝZ\\>HS!iڿJqWz[ܧi2$CP7M1\\-\V\\6EHA!jG&;7\\\^\mqB)ʐA]4\8\Ȏ\r?(\sFMQdwSL\;v6\'\^Y>\1X[\x-{[\n\\MS\ϖ}_[\n(C2æ)k1ˇ¤)ʐڧh(h2$C)\Z\n\h&C2Bɐ+W\Ξ=cҤI\1bD\#$\'N<1k֬\,onnKS443jԨkhhx*\Kұ3\Q\q$\S\q\Y?Ԧ\SLI\|\d\\I{{{r\ȑ$\eggg\\'-J\q\=\O/\,M\P\dH*\\7҆wT\\hI3Z;^z\\iӦO:hx\'OLk\֭\\ӓ]\ͻIS446kұ\,\ZaON\!Θ0a¯˖-;fX\\O?M\u\\8GS44\\А]\7jԨ\\O{&?SV\loÆ\r\\/\*k\fe.\\/O=\o;v\H={x翦)\Z\Ѐ6\?\D~\.8|px^9u\TSS\\ioh\\\\Μ9Ϛ)\\Ѐ\K\r駟\f\\"\ϖ7\1>\?~\5C\i\\AS44EC\{bi\tƌ%\sKs\\)_Jn\)Sv\>\\'MGS44EC\ݩ#LK3\m\\X6clˆ6Q\<\\\Ǐ\'-}\O\\	M\\\r:xoq\.Z\\X˨\\_\c\W_%\'Oޫ)\Z!C\7KdÇ~X\8O<q\|>zq\8&^mAK\?)h\n\Pf(\u~pM\\:4(5:J-\5u\\'N8\\5غIVَ\|`UCC\?*h\n\Pe\ԩ۲Ǽ⋃Z\s8n\\ɓ7ũ\*)j\\\jca(\bS\4\Щsf]vP\t|s,8v\\m\\\\0\P*h\n\\Pf\\ɽ\\0rq\\ϰn\\ѣ\\'~#G<Qa,n)h\n\\g\d~}>\\\3\n\H\4\<q\\n|TN\\L\\\\\gq~\o\\\о\\\o=\\{=>\'\\w\uIoK>\\\oL6mڔ<\C\ח\\ra\BSSS\<n߾}Y.b3&\Cܾ{\>_޼ygN]裏Z\\\P\*]D3\\cu\>\?\*c\\AQX\\ڒ5k\\FG\\\]߿\e˖\\\.,Ytww\_t8L2\W^y匏y׳둃<q\\\F?vݺuY\y\W&\zkv=Fd\\k=\\y\\\t\2\s\S\\\e\\\\J6\84+4\\BV+M1f~q\\\U\M1.Ya\\o]\\\\\s\~Mqxd\LM5Y|iL1;,\Wld\ٳK__x\ɴiӲ\\Zyn\|u#\^\\\2\K}ZdSL\j\KO[\q\\'\\_x%{N,U\\\} \ܹ3[\ʗ&)\\\ϲ\\\M>s˳i\ω\\Nř_\$cC+\cƎ]\dO?Cqx\W$+W̮\k\\Szϐ\)V@!aܸq+yF\\\3$TkS\\v|}\UW%w\yg`]|\Y\ˋ\\\\bQ\"1Sȗ\.RMqe\L3\ظ\rx\\|G\nCd\ꫯ\2U\_\\+V$]vY?C\Yh\\,_\3\T\`U!nݺ;~k}}\u\7\ XbQm۶X~\gQSM1߯~(-g\r\-\_>S\sO\qZ\Zy뭷z̫}\ܧy\0aBG%fO>\Z=\z-4\(>>\RT\0o˛b\\rj\\t\LNb.\yN)\>|\(n;wnٟ\?n>,oy.&C=\k%2o\ŋ\̆t\\}\\\\>\^,YE\\\\3Şba\|f\\r7ܐ\k\9\\{Zތe\\\\\r/\\ }\D+:Q\dROV\@\פ[]i!%^s-4\r~=?\L1\:\\}Q\Ӛbmf(\u\]\(n\q\\w/[泸\|Ks8Y\N\\WX>b?vs\4\w=>.#Ve\zy\{w1\Z\9s\r\hhh\\\\dC\K_@Oë)ƾbX\doɈ~^bGS\+\\|\Een*ݟ\\\lbŃk\2tn:?\&1\Rj<lX˦=l<nIvl߾\@4\]v\K\)4Ej\\\cK(\81\p\n%\\h\\7/r\ȑ\7\MA!\z\ŦM.>\Y`\ZKq\\k<\\g\\.zP֬\\\\\ƿlܸq\\4ö7nܶ\I;֤4Md\yd\!\~ \\ѣGϜ9scKK\SG\ɽ\\\ؗ6\/\Ν\:f̘\\\\p;jIAS\dHj^T\ctq&͞r\\{\\\\\dqn8\p>󁂦ɐנ)h2$Cɐ\n&C2(h\n\)h2$Cɐ\n&C2)ɐ)ɐ)ɐ)ɐ)ɐ)ɐ)ɐ)ɐ)ɐ)fh\n)\Z\"(hh\(hh\(hh\T5k\($\3\!\Z\ׯ\\\\TL`/N\v2\-CP5\Yv\_8\\m\G1[z\x@z\T?џҭ\\b\%Go\b&C2\0\0\0\0\0\0\0\0\0\0\0\0\0\0\0p\#\\Z\0\0\0\0IENDB`',1),('15162',1,'name.bpmn20.xml','15161','<?xml version=\"1.0\" encoding=\"UTF-8\"?>\n<definitions xmlns=\"http://www.omg.org/spec/BPMN/20100524/MODEL\" xmlns:xsi=\"http://www.w3.org/2001/XMLSchema-instance\" xmlns:xsd=\"http://www.w3.org/2001/XMLSchema\" xmlns:activiti=\"http://activiti.org/bpmn\" xmlns:bpmndi=\"http://www.omg.org/spec/BPMN/20100524/DI\" xmlns:omgdc=\"http://www.omg.org/spec/DD/20100524/DC\" xmlns:omgdi=\"http://www.omg.org/spec/DD/20100524/DI\" typeLanguage=\"http://www.w3.org/2001/XMLSchema\" expressionLanguage=\"http://www.w3.org/1999/XPath\" targetNamespace=\"http://www.activiti.org/processdef\">\n  <process id=\"process\" isExecutable=\"true\">\n    <startEvent id=\"sid-A96C3AAA-D6D7-4DB5-A1E3-73D49BA0CA60\"></startEvent>\n    <userTask id=\"sid-B42805EC-3B82-4E88-BCEB-E93869BF5284\" name=\"请假\" activiti:candidateGroups=\"test,tes\"></userTask>\n    <sequenceFlow id=\"sid-72D0EAA2-538F-4028-A8E4-9DE6E3CD613A\" sourceRef=\"sid-A96C3AAA-D6D7-4DB5-A1E3-73D49BA0CA60\" targetRef=\"sid-B42805EC-3B82-4E88-BCEB-E93869BF5284\"></sequenceFlow>\n    <userTask id=\"sid-62CC9B4B-804C-44D6-AC40-9E4DD72CCA0D\" name=\"上级审批\"></userTask>\n    <sequenceFlow id=\"sid-506B6480-6BE6-4445-A056-6FFC19A48998\" sourceRef=\"sid-B42805EC-3B82-4E88-BCEB-E93869BF5284\" targetRef=\"sid-62CC9B4B-804C-44D6-AC40-9E4DD72CCA0D\"></sequenceFlow>\n    <endEvent id=\"sid-AE528184-10E4-4D80-ADDE-21ED7729462E\"></endEvent>\n    <sequenceFlow id=\"sid-84F7E499-62B9-45BE-A76F-55DE231C6E6D\" sourceRef=\"sid-62CC9B4B-804C-44D6-AC40-9E4DD72CCA0D\" targetRef=\"sid-AE528184-10E4-4D80-ADDE-21ED7729462E\"></sequenceFlow>\n  </process>\n  <bpmndi:BPMNDiagram id=\"BPMNDiagram_process\">\n    <bpmndi:BPMNPlane bpmnElement=\"process\" id=\"BPMNPlane_process\">\n      <bpmndi:BPMNShape bpmnElement=\"sid-A96C3AAA-D6D7-4DB5-A1E3-73D49BA0CA60\" id=\"BPMNShape_sid-A96C3AAA-D6D7-4DB5-A1E3-73D49BA0CA60\">\n        <omgdc:Bounds height=\"30.0\" width=\"30.0\" x=\"50.5\" y=\"148.0\"></omgdc:Bounds>\n      </bpmndi:BPMNShape>\n      <bpmndi:BPMNShape bpmnElement=\"sid-B42805EC-3B82-4E88-BCEB-E93869BF5284\" id=\"BPMNShape_sid-B42805EC-3B82-4E88-BCEB-E93869BF5284\">\n        <omgdc:Bounds height=\"80.0\" width=\"100.0\" x=\"125.5\" y=\"123.0\"></omgdc:Bounds>\n      </bpmndi:BPMNShape>\n      <bpmndi:BPMNShape bpmnElement=\"sid-62CC9B4B-804C-44D6-AC40-9E4DD72CCA0D\" id=\"BPMNShape_sid-62CC9B4B-804C-44D6-AC40-9E4DD72CCA0D\">\n        <omgdc:Bounds height=\"80.0\" width=\"100.0\" x=\"270.5\" y=\"123.0\"></omgdc:Bounds>\n      </bpmndi:BPMNShape>\n      <bpmndi:BPMNShape bpmnElement=\"sid-AE528184-10E4-4D80-ADDE-21ED7729462E\" id=\"BPMNShape_sid-AE528184-10E4-4D80-ADDE-21ED7729462E\">\n        <omgdc:Bounds height=\"28.0\" width=\"28.0\" x=\"415.5\" y=\"149.0\"></omgdc:Bounds>\n      </bpmndi:BPMNShape>\n      <bpmndi:BPMNEdge bpmnElement=\"sid-72D0EAA2-538F-4028-A8E4-9DE6E3CD613A\" id=\"BPMNEdge_sid-72D0EAA2-538F-4028-A8E4-9DE6E3CD613A\">\n        <omgdi:waypoint x=\"80.5\" y=\"163.0\"></omgdi:waypoint>\n        <omgdi:waypoint x=\"125.5\" y=\"163.0\"></omgdi:waypoint>\n      </bpmndi:BPMNEdge>\n      <bpmndi:BPMNEdge bpmnElement=\"sid-84F7E499-62B9-45BE-A76F-55DE231C6E6D\" id=\"BPMNEdge_sid-84F7E499-62B9-45BE-A76F-55DE231C6E6D\">\n        <omgdi:waypoint x=\"370.5\" y=\"163.0\"></omgdi:waypoint>\n        <omgdi:waypoint x=\"415.5\" y=\"163.0\"></omgdi:waypoint>\n      </bpmndi:BPMNEdge>\n      <bpmndi:BPMNEdge bpmnElement=\"sid-506B6480-6BE6-4445-A056-6FFC19A48998\" id=\"BPMNEdge_sid-506B6480-6BE6-4445-A056-6FFC19A48998\">\n        <omgdi:waypoint x=\"225.5\" y=\"163.0\"></omgdi:waypoint>\n        <omgdi:waypoint x=\"270.5\" y=\"163.0\"></omgdi:waypoint>\n      </bpmndi:BPMNEdge>\n    </bpmndi:BPMNPlane>\n  </bpmndi:BPMNDiagram>\n</definitions>',0),('15163',1,'name.process.png','15161','PNG\r\n\Z\n\0\0\0\rIHDR\0\0\\0\0\0\\0\0\0&`\\0\0IDATx\\\klU\p?c1~2\8\81cr5^Ta(bri` DT7\\%1\.-\pIE@0cu\vhw\7{w\Zv<\zߵ\\0\0\0\0\0\0\0\0\0\0\0\0\0\0\0\0\0\0\0\0\0\0\0\0\0\0\0\0\0\0\0\0\0\0\0\0\0\0\0\0\0\0\0\0\0\0\0\0\0\0\0\0\0\0\0\0\0\0\0\0\0\0\0\0\0\0\0\0\0\0\0\0\0\0\0\0\0\0\0\0\0\0\0\0\0\0\0\0\0\0\0\0\0\0\0\0\0\0\0\0\0\0\0\0\0\0\0\0\0\0\0\0\0\0\0\0\0\0\0\0\0\0\0\0\0\0\0\0\0\0\0\0\0\0\0\0\0\0\0\0\0\0\0\0\0\0\0\0\0\0\0\0\0\0\0\0\0\0\0\0\0\0\0\0\0\0\0\0\0\0\0\0\0\0\0\0\0\0\0\0\0\0\0\0\0\0\0\0\0\0\0\0\0\0\0\0\0\0\0\0\0\0\0\0\0\0\0\0\0\0\0\0\0\0\0\0H\v\Zy\_׬YZʨXzu~\-CF=fF\\֤39v\1D+Yn\\\\!\ZuUMQ;no!\2U#\iA;!CFeF\PH%2d\[\\n\\\Hv}\\׫ge#\m&C2u\\'\)rq[ܧi2$CP7Mq\\qZ1\\)D\\OS\\B-\S4E!m\\^Zܧi2$C)*h\n\\[S#{+hqB)ʐA\4ŝZ\\>HS!iڿJqWz[ܧi2$CP7M1\\-\V\\6EHA!jG&;7\\\^\mqB)ʐA]4\8\Ȏ\r?(\sFMQdwSL\;v6\'\^Y>\1X[\x-{[\n\\MS\ϖ}_[\n(C2æ)k1ˇ¤)ʐڧh(h2$C)\Z\n\h&C2Bɐ+W\Ξ=cҤI\1bD\#$\'N<1k֬\,onnKS443jԨkhhx*\Kұ3\Q\q$\S\q\Y?Ԧ\SLI\|\d\\I{{{r\ȑ$\eggg\\'-J\q\=\O/\,M\P\dH*\\7҆wT\\hI3Z;^z\\iӦO:hx\'OLk\֭\\ӓ]\ͻIS446kұ\,\ZaON\!Θ0a¯˖-;fX\\O?M\u\\8GS44\\А]\7jԨ\\O{&?SV\loÆ\r\\/\*k\fe.\\/O=\o;v\H={x翦)\Z\Ѐ6\?\D~\.8|px^9u\TSS\\ioh\\\\Μ9Ϛ)\\Ѐ\K\r駟\f\\"\ϖ7\1>\?~\5C\i\\AS44EC\{bi\tƌ%\sKs\\)_Jn\)Sv\>\\'MGS44EC\ݩ#LK3\m\\X6clˆ6Q\<\\\Ǐ\'-}\O\\	M\\\r:xoq\.Z\\X˨\\_\c\W_%\'Oޫ)\Z!C\7KdÇ~X\8O<q\|>zq\8&^mAK\?)h\n\Pf(\u~pM\\:4(5:J-\5u\\'N8\\5غIVَ\|`UCC\?*h\n\Pe\ԩ۲Ǽ⋃Z\s8n\\ɓ7ũ\*)j\\\jca(\bS\4\Щsf]vP\t|s,8v\\m\\\\0\P*h\n\\Pf\\ɽ\\0rq\\ϰn\\ѣ\\'~#G<Qa,n)h\n\\g\d~}>\\\3\n\H\4\<q\\n|TN\\L\\\\\gq~\o\\\о\\\o=\\{=>\'\\w\uIoK>\\\oL6mڔ<\C\ח\\ra\BSSS\<n߾}Y.b3&\Cܾ{\>_޼ygN]裏Z\\\P\*]D3\\cu\>\?\*c\\AQX\\ڒ5k\\FG\\\]߿\e˖\\\.,Ytww\_t8L2\W^y匏y׳둃<q\\\F?vݺuY\y\W&\zkv=Fd\\k=\\y\\\t\2\s\S\\\e\\\\J6\84+4\\BV+M1f~q\\\U\M1.Ya\\o]\\\\\s\~Mqxd\LM5Y|iL1;,\Wld\ٳK__x\ɴiӲ\\Zyn\|u#\^\\\2\K}ZdSL\j\KO[\q\\'\\_x%{N,U\\\} \ܹ3[\ʗ&)\\\ϲ\\\M>s˳i\ω\\Nř_\$cC+\cƎ]\dO?Cqx\W$+W̮\k\\Szϐ\)V@!aܸq+yF\\\3$TkS\\v|}\UW%w\yg`]|\Y\ˋ\\\\bQ\"1Sȗ\.RMqe\L3\ظ\rx\\|G\nCd\ꫯ\2U\_\\+V$]vY?C\Yh\\,_\3\T\`U!nݺ;~k}}\u\7\ XbQm۶X~\gQSM1߯~(-g\r\-\_>S\sO\qZ\Zy뭷z̫}\ܧy\0aBG%fO>\Z=\z-4\(>>\RT\0o˛b\\rj\\t\LNb.\yN)\>|\(n;wnٟ\?n>,oy.&C=\k%2o\ŋ\̆t\\}\\\\>\^,YE\\\\3Şba\|f\\r7ܐ\k\9\\{Zތe\\\\\r/\\ }\D+:Q\dROV\@\פ[]i!%^s-4\r~=?\L1\:\\}Q\Ӛbmf(\u\]\(n\q\\w/[泸\|Ks8Y\N\\WX>b?vs\4\w=>.#Ve\zy\{w1\Z\9s\r\hhh\\\\dC\K_@Oë)ƾbX\doɈ~^bGS\+\\|\Een*ݟ\\\lbŃk\2tn:?\&1\Rj<lX˦=l<nIvl߾\@4\]v\K\)4Ej\\\cK(\81\p\n%\\h\\7/r\ȑ\7\MA!\z\ŦM.>\Y`\ZKq\\k<\\g\\.zP֬\\\\\ƿlܸq\\4ö7nܶ\I;֤4Md\yd\!\~ \\ѣGϜ9scKK\SG\ɽ\\\ؗ6\/\Ν\:f̘\\\\p;jIAS\dHj^T\ctq&͞r\\{\\\\\dqn8\p>󁂦ɐנ)h2$Cɐ\n&C2(h\n\)h2$Cɐ\n&C2)ɐ)ɐ)ɐ)ɐ)ɐ)ɐ)ɐ)ɐ)ɐ)fh\n)\Z\"(hh\(hh\(hh\T5k\($\3\!\Z\ׯ\\\\TL`/N\v2\-CP5\Yv\_8\\m\G1[z\x@z\T?џҭ\\b\%Go\b&C2\0\0\0\0\0\0\0\0\0\0\0\0\0\0\0p\#\\Z\0\0\0\0IENDB`',1),('15166',1,'s.bpmn','15165','<?xml version=\"1.0\" encoding=\"UTF-8\"?>\n<definitions xmlns=\"http://www.omg.org/spec/BPMN/20100524/MODEL\" xmlns:xsi=\"http://www.w3.org/2001/XMLSchema-instance\" xmlns:xsd=\"http://www.w3.org/2001/XMLSchema\" xmlns:activiti=\"http://activiti.org/bpmn\" xmlns:bpmndi=\"http://www.omg.org/spec/BPMN/20100524/DI\" xmlns:omgdc=\"http://www.omg.org/spec/DD/20100524/DC\" xmlns:omgdi=\"http://www.omg.org/spec/DD/20100524/DI\" typeLanguage=\"http://www.w3.org/2001/XMLSchema\" expressionLanguage=\"http://www.w3.org/1999/XPath\" targetNamespace=\"http://www.activiti.org/test\">\n  <process id=\"myProcess\" name=\"My process\" isExecutable=\"true\">\n    <startEvent id=\"startevent1\" name=\"Start\"></startEvent>\n    <userTask id=\"usertask1\" name=\"User Task\" activiti:candidateGroups=\"张三，李四\"></userTask>\n    <userTask id=\"usertask2\" name=\"User Task\"></userTask>\n    <sequenceFlow id=\"flow1\" sourceRef=\"startevent1\" targetRef=\"usertask1\"></sequenceFlow>\n    <sequenceFlow id=\"flow2\" sourceRef=\"usertask1\" targetRef=\"usertask2\"></sequenceFlow>\n    <endEvent id=\"endevent1\" name=\"End\"></endEvent>\n    <sequenceFlow id=\"flow3\" sourceRef=\"usertask2\" targetRef=\"endevent1\"></sequenceFlow>\n    <userTask id=\"usertask3\" name=\"User Task\"></userTask>\n    <sequenceFlow id=\"flow4\" sourceRef=\"usertask1\" targetRef=\"usertask3\"></sequenceFlow>\n  </process>\n  <bpmndi:BPMNDiagram id=\"BPMNDiagram_myProcess\">\n    <bpmndi:BPMNPlane bpmnElement=\"myProcess\" id=\"BPMNPlane_myProcess\">\n      <bpmndi:BPMNShape bpmnElement=\"startevent1\" id=\"BPMNShape_startevent1\">\n        <omgdc:Bounds height=\"35.0\" width=\"35.0\" x=\"140.0\" y=\"200.0\"></omgdc:Bounds>\n      </bpmndi:BPMNShape>\n      <bpmndi:BPMNShape bpmnElement=\"usertask1\" id=\"BPMNShape_usertask1\">\n        <omgdc:Bounds height=\"55.0\" width=\"105.0\" x=\"260.0\" y=\"190.0\"></omgdc:Bounds>\n      </bpmndi:BPMNShape>\n      <bpmndi:BPMNShape bpmnElement=\"usertask2\" id=\"BPMNShape_usertask2\">\n        <omgdc:Bounds height=\"55.0\" width=\"105.0\" x=\"410.0\" y=\"190.0\"></omgdc:Bounds>\n      </bpmndi:BPMNShape>\n      <bpmndi:BPMNShape bpmnElement=\"endevent1\" id=\"BPMNShape_endevent1\">\n        <omgdc:Bounds height=\"35.0\" width=\"35.0\" x=\"590.0\" y=\"200.0\"></omgdc:Bounds>\n      </bpmndi:BPMNShape>\n      <bpmndi:BPMNShape bpmnElement=\"usertask3\" id=\"BPMNShape_usertask3\">\n        <omgdc:Bounds height=\"55.0\" width=\"105.0\" x=\"410.0\" y=\"190.0\"></omgdc:Bounds>\n      </bpmndi:BPMNShape>\n      <bpmndi:BPMNEdge bpmnElement=\"flow1\" id=\"BPMNEdge_flow1\">\n        <omgdi:waypoint x=\"175.0\" y=\"217.0\"></omgdi:waypoint>\n        <omgdi:waypoint x=\"260.0\" y=\"217.0\"></omgdi:waypoint>\n      </bpmndi:BPMNEdge>\n      <bpmndi:BPMNEdge bpmnElement=\"flow2\" id=\"BPMNEdge_flow2\">\n        <omgdi:waypoint x=\"365.0\" y=\"217.0\"></omgdi:waypoint>\n        <omgdi:waypoint x=\"410.0\" y=\"217.0\"></omgdi:waypoint>\n      </bpmndi:BPMNEdge>\n      <bpmndi:BPMNEdge bpmnElement=\"flow3\" id=\"BPMNEdge_flow3\">\n        <omgdi:waypoint x=\"515.0\" y=\"217.0\"></omgdi:waypoint>\n        <omgdi:waypoint x=\"590.0\" y=\"217.0\"></omgdi:waypoint>\n      </bpmndi:BPMNEdge>\n      <bpmndi:BPMNEdge bpmnElement=\"flow4\" id=\"BPMNEdge_flow4\">\n        <omgdi:waypoint x=\"365.0\" y=\"217.0\"></omgdi:waypoint>\n        <omgdi:waypoint x=\"410.0\" y=\"217.0\"></omgdi:waypoint>\n      </bpmndi:BPMNEdge>\n    </bpmndi:BPMNPlane>\n  </bpmndi:BPMNDiagram>\n</definitions>',0),('15167',1,'s.myProcess.png','15165','PNG\r\n\Z\n\0\0\0\rIHDR\0\0{\0\0\0\0\0\0p\0\0OIDATx\\\_le\0p\\\I1jDbbb/\B\^311s!Qi`@WI+N&A%Y\Q\Z\B2]\\ biV\oߧr\E\n\_\\/yΡ=\\<\\\.\0\0\0\0\0\0\0\0\0\0\0\0\0\0\0\0\0\0\0\0\0\0\0\0\0\0\0\0\0\0\0\0\0\0\0\0\0\0\0\0\0\0\0\0\0\0\0\0\0\0\0\0\0\0\0\0\0\0\0\0\0\0\0\0\0\0\0\0\0\0\0\0\0\0\0\0\0\0\0\0\0\0\0\0\0\0\0\0\0\0\0\0\0\0\0\0\0\0\0\0\0\0\0\0\0\0\0\0\0\0\0\0\0\0\0\0\0\0\0\0\0\0\0\0\0\0\0\0\0\0\0\0\0\0\0\0\0\0\0\0\0\0\0\0\0\0\0\0\0\0\0\0\0\0\0\0\0\0\0\0\0\0\0\0\0\0\0\0\0\0\0\0\0\0\0\0\0\0\0\0\0\0\0\0\0\0\0\0\0\0\0\0\0\0\0\0\0\0\0\0\0\0\0\0\0\0\0\0\0\0\0\0\0\0\0\0\0\0\0\0\0\0\0\0\0\0\0\0\0\0\0\0\0\0\0\0\0\0\0\0\0\0\0\0\0\0\0\0\0\0\0\0\0\0\0\0\0\0\0\0\0\0\0\0\0\0\0\0\0\0\0\0\0\0\0\0\0\0\0\0\0\0\0\0\0\0\0\0\0\0\0\0\0\0\0\0\0\0\0\0\0\0\0\0\0\0\0\0\0\0\0\0\0\0\0\0\0\0\0\0\0\0\0\0\0\0\0\0\0\0\0\0\0\0\0\0\0\0\0\0\0\0\0\0\0\0\0\0\0\0\0\0\0\0\0\0\0\0\0\0\0\0\0\0\0\0\0\0\0\0\0\0\0\0\0\0\0\0\0\0\0\0\0\0\0\0\0\0\0\0\0\0\0\0\0\0\0\0\0\0\0\0\0\0\0\0\0\0\0\0\0\0\0\0\0\0\0\0\0\0\0\0\0\0\0\0\0\0\0\0\0\0\0\0\0\0\0\0\0\0\0\0\0\0\0\0\0\0\0\0\0\0\0\0\0\0\0\0\0\0\0\0\0\0\0\0\0\0(,\~\_iӦSk׮͚E\rĚ5k\r6|n\\):6nܘɫ˫\):\赴d\\\ٱc\D\rEOOO\LaWvjS^-rbDOA\\|y\p˫ѓW\:\0\n\)6ů#\J!2G@Q \n,\\0\\{7\ئh*\J^0̋\\\ݘ\\-S8ey%\0\E\nr>vR8ey%\0\Eyۺ(\c\n,\\0ø(\<wТ)W`?\\r&ϧX#EV{RlL\Sz\\k+s\\YSS\3\\\ĉ|\ԩ\'x\\\k{\8{\)\B\'\\p7nܸ_\T\5w?\'KQ?f̘x\'Y,sΜ9;l\ʕ\֭[U=ydl\\|-Z(\\#vr\\%9XQ\NEY^ɫ\*5iJy\r\`-FԔ3f\\SOM<\o\\\\r\\ǳ\\\l\٧\Z\ZN2\\\\+\_0hQ\NEY^ɫ\(5fό\7lq6k\Y\\lϞ=ّ#Gk^|\ي+7iҤs5}\\\0U\\\8<ꫯf٥ڼys\ӦM[9v\؟zk(\\ܚ}ᜳOm©(\+y5D:3A\^{fn(~\ٰ3fhr܁\\6U3k֬?>\\'?Ӭ:555O4]\\Z\tm初,?(\6ESQWj6z-YL_KSV^\sOq8\=\u\\M>\P?\oq\`\;^E\\\Yz-S8ey%F\8][87Ruvvf3g\,l\rTLr6zy\\\\u\Z\nQ;|ٺdйU(\J^g\\7b6m*K9~1p/\_\]\\s\\ڲJy׻&L+uP\|Q\ \#\5\Z(\+y5G~Ux1F\S\\̱`\\\Z~e5k֬\\bJ{\Gr\t{rE\F]\(\J^6p^)Oݞo)S\n/\w{ubyR\\u{NN0\o>\T(_Ȩ\FcREY^ɫ$L.\R/\肍\\\"L5\\gmDe\\|(W#IjV\X^\\&\r\%@;]u\\uf\;s*S,\?J[Ų(@؎;W__3{Zt\Pm=\_\/\?\#,fRRsuoъ+dp\\Tg\PR\\dժUUo/^\\T\>6_Hs(+\C<?\UW\8M+u\\[.Ԡ|\Z{n\ZfoӦMm=rE9	9nQ\R\U4})&\+y5ҏ(o߾5pdY\Z\Z\ZWcB{\u\!\k\(_b^kO^ɫrL\:W*\b\~\5T9J*&Vb=In\\Aa\LQVKWŧw啼\Z)\\\\qgjE_*G\j/IQ\-eE\y\w啼\Z)\\¯kj#{(\~\+Qf\1phadV\\tPOs\\5勋x \\\nd\>\\R^]!\\H:NǨ\O\\\^+W\\#}\\啫(O6hE\\w\u׀+=2\#/\\G{7ɓWj\']˨\\^&\\s:m8H9G`\nV_[\E9~n\ϫ:;x`IQ\\u/<y%F\q2=\ً]zrTSSӢTٛ>}\)\\#|;\H^r\\\\־/_\p\\r\\_~\\\\ݻ;Ｓ{|\>ܿ^\ZN<\-\sy\M7/b\\{_\JK5\\s$O^ɫzLM`]-\Ac\̙\\=%\\\\tooo5\؋{\~___=RZ\*\\+b͟?\\\\\\Z\).ʱ-\2\o˖-}7*\ۊW#\ĉQxo\CU{ޑ_=C\=\]~}՚^x\\\O\\)\;w\\R^mэ\w\\z\gͅ*q\\b^OqQ~\woo\\\?\|3_\\\\튲W#n\ފ+*^.]Z\\lPf\\Z㏟\,\'&LteO#\r\r\rsW<\R\\"\\\\W]u\E+:~N6sיo:\\K,Q啼\Z\nO\F\Ur	\\ξ\\O\\&%ޖ7{\@\d\\Y?\\\n\/u«(\\W^\#\;_vm\\9L\dCY\\"bٲe\WZտ\?:\n\\*y%F3K|oV\\Y\Z8o޼F/˽coPVSN͔)S8pbIe˖\\';+\B\'\\H݋o\50V\(8}{\"5{hOPv\S\.^D%N\vuu\\\q\\\;(+\JȫjK\rת|\ce\p1\M1\bC\\\\˗/g\\\}+}\]We͞W`\ر\\\rX,K1+Gj2\P\\'MŊ\\5w\[\\VfOȫZ\\nIq ߈ŜY\SE#z\\DUĕuuu˖-\[\9zq\ֈ,4{B^\\\k\E\(\\\\\R3gN\\4zT/5f\\Uv\:z˫\Uq19z\\	yU\V\m\\P\&\:zEy}n5z\Ґ\\{\g>۱cǐF\\MMMc4/%R(͞W\h\㗩vu5i\#<\Y,WW\\\ş\\\(`,k۸\\\Ԥh\Rr΍:u\_{\֭ےzWas})\\/^\\Z[ŝ1,(͞Wõ\\QXG\*[\4~\\y\SJ>ؘ\c\\VQ=!F3Н_x\F\{ٝ1\0EYQWB7\ ƙ|ϟ(>ͻg\qg\\߽k(k@QV\\\(+\Jh\04{BQW\n\0͞P啼]V\\8	y%4{\0\\\r6\\\\Vj4:;;#\m\-ZZZNɫڍݻw\Jyu\`裏e߷o\)5ޚ5kvg\տ:ʾF/\ԉFtп;}\\\Ԏ}m86zy޾8\\0\0\0\0\0\0\0\0\0\0\0\0\0\0\0\0\0\0\0\0\0&?]\M\F\0\0\0\0IENDB`',1),('15171',1,'name.bpmn20.xml','15170','<?xml version=\"1.0\" encoding=\"UTF-8\"?>\n<definitions xmlns=\"http://www.omg.org/spec/BPMN/20100524/MODEL\" xmlns:xsi=\"http://www.w3.org/2001/XMLSchema-instance\" xmlns:xsd=\"http://www.w3.org/2001/XMLSchema\" xmlns:activiti=\"http://activiti.org/bpmn\" xmlns:bpmndi=\"http://www.omg.org/spec/BPMN/20100524/DI\" xmlns:omgdc=\"http://www.omg.org/spec/DD/20100524/DC\" xmlns:omgdi=\"http://www.omg.org/spec/DD/20100524/DI\" typeLanguage=\"http://www.w3.org/2001/XMLSchema\" expressionLanguage=\"http://www.w3.org/1999/XPath\" targetNamespace=\"http://www.activiti.org/processdef\">\n  <process id=\"process\" isExecutable=\"true\">\n    <startEvent id=\"sid-A96C3AAA-D6D7-4DB5-A1E3-73D49BA0CA60\"></startEvent>\n    <userTask id=\"sid-B42805EC-3B82-4E88-BCEB-E93869BF5284\" name=\"请假\" activiti:assignee=\"常用语:流程发起人\"></userTask>\n    <sequenceFlow id=\"sid-72D0EAA2-538F-4028-A8E4-9DE6E3CD613A\" sourceRef=\"sid-A96C3AAA-D6D7-4DB5-A1E3-73D49BA0CA60\" targetRef=\"sid-B42805EC-3B82-4E88-BCEB-E93869BF5284\"></sequenceFlow>\n    <userTask id=\"sid-62CC9B4B-804C-44D6-AC40-9E4DD72CCA0D\" name=\"上级审批\" activiti:assignee=\"岗位:院长\"></userTask>\n    <sequenceFlow id=\"sid-506B6480-6BE6-4445-A056-6FFC19A48998\" sourceRef=\"sid-B42805EC-3B82-4E88-BCEB-E93869BF5284\" targetRef=\"sid-62CC9B4B-804C-44D6-AC40-9E4DD72CCA0D\"></sequenceFlow>\n    <endEvent id=\"sid-AE528184-10E4-4D80-ADDE-21ED7729462E\"></endEvent>\n    <sequenceFlow id=\"sid-84F7E499-62B9-45BE-A76F-55DE231C6E6D\" sourceRef=\"sid-62CC9B4B-804C-44D6-AC40-9E4DD72CCA0D\" targetRef=\"sid-AE528184-10E4-4D80-ADDE-21ED7729462E\"></sequenceFlow>\n  </process>\n  <bpmndi:BPMNDiagram id=\"BPMNDiagram_process\">\n    <bpmndi:BPMNPlane bpmnElement=\"process\" id=\"BPMNPlane_process\">\n      <bpmndi:BPMNShape bpmnElement=\"sid-A96C3AAA-D6D7-4DB5-A1E3-73D49BA0CA60\" id=\"BPMNShape_sid-A96C3AAA-D6D7-4DB5-A1E3-73D49BA0CA60\">\n        <omgdc:Bounds height=\"30.0\" width=\"30.0\" x=\"50.5\" y=\"148.0\"></omgdc:Bounds>\n      </bpmndi:BPMNShape>\n      <bpmndi:BPMNShape bpmnElement=\"sid-B42805EC-3B82-4E88-BCEB-E93869BF5284\" id=\"BPMNShape_sid-B42805EC-3B82-4E88-BCEB-E93869BF5284\">\n        <omgdc:Bounds height=\"80.0\" width=\"100.0\" x=\"125.5\" y=\"123.0\"></omgdc:Bounds>\n      </bpmndi:BPMNShape>\n      <bpmndi:BPMNShape bpmnElement=\"sid-62CC9B4B-804C-44D6-AC40-9E4DD72CCA0D\" id=\"BPMNShape_sid-62CC9B4B-804C-44D6-AC40-9E4DD72CCA0D\">\n        <omgdc:Bounds height=\"80.0\" width=\"100.0\" x=\"270.5\" y=\"123.0\"></omgdc:Bounds>\n      </bpmndi:BPMNShape>\n      <bpmndi:BPMNShape bpmnElement=\"sid-AE528184-10E4-4D80-ADDE-21ED7729462E\" id=\"BPMNShape_sid-AE528184-10E4-4D80-ADDE-21ED7729462E\">\n        <omgdc:Bounds height=\"28.0\" width=\"28.0\" x=\"415.5\" y=\"149.0\"></omgdc:Bounds>\n      </bpmndi:BPMNShape>\n      <bpmndi:BPMNEdge bpmnElement=\"sid-72D0EAA2-538F-4028-A8E4-9DE6E3CD613A\" id=\"BPMNEdge_sid-72D0EAA2-538F-4028-A8E4-9DE6E3CD613A\">\n        <omgdi:waypoint x=\"80.5\" y=\"163.0\"></omgdi:waypoint>\n        <omgdi:waypoint x=\"125.5\" y=\"163.0\"></omgdi:waypoint>\n      </bpmndi:BPMNEdge>\n      <bpmndi:BPMNEdge bpmnElement=\"sid-84F7E499-62B9-45BE-A76F-55DE231C6E6D\" id=\"BPMNEdge_sid-84F7E499-62B9-45BE-A76F-55DE231C6E6D\">\n        <omgdi:waypoint x=\"370.5\" y=\"163.0\"></omgdi:waypoint>\n        <omgdi:waypoint x=\"415.5\" y=\"163.0\"></omgdi:waypoint>\n      </bpmndi:BPMNEdge>\n      <bpmndi:BPMNEdge bpmnElement=\"sid-506B6480-6BE6-4445-A056-6FFC19A48998\" id=\"BPMNEdge_sid-506B6480-6BE6-4445-A056-6FFC19A48998\">\n        <omgdi:waypoint x=\"225.5\" y=\"163.0\"></omgdi:waypoint>\n        <omgdi:waypoint x=\"270.5\" y=\"163.0\"></omgdi:waypoint>\n      </bpmndi:BPMNEdge>\n    </bpmndi:BPMNPlane>\n  </bpmndi:BPMNDiagram>\n</definitions>',0),('15172',1,'name.process.png','15170','PNG\r\n\Z\n\0\0\0\rIHDR\0\0\\0\0\0\\0\0\0&`\\0\0IDATx\\\klU\p?c1~2\8\81cr5^Ta(bri` DT7\\%1\.-\pIE@0cu\vhw\7{w\Zv<\zߵ\\0\0\0\0\0\0\0\0\0\0\0\0\0\0\0\0\0\0\0\0\0\0\0\0\0\0\0\0\0\0\0\0\0\0\0\0\0\0\0\0\0\0\0\0\0\0\0\0\0\0\0\0\0\0\0\0\0\0\0\0\0\0\0\0\0\0\0\0\0\0\0\0\0\0\0\0\0\0\0\0\0\0\0\0\0\0\0\0\0\0\0\0\0\0\0\0\0\0\0\0\0\0\0\0\0\0\0\0\0\0\0\0\0\0\0\0\0\0\0\0\0\0\0\0\0\0\0\0\0\0\0\0\0\0\0\0\0\0\0\0\0\0\0\0\0\0\0\0\0\0\0\0\0\0\0\0\0\0\0\0\0\0\0\0\0\0\0\0\0\0\0\0\0\0\0\0\0\0\0\0\0\0\0\0\0\0\0\0\0\0\0\0\0\0\0\0\0\0\0\0\0\0\0\0\0\0\0\0\0\0\0\0\0\0\0\0H\v\Zy\_׬YZʨXzu~\-CF=fF\\֤39v\1D+Yn\\\\!\ZuUMQ;no!\2U#\iA;!CFeF\PH%2d\[\\n\\\Hv}\\׫ge#\m&C2u\\'\)rq[ܧi2$CP7Mq\\qZ1\\)D\\OS\\B-\S4E!m\\^Zܧi2$C)*h\n\\[S#{+hqB)ʐA\4ŝZ\\>HS!iڿJqWz[ܧi2$CP7M1\\-\V\\6EHA!jG&;7\\\^\mqB)ʐA]4\8\Ȏ\r?(\sFMQdwSL\;v6\'\^Y>\1X[\x-{[\n\\MS\ϖ}_[\n(C2æ)k1ˇ¤)ʐڧh(h2$C)\Z\n\h&C2Bɐ+W\Ξ=cҤI\1bD\#$\'N<1k֬\,onnKS443jԨkhhx*\Kұ3\Q\q$\S\q\Y?Ԧ\SLI\|\d\\I{{{r\ȑ$\eggg\\'-J\q\=\O/\,M\P\dH*\\7҆wT\\hI3Z;^z\\iӦO:hx\'OLk\֭\\ӓ]\ͻIS446kұ\,\ZaON\!Θ0a¯˖-;fX\\O?M\u\\8GS44\\А]\7jԨ\\O{&?SV\loÆ\r\\/\*k\fe.\\/O=\o;v\H={x翦)\Z\Ѐ6\?\D~\.8|px^9u\TSS\\ioh\\\\Μ9Ϛ)\\Ѐ\K\r駟\f\\"\ϖ7\1>\?~\5C\i\\AS44EC\{bi\tƌ%\sKs\\)_Jn\)Sv\>\\'MGS44EC\ݩ#LK3\m\\X6clˆ6Q\<\\\Ǐ\'-}\O\\	M\\\r:xoq\.Z\\X˨\\_\c\W_%\'Oޫ)\Z!C\7KdÇ~X\8O<q\|>zq\8&^mAK\?)h\n\Pf(\u~pM\\:4(5:J-\5u\\'N8\\5غIVَ\|`UCC\?*h\n\Pe\ԩ۲Ǽ⋃Z\s8n\\ɓ7ũ\*)j\\\jca(\bS\4\Щsf]vP\t|s,8v\\m\\\\0\P*h\n\\Pf\\ɽ\\0rq\\ϰn\\ѣ\\'~#G<Qa,n)h\n\\g\d~}>\\\3\n\H\4\<q\\n|TN\\L\\\\\gq~\o\\\о\\\o=\\{=>\'\\w\uIoK>\\\oL6mڔ<\C\ח\\ra\BSSS\<n߾}Y.b3&\Cܾ{\>_޼ygN]裏Z\\\P\*]D3\\cu\>\?\*c\\AQX\\ڒ5k\\FG\\\]߿\e˖\\\.,Ytww\_t8L2\W^y匏y׳둃<q\\\F?vݺuY\y\W&\zkv=Fd\\k=\\y\\\t\2\s\S\\\e\\\\J6\84+4\\BV+M1f~q\\\U\M1.Ya\\o]\\\\\s\~Mqxd\LM5Y|iL1;,\Wld\ٳK__x\ɴiӲ\\Zyn\|u#\^\\\2\K}ZdSL\j\KO[\q\\'\\_x%{N,U\\\} \ܹ3[\ʗ&)\\\ϲ\\\M>s˳i\ω\\Nř_\$cC+\cƎ]\dO?Cqx\W$+W̮\k\\Szϐ\)V@!aܸq+yF\\\3$TkS\\v|}\UW%w\yg`]|\Y\ˋ\\\\bQ\"1Sȗ\.RMqe\L3\ظ\rx\\|G\nCd\ꫯ\2U\_\\+V$]vY?C\Yh\\,_\3\T\`U!nݺ;~k}}\u\7\ XbQm۶X~\gQSM1߯~(-g\r\-\_>S\sO\qZ\Zy뭷z̫}\ܧy\0aBG%fO>\Z=\z-4\(>>\RT\0o˛b\\rj\\t\LNb.\yN)\>|\(n;wnٟ\?n>,oy.&C=\k%2o\ŋ\̆t\\}\\\\>\^,YE\\\\3Şba\|f\\r7ܐ\k\9\\{Zތe\\\\\r/\\ }\D+:Q\dROV\@\פ[]i!%^s-4\r~=?\L1\:\\}Q\Ӛbmf(\u\]\(n\q\\w/[泸\|Ks8Y\N\\WX>b?vs\4\w=>.#Ve\zy\{w1\Z\9s\r\hhh\\\\dC\K_@Oë)ƾbX\doɈ~^bGS\+\\|\Een*ݟ\\\lbŃk\2tn:?\&1\Rj<lX˦=l<nIvl߾\@4\]v\K\)4Ej\\\cK(\81\p\n%\\h\\7/r\ȑ\7\MA!\z\ŦM.>\Y`\ZKq\\k<\\g\\.zP֬\\\\\ƿlܸq\\4ö7nܶ\I;֤4Md\yd\!\~ \\ѣGϜ9scKK\SG\ɽ\\\ؗ6\/\Ν\:f̘\\\\p;jIAS\dHj^T\ctq&͞r\\{\\\\\dqn8\p>󁂦ɐנ)h2$Cɐ\n&C2(h\n\)h2$Cɐ\n&C2)ɐ)ɐ)ɐ)ɐ)ɐ)ɐ)ɐ)ɐ)ɐ)fh\n)\Z\"(hh\(hh\(hh\T5k\($\3\!\Z\ׯ\\\\TL`/N\v2\-CP5\Yv\_8\\m\G1[z\x@z\T?џҭ\\b\%Go\b&C2\0\0\0\0\0\0\0\0\0\0\0\0\0\0\0p\#\\Z\0\0\0\0IENDB`',1),('2',1,'D:\\OpenSource\\LemonOA\\lemon-master\\webapp\\WEB-INF\\classes\\bpmn2\\permission.bpmn20.xml','1','<?xml version=\"1.0\" encoding=\"UTF-8\"?>\r\n<definitions\r\n  xmlns=\"http://www.omg.org/spec/BPMN/20100524/MODEL\"\r\n  xmlns:xsi=\"http://www.w3.org/2001/XMLSchema-instance\"\r\n  xmlns:xsd=\"http://www.w3.org/2001/XMLSchema\"\r\n  xmlns:activiti=\"http://activiti.org/bpmn\"\r\n  xmlns:bpmndi=\"http://www.omg.org/spec/BPMN/20100524/DI\"\r\n  xmlns:omgdc=\"http://www.omg.org/spec/DD/20100524/DC\"\r\n  xmlns:omgdi=\"http://www.omg.org/spec/DD/20100524/DI\"\r\n  typeLanguage=\"http://www.w3.org/2001/XMLSchema\"\r\n  expressionLanguage=\"http://www.w3.org/1999/XPath\"\r\n  targetNamespace=\"http://www.mossle.com\">\r\n  <process id=\"permission\" name=\"审批权限\" isExecutable=\"true\">\r\n    <documentation>审批权限</documentation>\r\n  <dataObject id=\"dObj123\" name=\"StringTest123\" itemSubjectRef=\"xsd:string\">\r\n    <extensionElements>\r\n      <activiti:value>Testing123</activiti:value>\r\n    </extensionElements>\r\n  </dataObject>\r\n    <startEvent id=\"startEvent-1\"></startEvent>\r\n    <userTask id=\"usertask1\" name=\"发起申请\" activiti:assignee=\"常用语:流程发起人\" activiti:formKey=\"permission-request\"></userTask>\r\n    <sequenceFlow id=\"flow1\" sourceRef=\"startEvent-1\" targetRef=\"usertask1\"></sequenceFlow>\r\n    <userTask id=\"usertask2\" name=\"部门经理审批\" activiti:assignee=\"岗位:经理\" activiti:formKey=\"permission-department\"></userTask>\r\n    <sequenceFlow id=\"flow2\" sourceRef=\"usertask1\" targetRef=\"usertask2\"></sequenceFlow>\r\n    <userTask id=\"usertask3\" name=\"总经理审批\" activiti:assignee=\"岗位:总经理\" activiti:formKey=\"permission-manager\"></userTask>\r\n    <sequenceFlow id=\"flow3\" sourceRef=\"usertask2\" targetRef=\"usertask3\"></sequenceFlow>\r\n    <endEvent id=\"endevent1\" name=\"End\"></endEvent>\r\n    <sequenceFlow id=\"flow4\" sourceRef=\"usertask3\" targetRef=\"endevent1\"></sequenceFlow>\r\n  </process>\r\n  <bpmndi:BPMNDiagram id=\"BPMNDiagram_permission\">\r\n    <bpmndi:BPMNPlane bpmnElement=\"permission\" id=\"BPMNPlane_permission\">\r\n      <bpmndi:BPMNShape bpmnElement=\"startEvent-1\" id=\"BPMNShape_startEvent-1\">\r\n        <omgdc:Bounds height=\"35.0\" width=\"35.0\" x=\"40.0\" y=\"60.0\"></omgdc:Bounds>\r\n      </bpmndi:BPMNShape>\r\n      <bpmndi:BPMNShape bpmnElement=\"usertask1\" id=\"BPMNShape_usertask1\">\r\n        <omgdc:Bounds height=\"55.0\" width=\"105.0\" x=\"120.0\" y=\"50.0\"></omgdc:Bounds>\r\n      </bpmndi:BPMNShape>\r\n      <bpmndi:BPMNShape bpmnElement=\"usertask2\" id=\"BPMNShape_usertask2\">\r\n        <omgdc:Bounds height=\"55.0\" width=\"105.0\" x=\"280.0\" y=\"50.0\"></omgdc:Bounds>\r\n      </bpmndi:BPMNShape>\r\n      <bpmndi:BPMNShape bpmnElement=\"usertask3\" id=\"BPMNShape_usertask3\">\r\n        <omgdc:Bounds height=\"55.0\" width=\"105.0\" x=\"440.0\" y=\"50.0\"></omgdc:Bounds>\r\n      </bpmndi:BPMNShape>\r\n      <bpmndi:BPMNShape bpmnElement=\"endevent1\" id=\"BPMNShape_endevent1\">\r\n        <omgdc:Bounds height=\"35.0\" width=\"35.0\" x=\"600.0\" y=\"60.0\"></omgdc:Bounds>\r\n      </bpmndi:BPMNShape>\r\n      <bpmndi:BPMNEdge bpmnElement=\"flow1\" id=\"BPMNEdge_flow1\">\r\n        <omgdi:waypoint x=\"75.0\" y=\"77.0\"></omgdi:waypoint>\r\n        <omgdi:waypoint x=\"120.0\" y=\"77.0\"></omgdi:waypoint>\r\n      </bpmndi:BPMNEdge>\r\n      <bpmndi:BPMNEdge bpmnElement=\"flow2\" id=\"BPMNEdge_flow2\">\r\n        <omgdi:waypoint x=\"225.0\" y=\"77.0\"></omgdi:waypoint>\r\n        <omgdi:waypoint x=\"280.0\" y=\"77.0\"></omgdi:waypoint>\r\n      </bpmndi:BPMNEdge>\r\n      <bpmndi:BPMNEdge bpmnElement=\"flow3\" id=\"BPMNEdge_flow3\">\r\n        <omgdi:waypoint x=\"385.0\" y=\"77.0\"></omgdi:waypoint>\r\n        <omgdi:waypoint x=\"440.0\" y=\"77.0\"></omgdi:waypoint>\r\n      </bpmndi:BPMNEdge>\r\n      <bpmndi:BPMNEdge bpmnElement=\"flow4\" id=\"BPMNEdge_flow4\">\r\n        <omgdi:waypoint x=\"545.0\" y=\"77.0\"></omgdi:waypoint>\r\n        <omgdi:waypoint x=\"600.0\" y=\"77.0\"></omgdi:waypoint>\r\n      </bpmndi:BPMNEdge>\r\n    </bpmndi:BPMNPlane>\r\n  </bpmndi:BPMNDiagram>\r\n</definitions>',0),('20111',1,'学生请假流程.bpmn20.xml','20110','<?xml version=\"1.0\" encoding=\"UTF-8\"?>\n<definitions xmlns=\"http://www.omg.org/spec/BPMN/20100524/MODEL\" xmlns:xsi=\"http://www.w3.org/2001/XMLSchema-instance\" xmlns:xsd=\"http://www.w3.org/2001/XMLSchema\" xmlns:activiti=\"http://activiti.org/bpmn\" xmlns:bpmndi=\"http://www.omg.org/spec/BPMN/20100524/DI\" xmlns:omgdc=\"http://www.omg.org/spec/DD/20100524/DC\" xmlns:omgdi=\"http://www.omg.org/spec/DD/20100524/DI\" typeLanguage=\"http://www.w3.org/2001/XMLSchema\" expressionLanguage=\"http://www.w3.org/1999/XPath\" targetNamespace=\"http://www.activiti.org/processdef\">\n  <process id=\"vacation-student\" name=\"学生请假流程\" isExecutable=\"true\">\n    <startEvent id=\"sid-4CAE5CD3-1F38-40AF-833F-337531C9AA04\"></startEvent>\n    <userTask id=\"sid-92464D4A-380E-4D73-875E-E77E82399CEC\" name=\"填写请假单\" activiti:assignee=\"常用语:流程发起人\"></userTask>\n    <sequenceFlow id=\"sid-7ED9884A-39A2-4D1C-9C62-DA613AA5D0AC\" sourceRef=\"sid-4CAE5CD3-1F38-40AF-833F-337531C9AA04\" targetRef=\"sid-92464D4A-380E-4D73-875E-E77E82399CEC\"></sequenceFlow>\n    <userTask id=\"sid-2A5BFF60-DE0C-4DB9-954A-BA57F5611EE5\" name=\"辅导员审批\" activiti:assignee=\"常用语:直接上级\"></userTask>\n    <sequenceFlow id=\"sid-F7CA57B3-3251-4F32-9BB6-A3CCA9EAEBE8\" sourceRef=\"sid-92464D4A-380E-4D73-875E-E77E82399CEC\" targetRef=\"sid-2A5BFF60-DE0C-4DB9-954A-BA57F5611EE5\"></sequenceFlow>\n    <exclusiveGateway id=\"sid-F9CD4D4E-CC32-483C-A056-3BEB1F240A04\"></exclusiveGateway>\n    <userTask id=\"sid-19ABB7E8-A781-4964-83DE-CBD2598A1C66\" name=\"院系领导审批\" activiti:assignee=\"岗位:书记\"></userTask>\n    <userTask id=\"sid-5732769D-2626-4CE0-98E5-40B1E96645C9\" name=\"销假\" activiti:assignee=\"常用语:流程发起人\"></userTask>\n    <endEvent id=\"sid-23B845EA-CBD0-4089-91D8-5A593FD8D038\"></endEvent>\n    <sequenceFlow id=\"sid-2DB5C664-03AB-430D-B175-80AAA711D14C\" sourceRef=\"sid-5732769D-2626-4CE0-98E5-40B1E96645C9\" targetRef=\"sid-23B845EA-CBD0-4089-91D8-5A593FD8D038\"></sequenceFlow>\n    <exclusiveGateway id=\"sid-B488C7ED-61FC-4E3A-AAEF-AFAA5B4971C7\"></exclusiveGateway>\n    <exclusiveGateway id=\"sid-828C823A-98DD-4590-A7B3-4BFEC1CA6898\"></exclusiveGateway>\n    <sequenceFlow id=\"sid-F118A20C-A055-45C1-BB61-4EDCD47960EF\" sourceRef=\"sid-2A5BFF60-DE0C-4DB9-954A-BA57F5611EE5\" targetRef=\"sid-828C823A-98DD-4590-A7B3-4BFEC1CA6898\"></sequenceFlow>\n    <exclusiveGateway id=\"sid-0582E0A9-D35A-4DD6-B6A2-742D5FB7D17B\"></exclusiveGateway>\n    <userTask id=\"sid-9D95D662-1BB9-4571-AEE9-D7A12E9F85FF\" name=\"调整申请\" activiti:assignee=\"常用语:流程发起人\"></userTask>\n    <sequenceFlow id=\"sid-1B8EB751-F882-45BA-BBFA-F0EA5B43EF9E\" sourceRef=\"sid-9D95D662-1BB9-4571-AEE9-D7A12E9F85FF\" targetRef=\"sid-0582E0A9-D35A-4DD6-B6A2-742D5FB7D17B\"></sequenceFlow>\n    <sequenceFlow id=\"sid-B8177C51-129D-41C9-8C81-662566DE5F8C\" sourceRef=\"sid-19ABB7E8-A781-4964-83DE-CBD2598A1C66\" targetRef=\"sid-B488C7ED-61FC-4E3A-AAEF-AFAA5B4971C7\"></sequenceFlow>\n    <sequenceFlow id=\"sid-D7847956-F11B-4CDB-AB1E-F76514746007\" name=\"同意\" sourceRef=\"sid-828C823A-98DD-4590-A7B3-4BFEC1CA6898\" targetRef=\"sid-F9CD4D4E-CC32-483C-A056-3BEB1F240A04\">\n      <conditionExpression xsi:type=\"tFormalExpression\"><![CDATA[${leaderComment==\'同意\'}]]></conditionExpression>\n    </sequenceFlow>\n    <sequenceFlow id=\"sid-534C09CC-528F-4038-9CF9-6E4B748C1255\" name=\"重新申请\" sourceRef=\"sid-0582E0A9-D35A-4DD6-B6A2-742D5FB7D17B\" targetRef=\"sid-2A5BFF60-DE0C-4DB9-954A-BA57F5611EE5\">\n      <conditionExpression xsi:type=\"tFormalExpression\"><![CDATA[${initiatorComment==\'重新申请\'}]]></conditionExpression>\n    </sequenceFlow>\n    <sequenceFlow id=\"sid-62FE7A3C-C072-4D89-A3CA-0E1FF979D7AF\" name=\"撤销申请\" sourceRef=\"sid-0582E0A9-D35A-4DD6-B6A2-742D5FB7D17B\" targetRef=\"sid-23B845EA-CBD0-4089-91D8-5A593FD8D038\">\n      <conditionExpression xsi:type=\"tFormalExpression\"><![CDATA[${initiatorComment==\'撤销申请\'}]]></conditionExpression>\n    </sequenceFlow>\n    <sequenceFlow id=\"sid-9AA5012C-364A-4AB7-B01F-290F43FEEAD8\" name=\"不同意\" sourceRef=\"sid-B488C7ED-61FC-4E3A-AAEF-AFAA5B4971C7\" targetRef=\"sid-9D95D662-1BB9-4571-AEE9-D7A12E9F85FF\">\n      <conditionExpression xsi:type=\"tFormalExpression\"><![CDATA[${hrComment==\'不同意\'}]]></conditionExpression>\n    </sequenceFlow>\n    <sequenceFlow id=\"sid-313F050C-11CF-4E23-A92B-5FCA58D2B2CF\" name=\"同意\" sourceRef=\"sid-B488C7ED-61FC-4E3A-AAEF-AFAA5B4971C7\" targetRef=\"sid-5732769D-2626-4CE0-98E5-40B1E96645C9\">\n      <conditionExpression xsi:type=\"tFormalExpression\"><![CDATA[${hrComment==\'同意\'}]]></conditionExpression>\n    </sequenceFlow>\n    <sequenceFlow id=\"sid-42DB22EB-E24B-47E4-9CE4-49AD267BDE77\" name=\"小于三天\" sourceRef=\"sid-F9CD4D4E-CC32-483C-A056-3BEB1F240A04\" targetRef=\"sid-5732769D-2626-4CE0-98E5-40B1E96645C9\">\n      <conditionExpression xsi:type=\"tFormalExpression\"><![CDATA[${totalDays==\'小于三天\'}]]></conditionExpression>\n    </sequenceFlow>\n    <sequenceFlow id=\"sid-E65132CA-E43C-45B1-A3CD-68D6893C6BE3\" name=\"大于三天\" sourceRef=\"sid-F9CD4D4E-CC32-483C-A056-3BEB1F240A04\" targetRef=\"sid-19ABB7E8-A781-4964-83DE-CBD2598A1C66\">\n      <conditionExpression xsi:type=\"tFormalExpression\"><![CDATA[${totalDays==\'大于三天\'}]]></conditionExpression>\n    </sequenceFlow>\n    <sequenceFlow id=\"sid-C3AC032E-7815-4B5B-8ED3-6C2584194A79\" name=\"不同意\" sourceRef=\"sid-828C823A-98DD-4590-A7B3-4BFEC1CA6898\" targetRef=\"sid-9D95D662-1BB9-4571-AEE9-D7A12E9F85FF\">\n      <conditionExpression xsi:type=\"tFormalExpression\"><![CDATA[${leaderComment==\'不同意\'}]]></conditionExpression>\n    </sequenceFlow>\n  </process>\n  <bpmndi:BPMNDiagram id=\"BPMNDiagram_vacation-student\">\n    <bpmndi:BPMNPlane bpmnElement=\"vacation-student\" id=\"BPMNPlane_vacation-student\">\n      <bpmndi:BPMNShape bpmnElement=\"sid-4CAE5CD3-1F38-40AF-833F-337531C9AA04\" id=\"BPMNShape_sid-4CAE5CD3-1F38-40AF-833F-337531C9AA04\">\n        <omgdc:Bounds height=\"30.0\" width=\"30.0\" x=\"30.0\" y=\"295.0\"></omgdc:Bounds>\n      </bpmndi:BPMNShape>\n      <bpmndi:BPMNShape bpmnElement=\"sid-92464D4A-380E-4D73-875E-E77E82399CEC\" id=\"BPMNShape_sid-92464D4A-380E-4D73-875E-E77E82399CEC\">\n        <omgdc:Bounds height=\"80.0\" width=\"100.0\" x=\"105.0\" y=\"270.0\"></omgdc:Bounds>\n      </bpmndi:BPMNShape>\n      <bpmndi:BPMNShape bpmnElement=\"sid-2A5BFF60-DE0C-4DB9-954A-BA57F5611EE5\" id=\"BPMNShape_sid-2A5BFF60-DE0C-4DB9-954A-BA57F5611EE5\">\n        <omgdc:Bounds height=\"80.0\" width=\"100.0\" x=\"255.0\" y=\"270.0\"></omgdc:Bounds>\n      </bpmndi:BPMNShape>\n      <bpmndi:BPMNShape bpmnElement=\"sid-F9CD4D4E-CC32-483C-A056-3BEB1F240A04\" id=\"BPMNShape_sid-F9CD4D4E-CC32-483C-A056-3BEB1F240A04\">\n        <omgdc:Bounds height=\"40.0\" width=\"40.0\" x=\"630.0\" y=\"290.0\"></omgdc:Bounds>\n      </bpmndi:BPMNShape>\n      <bpmndi:BPMNShape bpmnElement=\"sid-19ABB7E8-A781-4964-83DE-CBD2598A1C66\" id=\"BPMNShape_sid-19ABB7E8-A781-4964-83DE-CBD2598A1C66\">\n        <omgdc:Bounds height=\"80.0\" width=\"100.0\" x=\"720.0\" y=\"270.0\"></omgdc:Bounds>\n      </bpmndi:BPMNShape>\n      <bpmndi:BPMNShape bpmnElement=\"sid-5732769D-2626-4CE0-98E5-40B1E96645C9\" id=\"BPMNShape_sid-5732769D-2626-4CE0-98E5-40B1E96645C9\">\n        <omgdc:Bounds height=\"80.0\" width=\"100.0\" x=\"930.0\" y=\"270.0\"></omgdc:Bounds>\n      </bpmndi:BPMNShape>\n      <bpmndi:BPMNShape bpmnElement=\"sid-23B845EA-CBD0-4089-91D8-5A593FD8D038\" id=\"BPMNShape_sid-23B845EA-CBD0-4089-91D8-5A593FD8D038\">\n        <omgdc:Bounds height=\"28.0\" width=\"28.0\" x=\"1095.0\" y=\"296.0\"></omgdc:Bounds>\n      </bpmndi:BPMNShape>\n      <bpmndi:BPMNShape bpmnElement=\"sid-B488C7ED-61FC-4E3A-AAEF-AFAA5B4971C7\" id=\"BPMNShape_sid-B488C7ED-61FC-4E3A-AAEF-AFAA5B4971C7\">\n        <omgdc:Bounds height=\"40.0\" width=\"40.0\" x=\"855.0\" y=\"290.0\"></omgdc:Bounds>\n      </bpmndi:BPMNShape>\n      <bpmndi:BPMNShape bpmnElement=\"sid-828C823A-98DD-4590-A7B3-4BFEC1CA6898\" id=\"BPMNShape_sid-828C823A-98DD-4590-A7B3-4BFEC1CA6898\">\n        <omgdc:Bounds height=\"40.0\" width=\"40.0\" x=\"400.0\" y=\"290.0\"></omgdc:Bounds>\n      </bpmndi:BPMNShape>\n      <bpmndi:BPMNShape bpmnElement=\"sid-0582E0A9-D35A-4DD6-B6A2-742D5FB7D17B\" id=\"BPMNShape_sid-0582E0A9-D35A-4DD6-B6A2-742D5FB7D17B\">\n        <omgdc:Bounds height=\"40.0\" width=\"40.0\" x=\"400.0\" y=\"15.0\"></omgdc:Bounds>\n      </bpmndi:BPMNShape>\n      <bpmndi:BPMNShape bpmnElement=\"sid-9D95D662-1BB9-4571-AEE9-D7A12E9F85FF\" id=\"BPMNShape_sid-9D95D662-1BB9-4571-AEE9-D7A12E9F85FF\">\n        <omgdc:Bounds height=\"80.0\" width=\"100.0\" x=\"370.0\" y=\"120.0\"></omgdc:Bounds>\n      </bpmndi:BPMNShape>\n      <bpmndi:BPMNEdge bpmnElement=\"sid-F118A20C-A055-45C1-BB61-4EDCD47960EF\" id=\"BPMNEdge_sid-F118A20C-A055-45C1-BB61-4EDCD47960EF\">\n        <omgdi:waypoint x=\"355.0\" y=\"310.2164502164502\"></omgdi:waypoint>\n        <omgdi:waypoint x=\"400.4130434782609\" y=\"310.4130434782609\"></omgdi:waypoint>\n      </bpmndi:BPMNEdge>\n      <bpmndi:BPMNEdge bpmnElement=\"sid-D7847956-F11B-4CDB-AB1E-F76514746007\" id=\"BPMNEdge_sid-D7847956-F11B-4CDB-AB1E-F76514746007\">\n        <omgdi:waypoint x=\"439.5\" y=\"310.5\"></omgdi:waypoint>\n        <omgdi:waypoint x=\"630.5\" y=\"310.5\"></omgdi:waypoint>\n        <bpmndi:BPMNLabel>\n          <omgdc:Bounds height=\"0.0\" width=\"0.0\" x=\"439.5\" y=\"310.5\"></omgdc:Bounds>\n        </bpmndi:BPMNLabel>\n      </bpmndi:BPMNEdge>\n      <bpmndi:BPMNEdge bpmnElement=\"sid-62FE7A3C-C072-4D89-A3CA-0E1FF979D7AF\" id=\"BPMNEdge_sid-62FE7A3C-C072-4D89-A3CA-0E1FF979D7AF\">\n        <omgdi:waypoint x=\"439.5\" y=\"35.5\"></omgdi:waypoint>\n        <omgdi:waypoint x=\"1109.0\" y=\"35.5\"></omgdi:waypoint>\n        <omgdi:waypoint x=\"1109.0\" y=\"296.0\"></omgdi:waypoint>\n        <bpmndi:BPMNLabel>\n          <omgdc:Bounds height=\"0.0\" width=\"0.0\" x=\"439.5\" y=\"35.5\"></omgdc:Bounds>\n        </bpmndi:BPMNLabel>\n      </bpmndi:BPMNEdge>\n      <bpmndi:BPMNEdge bpmnElement=\"sid-7ED9884A-39A2-4D1C-9C62-DA613AA5D0AC\" id=\"BPMNEdge_sid-7ED9884A-39A2-4D1C-9C62-DA613AA5D0AC\">\n        <omgdi:waypoint x=\"60.0\" y=\"310.0\"></omgdi:waypoint>\n        <omgdi:waypoint x=\"105.0\" y=\"310.0\"></omgdi:waypoint>\n      </bpmndi:BPMNEdge>\n      <bpmndi:BPMNEdge bpmnElement=\"sid-C3AC032E-7815-4B5B-8ED3-6C2584194A79\" id=\"BPMNEdge_sid-C3AC032E-7815-4B5B-8ED3-6C2584194A79\">\n        <omgdi:waypoint x=\"420.4099099099099\" y=\"290.4099099099099\"></omgdi:waypoint>\n        <omgdi:waypoint x=\"420.0044843049327\" y=\"200.0\"></omgdi:waypoint>\n        <bpmndi:BPMNLabel>\n          <omgdc:Bounds height=\"0.0\" width=\"0.0\" x=\"420.4099099099099\" y=\"290.4099099099099\"></omgdc:Bounds>\n        </bpmndi:BPMNLabel>\n      </bpmndi:BPMNEdge>\n      <bpmndi:BPMNEdge bpmnElement=\"sid-534C09CC-528F-4038-9CF9-6E4B748C1255\" id=\"BPMNEdge_sid-534C09CC-528F-4038-9CF9-6E4B748C1255\">\n        <omgdi:waypoint x=\"400.5\" y=\"35.5\"></omgdi:waypoint>\n        <omgdi:waypoint x=\"305.0\" y=\"35.5\"></omgdi:waypoint>\n        <omgdi:waypoint x=\"305.0\" y=\"270.0\"></omgdi:waypoint>\n        <bpmndi:BPMNLabel>\n          <omgdc:Bounds height=\"0.0\" width=\"0.0\" x=\"400.5\" y=\"35.5\"></omgdc:Bounds>\n        </bpmndi:BPMNLabel>\n      </bpmndi:BPMNEdge>\n      <bpmndi:BPMNEdge bpmnElement=\"sid-1B8EB751-F882-45BA-BBFA-F0EA5B43EF9E\" id=\"BPMNEdge_sid-1B8EB751-F882-45BA-BBFA-F0EA5B43EF9E\">\n        <omgdi:waypoint x=\"420.16064257028114\" y=\"120.0\"></omgdi:waypoint>\n        <omgdi:waypoint x=\"420.4233870967742\" y=\"54.57661290322581\"></omgdi:waypoint>\n      </bpmndi:BPMNEdge>\n      <bpmndi:BPMNEdge bpmnElement=\"sid-313F050C-11CF-4E23-A92B-5FCA58D2B2CF\" id=\"BPMNEdge_sid-313F050C-11CF-4E23-A92B-5FCA58D2B2CF\">\n        <omgdi:waypoint x=\"894.5913461538462\" y=\"310.40865384615387\"></omgdi:waypoint>\n        <omgdi:waypoint x=\"930.0\" y=\"310.2392344497608\"></omgdi:waypoint>\n        <bpmndi:BPMNLabel>\n          <omgdc:Bounds height=\"0.0\" width=\"0.0\" x=\"894.5913461538462\" y=\"310.40865384615387\"></omgdc:Bounds>\n        </bpmndi:BPMNLabel>\n      </bpmndi:BPMNEdge>\n      <bpmndi:BPMNEdge bpmnElement=\"sid-F7CA57B3-3251-4F32-9BB6-A3CCA9EAEBE8\" id=\"BPMNEdge_sid-F7CA57B3-3251-4F32-9BB6-A3CCA9EAEBE8\">\n        <omgdi:waypoint x=\"205.0\" y=\"310.0\"></omgdi:waypoint>\n        <omgdi:waypoint x=\"255.0\" y=\"310.0\"></omgdi:waypoint>\n      </bpmndi:BPMNEdge>\n      <bpmndi:BPMNEdge bpmnElement=\"sid-B8177C51-129D-41C9-8C81-662566DE5F8C\" id=\"BPMNEdge_sid-B8177C51-129D-41C9-8C81-662566DE5F8C\">\n        <omgdi:waypoint x=\"820.0\" y=\"310.2369668246445\"></omgdi:waypoint>\n        <omgdi:waypoint x=\"855.4047619047619\" y=\"310.4047619047619\"></omgdi:waypoint>\n      </bpmndi:BPMNEdge>\n      <bpmndi:BPMNEdge bpmnElement=\"sid-9AA5012C-364A-4AB7-B01F-290F43FEEAD8\" id=\"BPMNEdge_sid-9AA5012C-364A-4AB7-B01F-290F43FEEAD8\">\n        <omgdi:waypoint x=\"875.5\" y=\"290.5\"></omgdi:waypoint>\n        <omgdi:waypoint x=\"875.5\" y=\"160.0\"></omgdi:waypoint>\n        <omgdi:waypoint x=\"470.0\" y=\"160.0\"></omgdi:waypoint>\n        <bpmndi:BPMNLabel>\n          <omgdc:Bounds height=\"0.0\" width=\"0.0\" x=\"875.5\" y=\"290.5\"></omgdc:Bounds>\n        </bpmndi:BPMNLabel>\n      </bpmndi:BPMNEdge>\n      <bpmndi:BPMNEdge bpmnElement=\"sid-2DB5C664-03AB-430D-B175-80AAA711D14C\" id=\"BPMNEdge_sid-2DB5C664-03AB-430D-B175-80AAA711D14C\">\n        <omgdi:waypoint x=\"1030.0\" y=\"310.0\"></omgdi:waypoint>\n        <omgdi:waypoint x=\"1095.0\" y=\"310.0\"></omgdi:waypoint>\n      </bpmndi:BPMNEdge>\n      <bpmndi:BPMNEdge bpmnElement=\"sid-42DB22EB-E24B-47E4-9CE4-49AD267BDE77\" id=\"BPMNEdge_sid-42DB22EB-E24B-47E4-9CE4-49AD267BDE77\">\n        <omgdi:waypoint x=\"650.5\" y=\"329.5\"></omgdi:waypoint>\n        <omgdi:waypoint x=\"650.5\" y=\"421.0\"></omgdi:waypoint>\n        <omgdi:waypoint x=\"980.0\" y=\"421.0\"></omgdi:waypoint>\n        <omgdi:waypoint x=\"980.0\" y=\"350.0\"></omgdi:waypoint>\n        <bpmndi:BPMNLabel>\n          <omgdc:Bounds height=\"0.0\" width=\"0.0\" x=\"650.5\" y=\"329.5\"></omgdc:Bounds>\n        </bpmndi:BPMNLabel>\n      </bpmndi:BPMNEdge>\n      <bpmndi:BPMNEdge bpmnElement=\"sid-E65132CA-E43C-45B1-A3CD-68D6893C6BE3\" id=\"BPMNEdge_sid-E65132CA-E43C-45B1-A3CD-68D6893C6BE3\">\n        <omgdi:waypoint x=\"669.5798319327731\" y=\"310.4201680672269\"></omgdi:waypoint>\n        <omgdi:waypoint x=\"720.0\" y=\"310.20920502092054\"></omgdi:waypoint>\n        <bpmndi:BPMNLabel>\n          <omgdc:Bounds height=\"0.0\" width=\"0.0\" x=\"669.5798319327731\" y=\"310.4201680672269\"></omgdc:Bounds>\n        </bpmndi:BPMNLabel>\n      </bpmndi:BPMNEdge>\n    </bpmndi:BPMNPlane>\n  </bpmndi:BPMNDiagram>\n</definitions>',0),('20112',1,'学生请假流程.vacation-student.png','20110','PNG\r\n\Z\n\0\0\0\rIHDR\0\0m\0\0\0\0\0\v(\\0\0=7IDATx\\\e}(S\j9\\\E(\r\nԢ5)Mp@$\݀\R\$r\Ze-P*U.Qvw$E^䠠\"oQ\r\w\e\͗\\\n3=\\fvfv3\\\0\0\0\0\0\0\0\0\0\0\0\0\0\0\0\0\0\0\0\0\0\0\0\0\0\0\0\0\0\0\0\0\0\0\0\0\0\0\0\0\0\0\0\0\0\0\0\0\0\0\0\0\0\0\0\0\0\0\0\0\0\0\~\K\0\0\0\0\\\\T[6\0\0\0&pZms$\0\0\0\0\n6P;m(\\0\0\0\04LmfO\0\0\00bG\Hs׸\0\0\0$-\\q\0\0\00IR!f\\\0\0\01\۝3m-\n7\0\0\0\0\n_Our\0\0\08\\E\'y\0\0\0\0f(;n\0\0\0\0Q\E_Ǣq.N\0\0\0jw\D\Ֆ\r|m\f\)\\0\0\0\0QSbLVh)\6]Pk\\0\0\0\0\pz\n7\C\\r\0\0\0\\ã-܌`8U\n\0\0\0`-\p3ւMoi\\0\0\0`\XOQ\Zp\\l׸\0\0\0הWQ\\l\\0\0\06ugK\;l׸\0\0F7o^5UA\>\8%v͏n\]ii6Isb\0+\x\ZfӢ.\\˻\\\\i充v*V\XyuKK\\Q\o\\N\~\\l֯P\\\z}M\;\\\n+U>9k֬\[\n;m#^\Y}=\w\\+W\\\\\\?\reeVa[<n\0`= H2N{\g]\R\(\tʟ\ڪS+\m\=\\|?pa\#/{˿\uo8\U\q̉\1\\]\\\)a\cߗ.\/(D1&=\V}\\\o\~\k\T:(}\E1|mTbn:*\\\QxI_\~BN\\9c\:J\\\'\o\u\0\0G\0I&T\lc\\+:z*+:{/(Μ[_N Ҿ\[\>\\_\ʎ:\\k\\wav\\c~\\\\`<>%\\E\%v\.}\\\]\\m\R=KK}\\\S&v\T\UQ\\\{kT\ExReAz\\R\)\\\\S^~\={\O|}^\0`= H2)\\\W~5K\\w\t\_Gw\S\\|\?\pd\Okˎ9o\\T܎c\\o\;?<fǝzn\c\Lڡұ\\(D&~\/oKOs/\\\%\fYkD$7yᦻMGOy}\ɟ|U|͋8\\\N\S\2>o`v׬\\\\7ߖl\Wߑ6\0z@dB-_\wT0b\/\8U*\n6\k+*Nr\EW?v\\gwʇwz^1\n6\\K\n\{\k\)\\\?8pҋx\E+\KwGҩOΟŘ65oħL\ײ\_Kq\ԮS\g\\m-;k\\3\߶\\*\\0`= H2\Bq\Q|\\e\[\\\\c\?\쵯c^y߂\q{I\׉O\\\f9K7\\81\\Wַ\sڻ0R2v\\iZqMiK~Mg\vʟ,\_||w̮әv]\&Y\=5[~\T\a6=\0z@d\\׈\U-;n~S1\KW\>g\ڸ\p\\x8v\\Gq\\svvW|\܏~іO:\\\'\\\>\'_wo0c\8Jq\\\4Q\C&\5פt\\\ttm8$\ήOj\\.//\Tۢ0f]E\J\\V\5\0\0\#\0$*vؤONJװIJp\\Nc\\\Ryo͛}\\.\\k--Z~\Ö\\2pT\΋\;m8\\ت\/O\n2iJ\\\{\Ń\u#\o,>&\\,:ώkҤۋ׳ۊŝ(tv\eݕ\0`= H2aFqmf\փ;j\Ώ\\oo{ǻ>\\\;{\\6\u_\=89\kNh\YeשQs\x\x2\_\"I|}:]+ʑ<;\Ԥ\eי\\{\\\\\ZӤ\W?9jmqzz\0`= H\\M\\Sm[\\0\0z@ƫp3\ \0\0$g\!u\k#\0\0\#\0$\H\I;ll\0\0$ c=\\)Q\0\0X\0L\bm\v\0\0\\0A\:mk)Q\n6\0\0X\0L\v\8%\n\0\0\\0A-\(\\0\0`= H\$RE\0\0\\0A\q\1\,8>\\0\0\\0A&:\\XΞ={W\0\0\\0A&\\\zR8\c\\\f\r\0\0\#\0$͠8\A\0\0\#\0$?~ǧ]61\0\0\#\0$\r>~\\Ƶm\0\0$iܱ\&B\0\0X\04\\\]`3\\\n\0`= H2\m\]6m\0 I\ۺ\n6>I\n\0\0\\0A\\0\0\aIK\0\0\aIK\0\00$q,\00@t,\0@ı\0\0sX\0Aұ\0\0sX\0A\\0\0\aIK\0\0\aIK\0\00$q,\00@t,\0@ı\0\0sX\0Aұ\0\0sX\0A\\0\0\aIK\0\0\aIK\0\00$q,\00$I\\0\0\aIK\0\00$K\0\00$q,\0@ı\0@ı\0\0sX\0A\\0\0sX\0Aҫ\X\09, c	\0\0\\0c	\0\0\\0$%\0\0\8\0\0\8\0\0` H\X\0` H\X\09, c	\0\0\\0c	\0\0\\0$%\0\0\8\0\0\8\0\0` H\X\0` H\X\09, c	\099, \X\09, c	\0\0\\0$%\0\0\\0$%\0\0\8\0\0\8\0\0` H\X\0`\U\0$K\0\00$q,\0@ı\0@ı\0\0sX\0A\\0\0sX\0A\\0\0\aIK\0\0\a$\˲l֓O>y\<Yoo\lq,\\\\חmذ\W\F%\0\0d.\n67n\6oޜ\Zږ-[\׿\\\w	\0`= H\n-\Fi\n7/>fd\0X\0dK`\<w	\0`= H\n-qMŒ*\H\\0\0\#\0/\˞|\\}\[|)(\\0\0`= HN\mmݔ=\\\Z\?SlQ\0z@g)\<RI\\SlQ\0z@o)\<V\Eb\r\0\0\#\0\8M\\\ޕ\m\g-6\0\0X\0\L\F\\0\0\\0A	h5\\\&~آh\0 9\FSy⾵\m\g-6\0\0X\0\l4Eoz${CO\?SlQ\0z@g)\D{ꡛm\6E\0\0G\0\	0\K/eO|=5z[LE\\0\0\\0Ar\hm\\\{MY\GE\\0\0\\0Ar\r[y\\\'\\\[I-\\F\\0\0\\0Ar\+\\iw]76\0\0X\0^\f4kF\uh\0 \m`⋢\r\0\0\#\0\>\Z\G~k6\0\0X\0H\F\\0\0\\0A	)\(\\0\0`= H6!EE\0\0G\0\&hh\0 لmm\0\0$\r\0\0\#\0dRQ\0z@lB66\0\0X\0MH\F\\0\0\\0A	)\(\\0\0`= H6!EE\0\0G\0\&hh\0 لmm\0\0$\\*\T\񭭭w\0\0\#\0\4h356QuնC\0$g\0E\.\\kR3z\0G\0IEE\\֓\4\b\r\0 h5hSog\r\0 h5hii\\\z@Tu۲eK\\mݖ\W\?\\SO\.\\y\\k^z\\\\\\\?\\\\ܰӣ\;\Ӫ~p\0\s8$m&}\;\\9\l\yq$\n\'񵧧g`\{\	\'r/etP\C\\?8x׾\g쪫\<\\+\\?@S6\~\\ߞ\\6\B\mmmst\r\0\9`6ڢ r\7\_gϞmܸq\O<\IEO>9[n]v\->_\\\W\\SY\\\]@7659\7m\00\\@!&hU ׼&/Τ\"\\?\"I\i)m\n\Ϋ^lժUyq#-q{vj6\wܰ;m*\\Q\gy&\\m\\\c\ZUIv\\o`\) 9\MNtJTv\n,蒾ꩧ]5q\\\\?\o;\\\\IiF\i\\I=\#=\\\O\\nLQ\iN\00\\@a\ZqzTKP\2p*SH\:7\?nEO<1뮻+s\QG\G\E\E\\\Z)\FN\\\,^9\\nR<0N\IӨͣ>\F3q{\@\&v\\(ıGqDdɒt\\kδ\cM\\\ׯ__hy`QE(\}у\/5NjOO|_\6\ĵϟ\n9;mnᆺ\\0\\'.Fl\r\0\9q\n H6T6qzS|4駟\\\!״)>\\R\S\㹣/\\v\<0NɆiD\f۶m\\?\nUʋ$\'p\\m}\+Vdt\\\N׷\4SN9eĿ\x\\9\ȋ\\Q<0N\Iш\X?m>E\0\s\0\@\^iM\\00N$s66\0\\0\) لmm\00\S\0A	)\(\\0`\0dRQ<0N\&hhy`MH\F\\08$\r\0\9q\n H6!EE\0\s\0\@lB66\0\\0\) لmm\00\S\0A	)\(\\0`\0dRQ<0N\&hhy`MH\F\\08$\r\0\9q\n H6!EE\0\s\0\@lB66\0\\0\) لmm\00\S\0A	)\(\\0`\0dRQ<0N\&hhy`MH\F\\08$\r\0\9q\n H6!EE\0\s\0\@lB%\Ӷ\020\\@$[6l\\\͛Lmڴ\o{{{320\\@$[\\\\\\~\I\v\D\\j;\\<S\0AR\\\\\}0N͉kh\\uL\00N$\q\\\r\ٳ\Z\0`\) Ihmm=zwılkk\\00NI@kk\qڃ^\00\\@\\\&\\ֹ^\00\\@\o]`v۸\r\0\q\n HҸc7dMjmmmgy\0+\s8$i̱^f\\@4\\@d۰l\\\\0\s8$i\q[7R\\'Iy\0$%\0ȍq\n H\X\\) c	\0r#`8\0 7q\n \X\\0$%\0ȍq\n H:\0 7ʍ`8\0 7\) c	\0r#\0$%\0ȍq\n H\X\\)\0c	\0r#`8\0 7\) \X\\U\0\@ı\00NIK\08$q,@nS\0A\\0\F0NIAұ\00NIK\0\@t,@nS\0A\\0\F8$q,@n\@ı\00NIK\08$\n%\0ȍq\n H\X\\0c	\0r#`8\0 7\) c	\0r#\0$%\0ȍq\n H\X\\) c	\0r#`8\0 7\) \X\\0$%\0ȍq\n H\X\\) c	\0r#`8\0 7q\n H\X\\0$%\0ȍ`\Z\0c	\0r#`8\0 7\) c	\0r#\0$%\0ȍq\n H\X\\) c	\0r#`8\0 7q\U\0$K\0\@ı\00NF\EP\C{\+%\\\0#mZ[[\z$<\0\`\\#m\={,\0r#`L~P<~M[[\Y^!	\0\F8h\\`wm\0@nS\\!׶q-	\0\F8hw\e#\\\0Mµl\xE$<\0\yd~ml$<\0\\񂤄\0r#`\0Y\z\\'o{\?\\\\&e6l\\v~\\\-~%\ȡ\frqG\)\rl\ƍ\\͛_~YkP۲eK~\Jӯ$<\LC\F\\8\>fM\^\\\}L\+	07\\P\820%\n&\Ӫm~\W`nɡrqdaKKo(4U@\+M\0s3M#\sXF\~\\eO>xc\\-\!Mү$<\09T#\\\\8Am\\M٣ߺ*]ح\m3H@ӯ+	@C\F\H35Ni@@{\?$\\	D~_Ix\0r*7\ZGqJ#\c\\\g_\W*ʍƑf.jҀh\\aZL \+J\C\P\8\\ES4M\$J	07C\P\82\a11WR.\\\"Mү$<\09T#\\\\8\\\\g_\W*ʍƑf.jҀMd޳b\\m3H@ӯ+	@C\F\H35Ni@@\C7	hq $\W ʡrq\Z4*Rķ\\m\\\g_\W*ʍƑf.j2\m\\Mُ\\|\Y\G0\+J\C\P\8\\EzLqW\\`\\\~O\rf\}\*\~_ȡr\hi\{5&#mZ[[\zLXyV\+\\@C\F\H3qyEgϞ=˫db0\HiI@ӯ+S`~\K ʡrqd۸<~M[[\Y^!\m0KM`\+\\\y\er*7\ZG\C7m]6&_\W\\iնں\o\>\Ou*\k\\+:Jmw{O\\\\\\\w7rVG6l\%\U^\'\\\r\\P9Tn4#vm\\\ƵlL4Mү\0%9\-\ߗ\?<&\\\ʱMHK1	\Ru߹reeV{|\նE\FC\F\\8b\\\;\A@\+j&-\^`/_\wT݉iO_W\\I\\}M\i\\Z\<\\&vh_[\\\DUяK/*ʍƑqD^9p-$~_M+s\0\\+oݸ\/\.;\g\'M\\Á\`\̹rc?S9T#㈐m3cw\dY\GydM7ݴ~\\/,[lǅ^W\?\K^\+\g?{K&\WՔk/\6ﲗb\ym1\\\yc\Ճ\ƿ\\\\\;<ݯʑ\\\ݶTV.%\͞\n2v\ȡr\hG3ւ\\\\z\yn\'\WmW\SL]Ś\o\UV\\\\Ⱦ/d<@iӦl\Y7oξ\\f7\tS\\\o?袋>fb	h~մNiR\Z\uv/Z~\\\ɿ-\?\5L\\\;=\ywN6\WU\'\'\6\\m\)L`\\\)/\M;`t\r\hɡrqdMiQ\\\[m/q\uZz݋,\?ӗ>O\W^y%~8\?\W/^ع\{&\WUSNJ\֟~\\R\)MRK\k-&\`,G\X\wrO@{\\\\byy<Wz\EI\2)[S\\3\R\FC\F\\8\͛oPSm,\f\y\\/8[nݘ5\of-zq\\4JØhTZ\=\\1\G0x\1\\\ݿf绐\\i׆Cu`O:\\S\P9Tn4鯵u\bfٟٟe\r9\E^կ~t\}e]]]\G>\\Ͷ)\&\n6\{\w.]\?\\\O~\\/~c\\M4Mү\ZjOV+&\ǒ.-mxSuR\\>\\x}㍕Wǖ\cP\\_r\0\ո\CCg|n4&/\\mkk{X\[K\֭[\\ś\sN͍%\&\n6}F+.\6\\#\4J\:\EPCCA\\8j\ͼbf\K\nV}\"aD\z;n.\\f\~&\W\U{a\m\ױ}܌*r6es1hGM,aS<%jŊ@\8u\ꫯ=Ujj\\'\S>ϼװHw\u׋,\\@\+j\\'s\Tl\\h\'\=N\K9Tj9\4&7\}-\75;n6N\;\\\_%hK,y~&%	h~5\-\f6\iqR\\\kiq)jS2\ZƑq\\\cװ\\SF:UxO\.UV툏\_m4Mү\&&#MN\\:w0.\P943\4&,\J\\Dx\"\z\Sg\#<8.>/\=V-z>\QkNQm(	h\Lj}hI\1L6\MNG;):Ui=4.\Pq9\4\C,X\t\\\r|BjR5}\n\7\pC6(7\kP\\\\\z&\W\T\C{99\\\t\\\\\b\\rӔq)j͡ƠqdM\Z\tkf\Ţ\\M­^x`R6\R}Q\5[\)\U\04MүՙvR8\\t־pôp\Zr\آ1hG\3Vo-\{\к\}\W[\5\lٲ\=ܤm\\\&\<b\'\4Jj\>ґ&?ڇI\=\2bq)ʡ\`ǠqdM\\^\\0qM6g\\۷Oj\&~_E\\읧X\[_\W\؇\\ݻz\}\NN]\i?\4.\PEc\82Gӿ\\cG\\\\\\/\\#\5]КM\>_\W\\\>\4\\\tw4p\.cU\\ڌK9T\\fl]hڢ\mwڼ\\O6Ν={\:	\\kr۪U\7U\3\\.\\ڝwޙ\|\\\\f?x\\\/\\\y\Y?\;\\\\\;\߯}\k<\\G͟?\\\\dM\կ\ǬGc\\{\|\;\\\)x\_\_{\>T*{\\\x\/<_j\\\\3|\n}eϟ/\&~q<\M\,UNk\)_k[Gwή-\\{o~{O嬎Rym\R\K\>\\?=\%\=\w\\ۿ:n\r\\/Lf\\u\G\_\x\u4,\O<?n\\\k^젃\Z\W\<,͑\|*\\zyvoq\\ﴑl.:kھ}ʿO\}Y\\i\<96;mj,]\ɾMu`ɯiS[&h\#dO=T01G`\;\lْ\\\\'qC=T/_>䶘\0g\\|/}\K\\ߞ\\\vx\\\n-۶m\\\\\\9\~x`~{6ۯ\"q\SN9%\{o\W\>\MozSvꩧ\\S\M\\1\?_~_9\\\E?\+<\v\(H\#Q\ТM\>Tnkfr\y\\ۄTYИ|] oYw+WVf\W+`\\,Z\]@\-+\\\\]YX\>˺+o\N{wovJz[3Y94^\\S\\be\77w{L,֭[7x[;~\\~-{\ސ\\T 뮻\Ƃc\\͖_Tt3\Ez\\,\1M\7\9{Qi\6u\\u\UOLG}\[\F~z\mmmg\r\=EN	\\N8\]bQ%\?[Ϫ\{\n:Q\ş\js|\O8\\rr\\\\JbA)~^J}\\\')Og<vm&_E\<^~:w1Iwk[L\b\ZE\w\x{\cwk\kw\N[jvń+ȿ\\\~\c,\\\=S6#=>\Ii_\2\29rr+w\\ۚӤ5\y\\M\._Ѿ2w\;K=0.m\\vtm8d\JR\\\._\MC\k|vaF*\EĆzrJfRx#\J)8rYj(D$\wK,\w\\\Xq\\I.\ȍ{ȍW\"\ƍ>:_\^xa\26͕C}zT\~C$ɴbŊ\s\PЀy$w$\O>yY1PfCԨ\<L?\ۊߧ-i\\lwһC\p\zի^Op\D\g\iX*\;o;m-Z\\?<\\;]n\֭CvdE/=_qR\F\"\\qbNGlw*]\;\#w\r\\\\fT}h羅rR\?\\j\Rc\0mm\\LD\\_\S9Z\0\r\e\\":op\=S\cGNa͵cy:\80Ŋ\ʡ)\<)\91\Ї>\(\\\z\Co\?\:\HyY\gٲe\\*\V/\oEf*վ\?|\lu6r\(sc#\\9]5Ve|]7Qe1\\\0\{QiZr\5\Lh]Xi_O}\So&}\W&\ã\ϟ\\-SM\\Q\]\mb\LK\`D\T.s>\Cm\:?\ﶛ\'+:ql\MvpK\:;m\]SG@~;\uO\r͚51\\\j0\\\;\k\`l=\}Uﴩb?Iո@\Xo\\Ĥ5❖t{OOD9\w\8)m\\\iچ~Vw\\\\3s\ym~[\:Y\m\SY=\\\E_Xn}?S\Y;\,-S\Ԩ |yd;C[\nGEa:\;Z̵\?\"\\*igK<\F\\{bs펖T\0*m&7K~m*7NM\!q\\OO<\1\Zk3\rv-h\\\,X\\1\ǭ}~,\'B\\nE\O,_}ߝSn -hɣ\0]m2@W\j?=gqS|\\bGN|_\^6MׯN\CS\+\G1/\\\GlI\\\\qO\b]WIX<wI\]\\]pѹھ8Si{WqұNN\\;k\B\\\\8\\\,?sY:)=!yWo{Oa{vyg\z\r|\\\\\\\\S\#\\\Q;O\\q]FmR#\dIŔP,+%\n6\o\ԋ9-]8NiLz\\.Tٗ|\,u\n\Pq\nm\i\a+VrjS*\\ao\26ͧ7Sb\D\[l>я~\\.l\$\\:\U\\/_#\5\Il-\~(.QpIE\\\\\\\\)\Eu:~L.\;?\\Z;锫\mb\>\r7\\&6Qa:F#\)\\*\ko)\i\0mbPh\\TLi[\:;Րwkc/ät\\}2]\cm\\.b>\)k绋\\hK\k,\.c[\}\ʱXc.N\Z(S׾;[\\K\eQEtmbNKy&\_|Lxb^-[\ܨ8ZtTJ\n%7K~\"9Tn\"E\5l\\n\X\26M]9+Tb\x_8~\e3e\/~$?\9Q\\Z\9\vqcJ靛TIɷ<\}\uO-\\b\v\\t\k\i֘~޽Kp;m\zҹ{$\\H\pD\\\\O\k?V\cB\\\bp-5\\\xI\DߜwIa\\\$s4Җ=<nxwH\t\\8\:\\|:9\\pH\vb\*\b\^L\5v\\\1\}\\ɺ\Z5x\Z\\\~G|\O\\}\\R#61\7y0\\\Qvěl\\s\)F&S{J{\\ȁiQ\Zop9V\{\e4\ʡr\)ڤ~\Zc\"9\Tz;m\c-h\<\͛WIExsx>;\ӗ]v\+\]6S>\p-Z\\\R&;㹶){1ɉhс\\:Fk8yOHةToMt\\B{O;\"\sEpL[rc1RPw\;1FS\\\\3eQ\\7\'\\\ڿkO\\#\\[\״=S:a\n\o\\~Ti\\\faX\cI\Si\/w\\\\+-\ǠF+\F3}q},na?\\`w\\ڟ\;\\k\8\1<-j\\\So<\\.bo\\\{\dm\dҼ+\<)\\E[.Z\\ ^y\yJK=]FF9\\3rfF\n\\fɯS,ʍSh\RNM\ZKų\}Y\(\4W}ڶ\Jħ}-\\zꫯ.^\f۔OT[/^͛7k\\g\?=UOA(͑G9쎆&.\+\y;i;p4\\\\;/nPJ\iB΅\hLmUd\H`ik:\c\vW\^\ZI0.|]1ttt\դ2Z\%T8b^\Z\\xKen\Iϡ_\"/\ܨ\p/\NNqb\Lm3\3\\OQZY, O8\1\\f̯S0\ZShc&\no89\y\7nkE\\\\:/]8\\\S\q5;l)[X`.h\x6Q\lq	h~5-&\=\\RCA\HSb޼y7qH\\8~.^\&ڔODE\\\\\\~\'\7\)QBh~_5Qm۞\ƥ*\ZƑh3Dm-]xs\5\d\{o&:@mڴ)?T*e.\\\┨\R\\!?~\ŋ\\5\\\[\?\>S\Z6_\W\|8\wGuqSC\Pc\8\\Eǻ>Q(lӪ>Q|qΉ\ͅ^y\\?7m\\\c^|\\ӟ\\+W{OƋի)Q_\W3Xq;%\nK9T\9tFA\\8j\͎kc}b\tTU\Sն}\\Tۺj<*`&_\W\jrz|mLCiCg\4#	L4MүלI\~EK9TA9tFA\\8M@ӯ\6ܻN\R\fj1c\82\@\+j\MN-CCg\4#\4Mү\\\\K9TCg\4#\4Mү8O?k\\T\2.Xo\\vvʕ+\R\)\i\qX+v\窜\\\y}Dզyֹ\82@@\4JZ~\K\0\ehSjB\\b\}GuvWֻϲ\\\\c\\]ݟTj{O{SC\P\\\T3M@ӯ4\n\E\roZ~\\:\\Q*\q(T\rio\'ʡj\h~\W.ڴw\Y,XZ\;}M\;E\\3w?P\As\X~wS|#ga{I9TC\E5\4M\Fӯ]\,\\\S9+\(צǵmX\\\)ޯV}\\Z0v\//\sGCVsQ\8MS\+`\m.[\x\,\gERzig\XOsj/.׵C59\\ZG3@@\m4\nPMO\\\m\U|̊\ТLeVg|\x\r\=\t\RyY\PM5Ռ#\4EMf|\fW!\kttm8|\\tS\튉O\OJ\\)_վ\]\OZr]\urrɡ梚qh\WM\\\\tʽ{\鲬\\6~|m\tFwZT\%\o<g\'Xo\\\{ɡ梚qh\W/\ ʡG\ 	h~h#jrqG i6~h#ʡGƑ^	_i%h#jr(Ƒq&\W*bi\h~\W&bG i~_(\ȡji\h_6ȡr(Ƒq\\\\Hm_6\fqd-6lxn\͂IM6m5=_ihcn&ɡG\\R.?t\\~\U#=]m\\W~(ژɡr(Ƒq䪃hnoom-\7\&\\\tf~h#ʡGƑ\\0\06\0\)F89{\Y^\r\0\0`$6\0uT;\"N\\0\0\0J\\\\;\"F\"\0\0ROlRkmm\\0\0&sah046+l\n׶\0\0&sah{\\\&B\0\0d-Nm\0vw\+\B\0\0d-Nm\0v\\awٸ\r\0\00\E]1q\H$\0\0L\E\@\0\0,F\0\I\0\0\0\0q\0\0\'\0\0,F\0\I\0\0b@\0\0\'\0\0\0\I\0\0b@\0\0\'\0\0\0q\0\0b@\0\0,F\0\I\0\0\0\0q\0\0@\0\0,F\0\I\0\0\0\0q\0\0\'\0\0,F\0\I\0\0b@\0\0\'\0\0\0\I\0\0b@\0\0\'\0\0\0q\0\0b@\0\0,F\0\I\0\0\0\0q\0\0@\0\0,F\0\I\0\0\0\0q\0\0\'\0\0,F\0\I\0\0b@\0\0\'\0\0\0\I\0\0b@\0\0\'\0\0\0q\0\0b@\0\0,F\0\I\0\0\0\0q\0\0@\0\0,F\0\I\0\0\0\0q\0\0\'\0\0,F\0\I\0\0b@\0\0\'\0\0\0\I\0\0b@\0\0\'\0\0\0q\0\0b@\0\0,F\0\I\0\0\0\0q\0\0@\0\0,F\0\I\0\0\0\0q\0\0\'\0\0,F\0\I\0\0`:,F4MӴl\0\0\0\0\0\0\0\0\0\0\0\0\0\0\0\0\0\0\0\0\0\0\0\0\0\0\0\0\0\0\0\0\0\0\0\0\0\0\04\\ka\W4\\0\0\0\0IENDB`',1),('20115',1,'学生请假流程.bpmn20.xml','20114','<?xml version=\"1.0\" encoding=\"UTF-8\"?>\n<definitions xmlns=\"http://www.omg.org/spec/BPMN/20100524/MODEL\" xmlns:xsi=\"http://www.w3.org/2001/XMLSchema-instance\" xmlns:xsd=\"http://www.w3.org/2001/XMLSchema\" xmlns:activiti=\"http://activiti.org/bpmn\" xmlns:bpmndi=\"http://www.omg.org/spec/BPMN/20100524/DI\" xmlns:omgdc=\"http://www.omg.org/spec/DD/20100524/DC\" xmlns:omgdi=\"http://www.omg.org/spec/DD/20100524/DI\" typeLanguage=\"http://www.w3.org/2001/XMLSchema\" expressionLanguage=\"http://www.w3.org/1999/XPath\" targetNamespace=\"http://www.activiti.org/processdef\">\n  <process id=\"vacation-student\" name=\"学生请假流程\" isExecutable=\"true\">\n    <startEvent id=\"sid-4CAE5CD3-1F38-40AF-833F-337531C9AA04\"></startEvent>\n    <userTask id=\"sid-92464D4A-380E-4D73-875E-E77E82399CEC\" name=\"填写请假单\" activiti:assignee=\"常用语:流程发起人\"></userTask>\n    <sequenceFlow id=\"sid-7ED9884A-39A2-4D1C-9C62-DA613AA5D0AC\" sourceRef=\"sid-4CAE5CD3-1F38-40AF-833F-337531C9AA04\" targetRef=\"sid-92464D4A-380E-4D73-875E-E77E82399CEC\"></sequenceFlow>\n    <userTask id=\"sid-2A5BFF60-DE0C-4DB9-954A-BA57F5611EE5\" name=\"辅导员审批\" activiti:assignee=\"常用语:直接上级\"></userTask>\n    <sequenceFlow id=\"sid-F7CA57B3-3251-4F32-9BB6-A3CCA9EAEBE8\" sourceRef=\"sid-92464D4A-380E-4D73-875E-E77E82399CEC\" targetRef=\"sid-2A5BFF60-DE0C-4DB9-954A-BA57F5611EE5\"></sequenceFlow>\n    <exclusiveGateway id=\"sid-F9CD4D4E-CC32-483C-A056-3BEB1F240A04\"></exclusiveGateway>\n    <userTask id=\"sid-19ABB7E8-A781-4964-83DE-CBD2598A1C66\" name=\"院系领导审批\" activiti:assignee=\"岗位:书记\"></userTask>\n    <userTask id=\"sid-5732769D-2626-4CE0-98E5-40B1E96645C9\" name=\"销假\" activiti:assignee=\"常用语:流程发起人\"></userTask>\n    <endEvent id=\"sid-23B845EA-CBD0-4089-91D8-5A593FD8D038\"></endEvent>\n    <sequenceFlow id=\"sid-2DB5C664-03AB-430D-B175-80AAA711D14C\" sourceRef=\"sid-5732769D-2626-4CE0-98E5-40B1E96645C9\" targetRef=\"sid-23B845EA-CBD0-4089-91D8-5A593FD8D038\"></sequenceFlow>\n    <exclusiveGateway id=\"sid-B488C7ED-61FC-4E3A-AAEF-AFAA5B4971C7\"></exclusiveGateway>\n    <exclusiveGateway id=\"sid-828C823A-98DD-4590-A7B3-4BFEC1CA6898\"></exclusiveGateway>\n    <sequenceFlow id=\"sid-F118A20C-A055-45C1-BB61-4EDCD47960EF\" sourceRef=\"sid-2A5BFF60-DE0C-4DB9-954A-BA57F5611EE5\" targetRef=\"sid-828C823A-98DD-4590-A7B3-4BFEC1CA6898\"></sequenceFlow>\n    <exclusiveGateway id=\"sid-0582E0A9-D35A-4DD6-B6A2-742D5FB7D17B\"></exclusiveGateway>\n    <userTask id=\"sid-9D95D662-1BB9-4571-AEE9-D7A12E9F85FF\" name=\"调整申请\" activiti:assignee=\"常用语:流程发起人\"></userTask>\n    <sequenceFlow id=\"sid-1B8EB751-F882-45BA-BBFA-F0EA5B43EF9E\" sourceRef=\"sid-9D95D662-1BB9-4571-AEE9-D7A12E9F85FF\" targetRef=\"sid-0582E0A9-D35A-4DD6-B6A2-742D5FB7D17B\"></sequenceFlow>\n    <sequenceFlow id=\"sid-B8177C51-129D-41C9-8C81-662566DE5F8C\" sourceRef=\"sid-19ABB7E8-A781-4964-83DE-CBD2598A1C66\" targetRef=\"sid-B488C7ED-61FC-4E3A-AAEF-AFAA5B4971C7\"></sequenceFlow>\n    <sequenceFlow id=\"sid-D7847956-F11B-4CDB-AB1E-F76514746007\" name=\"同意\" sourceRef=\"sid-828C823A-98DD-4590-A7B3-4BFEC1CA6898\" targetRef=\"sid-F9CD4D4E-CC32-483C-A056-3BEB1F240A04\">\n      <conditionExpression xsi:type=\"tFormalExpression\"><![CDATA[${leaderComment==\'同意\'}]]></conditionExpression>\n    </sequenceFlow>\n    <sequenceFlow id=\"sid-534C09CC-528F-4038-9CF9-6E4B748C1255\" name=\"重新申请\" sourceRef=\"sid-0582E0A9-D35A-4DD6-B6A2-742D5FB7D17B\" targetRef=\"sid-2A5BFF60-DE0C-4DB9-954A-BA57F5611EE5\">\n      <conditionExpression xsi:type=\"tFormalExpression\"><![CDATA[${initiatorComment==\'重新申请\'}]]></conditionExpression>\n    </sequenceFlow>\n    <sequenceFlow id=\"sid-62FE7A3C-C072-4D89-A3CA-0E1FF979D7AF\" name=\"撤销申请\" sourceRef=\"sid-0582E0A9-D35A-4DD6-B6A2-742D5FB7D17B\" targetRef=\"sid-23B845EA-CBD0-4089-91D8-5A593FD8D038\">\n      <conditionExpression xsi:type=\"tFormalExpression\"><![CDATA[${initiatorComment==\'撤销申请\'}]]></conditionExpression>\n    </sequenceFlow>\n    <sequenceFlow id=\"sid-9AA5012C-364A-4AB7-B01F-290F43FEEAD8\" name=\"不同意\" sourceRef=\"sid-B488C7ED-61FC-4E3A-AAEF-AFAA5B4971C7\" targetRef=\"sid-9D95D662-1BB9-4571-AEE9-D7A12E9F85FF\">\n      <conditionExpression xsi:type=\"tFormalExpression\"><![CDATA[${hrComment==\'不同意\'}]]></conditionExpression>\n    </sequenceFlow>\n    <sequenceFlow id=\"sid-313F050C-11CF-4E23-A92B-5FCA58D2B2CF\" name=\"同意\" sourceRef=\"sid-B488C7ED-61FC-4E3A-AAEF-AFAA5B4971C7\" targetRef=\"sid-5732769D-2626-4CE0-98E5-40B1E96645C9\">\n      <conditionExpression xsi:type=\"tFormalExpression\"><![CDATA[${hrComment==\'同意\'}]]></conditionExpression>\n    </sequenceFlow>\n    <sequenceFlow id=\"sid-42DB22EB-E24B-47E4-9CE4-49AD267BDE77\" name=\"小于三天\" sourceRef=\"sid-F9CD4D4E-CC32-483C-A056-3BEB1F240A04\" targetRef=\"sid-5732769D-2626-4CE0-98E5-40B1E96645C9\">\n      <conditionExpression xsi:type=\"tFormalExpression\"><![CDATA[${totalDays==\'小于三天\'}]]></conditionExpression>\n    </sequenceFlow>\n    <sequenceFlow id=\"sid-E65132CA-E43C-45B1-A3CD-68D6893C6BE3\" name=\"大于三天\" sourceRef=\"sid-F9CD4D4E-CC32-483C-A056-3BEB1F240A04\" targetRef=\"sid-19ABB7E8-A781-4964-83DE-CBD2598A1C66\">\n      <conditionExpression xsi:type=\"tFormalExpression\"><![CDATA[${totalDays==\'大于三天\'}]]></conditionExpression>\n    </sequenceFlow>\n    <sequenceFlow id=\"sid-C3AC032E-7815-4B5B-8ED3-6C2584194A79\" name=\"不同意\" sourceRef=\"sid-828C823A-98DD-4590-A7B3-4BFEC1CA6898\" targetRef=\"sid-9D95D662-1BB9-4571-AEE9-D7A12E9F85FF\">\n      <conditionExpression xsi:type=\"tFormalExpression\"><![CDATA[${leaderComment==\'不同意\'}]]></conditionExpression>\n    </sequenceFlow>\n  </process>\n  <bpmndi:BPMNDiagram id=\"BPMNDiagram_vacation-student\">\n    <bpmndi:BPMNPlane bpmnElement=\"vacation-student\" id=\"BPMNPlane_vacation-student\">\n      <bpmndi:BPMNShape bpmnElement=\"sid-4CAE5CD3-1F38-40AF-833F-337531C9AA04\" id=\"BPMNShape_sid-4CAE5CD3-1F38-40AF-833F-337531C9AA04\">\n        <omgdc:Bounds height=\"30.0\" width=\"30.0\" x=\"30.0\" y=\"295.0\"></omgdc:Bounds>\n      </bpmndi:BPMNShape>\n      <bpmndi:BPMNShape bpmnElement=\"sid-92464D4A-380E-4D73-875E-E77E82399CEC\" id=\"BPMNShape_sid-92464D4A-380E-4D73-875E-E77E82399CEC\">\n        <omgdc:Bounds height=\"80.0\" width=\"100.0\" x=\"105.0\" y=\"270.0\"></omgdc:Bounds>\n      </bpmndi:BPMNShape>\n      <bpmndi:BPMNShape bpmnElement=\"sid-2A5BFF60-DE0C-4DB9-954A-BA57F5611EE5\" id=\"BPMNShape_sid-2A5BFF60-DE0C-4DB9-954A-BA57F5611EE5\">\n        <omgdc:Bounds height=\"80.0\" width=\"100.0\" x=\"255.0\" y=\"270.0\"></omgdc:Bounds>\n      </bpmndi:BPMNShape>\n      <bpmndi:BPMNShape bpmnElement=\"sid-F9CD4D4E-CC32-483C-A056-3BEB1F240A04\" id=\"BPMNShape_sid-F9CD4D4E-CC32-483C-A056-3BEB1F240A04\">\n        <omgdc:Bounds height=\"40.0\" width=\"40.0\" x=\"630.0\" y=\"290.0\"></omgdc:Bounds>\n      </bpmndi:BPMNShape>\n      <bpmndi:BPMNShape bpmnElement=\"sid-19ABB7E8-A781-4964-83DE-CBD2598A1C66\" id=\"BPMNShape_sid-19ABB7E8-A781-4964-83DE-CBD2598A1C66\">\n        <omgdc:Bounds height=\"80.0\" width=\"100.0\" x=\"720.0\" y=\"270.0\"></omgdc:Bounds>\n      </bpmndi:BPMNShape>\n      <bpmndi:BPMNShape bpmnElement=\"sid-5732769D-2626-4CE0-98E5-40B1E96645C9\" id=\"BPMNShape_sid-5732769D-2626-4CE0-98E5-40B1E96645C9\">\n        <omgdc:Bounds height=\"80.0\" width=\"100.0\" x=\"930.0\" y=\"270.0\"></omgdc:Bounds>\n      </bpmndi:BPMNShape>\n      <bpmndi:BPMNShape bpmnElement=\"sid-23B845EA-CBD0-4089-91D8-5A593FD8D038\" id=\"BPMNShape_sid-23B845EA-CBD0-4089-91D8-5A593FD8D038\">\n        <omgdc:Bounds height=\"28.0\" width=\"28.0\" x=\"1095.0\" y=\"296.0\"></omgdc:Bounds>\n      </bpmndi:BPMNShape>\n      <bpmndi:BPMNShape bpmnElement=\"sid-B488C7ED-61FC-4E3A-AAEF-AFAA5B4971C7\" id=\"BPMNShape_sid-B488C7ED-61FC-4E3A-AAEF-AFAA5B4971C7\">\n        <omgdc:Bounds height=\"40.0\" width=\"40.0\" x=\"855.0\" y=\"290.0\"></omgdc:Bounds>\n      </bpmndi:BPMNShape>\n      <bpmndi:BPMNShape bpmnElement=\"sid-828C823A-98DD-4590-A7B3-4BFEC1CA6898\" id=\"BPMNShape_sid-828C823A-98DD-4590-A7B3-4BFEC1CA6898\">\n        <omgdc:Bounds height=\"40.0\" width=\"40.0\" x=\"400.0\" y=\"290.0\"></omgdc:Bounds>\n      </bpmndi:BPMNShape>\n      <bpmndi:BPMNShape bpmnElement=\"sid-0582E0A9-D35A-4DD6-B6A2-742D5FB7D17B\" id=\"BPMNShape_sid-0582E0A9-D35A-4DD6-B6A2-742D5FB7D17B\">\n        <omgdc:Bounds height=\"40.0\" width=\"40.0\" x=\"400.0\" y=\"15.0\"></omgdc:Bounds>\n      </bpmndi:BPMNShape>\n      <bpmndi:BPMNShape bpmnElement=\"sid-9D95D662-1BB9-4571-AEE9-D7A12E9F85FF\" id=\"BPMNShape_sid-9D95D662-1BB9-4571-AEE9-D7A12E9F85FF\">\n        <omgdc:Bounds height=\"80.0\" width=\"100.0\" x=\"370.0\" y=\"120.0\"></omgdc:Bounds>\n      </bpmndi:BPMNShape>\n      <bpmndi:BPMNEdge bpmnElement=\"sid-F118A20C-A055-45C1-BB61-4EDCD47960EF\" id=\"BPMNEdge_sid-F118A20C-A055-45C1-BB61-4EDCD47960EF\">\n        <omgdi:waypoint x=\"355.0\" y=\"310.2164502164502\"></omgdi:waypoint>\n        <omgdi:waypoint x=\"400.4130434782609\" y=\"310.4130434782609\"></omgdi:waypoint>\n      </bpmndi:BPMNEdge>\n      <bpmndi:BPMNEdge bpmnElement=\"sid-D7847956-F11B-4CDB-AB1E-F76514746007\" id=\"BPMNEdge_sid-D7847956-F11B-4CDB-AB1E-F76514746007\">\n        <omgdi:waypoint x=\"439.5\" y=\"310.5\"></omgdi:waypoint>\n        <omgdi:waypoint x=\"630.5\" y=\"310.5\"></omgdi:waypoint>\n        <bpmndi:BPMNLabel>\n          <omgdc:Bounds height=\"0.0\" width=\"0.0\" x=\"439.5\" y=\"310.5\"></omgdc:Bounds>\n        </bpmndi:BPMNLabel>\n      </bpmndi:BPMNEdge>\n      <bpmndi:BPMNEdge bpmnElement=\"sid-62FE7A3C-C072-4D89-A3CA-0E1FF979D7AF\" id=\"BPMNEdge_sid-62FE7A3C-C072-4D89-A3CA-0E1FF979D7AF\">\n        <omgdi:waypoint x=\"439.5\" y=\"35.5\"></omgdi:waypoint>\n        <omgdi:waypoint x=\"1109.0\" y=\"35.5\"></omgdi:waypoint>\n        <omgdi:waypoint x=\"1109.0\" y=\"296.0\"></omgdi:waypoint>\n        <bpmndi:BPMNLabel>\n          <omgdc:Bounds height=\"0.0\" width=\"0.0\" x=\"439.5\" y=\"35.5\"></omgdc:Bounds>\n        </bpmndi:BPMNLabel>\n      </bpmndi:BPMNEdge>\n      <bpmndi:BPMNEdge bpmnElement=\"sid-7ED9884A-39A2-4D1C-9C62-DA613AA5D0AC\" id=\"BPMNEdge_sid-7ED9884A-39A2-4D1C-9C62-DA613AA5D0AC\">\n        <omgdi:waypoint x=\"60.0\" y=\"310.0\"></omgdi:waypoint>\n        <omgdi:waypoint x=\"105.0\" y=\"310.0\"></omgdi:waypoint>\n      </bpmndi:BPMNEdge>\n      <bpmndi:BPMNEdge bpmnElement=\"sid-C3AC032E-7815-4B5B-8ED3-6C2584194A79\" id=\"BPMNEdge_sid-C3AC032E-7815-4B5B-8ED3-6C2584194A79\">\n        <omgdi:waypoint x=\"420.4099099099099\" y=\"290.4099099099099\"></omgdi:waypoint>\n        <omgdi:waypoint x=\"420.0044843049327\" y=\"200.0\"></omgdi:waypoint>\n        <bpmndi:BPMNLabel>\n          <omgdc:Bounds height=\"0.0\" width=\"0.0\" x=\"420.4099099099099\" y=\"290.4099099099099\"></omgdc:Bounds>\n        </bpmndi:BPMNLabel>\n      </bpmndi:BPMNEdge>\n      <bpmndi:BPMNEdge bpmnElement=\"sid-534C09CC-528F-4038-9CF9-6E4B748C1255\" id=\"BPMNEdge_sid-534C09CC-528F-4038-9CF9-6E4B748C1255\">\n        <omgdi:waypoint x=\"400.5\" y=\"35.5\"></omgdi:waypoint>\n        <omgdi:waypoint x=\"305.0\" y=\"35.5\"></omgdi:waypoint>\n        <omgdi:waypoint x=\"305.0\" y=\"270.0\"></omgdi:waypoint>\n        <bpmndi:BPMNLabel>\n          <omgdc:Bounds height=\"0.0\" width=\"0.0\" x=\"400.5\" y=\"35.5\"></omgdc:Bounds>\n        </bpmndi:BPMNLabel>\n      </bpmndi:BPMNEdge>\n      <bpmndi:BPMNEdge bpmnElement=\"sid-1B8EB751-F882-45BA-BBFA-F0EA5B43EF9E\" id=\"BPMNEdge_sid-1B8EB751-F882-45BA-BBFA-F0EA5B43EF9E\">\n        <omgdi:waypoint x=\"420.16064257028114\" y=\"120.0\"></omgdi:waypoint>\n        <omgdi:waypoint x=\"420.4233870967742\" y=\"54.57661290322581\"></omgdi:waypoint>\n      </bpmndi:BPMNEdge>\n      <bpmndi:BPMNEdge bpmnElement=\"sid-313F050C-11CF-4E23-A92B-5FCA58D2B2CF\" id=\"BPMNEdge_sid-313F050C-11CF-4E23-A92B-5FCA58D2B2CF\">\n        <omgdi:waypoint x=\"894.5913461538462\" y=\"310.40865384615387\"></omgdi:waypoint>\n        <omgdi:waypoint x=\"930.0\" y=\"310.2392344497608\"></omgdi:waypoint>\n        <bpmndi:BPMNLabel>\n          <omgdc:Bounds height=\"0.0\" width=\"0.0\" x=\"894.5913461538462\" y=\"310.40865384615387\"></omgdc:Bounds>\n        </bpmndi:BPMNLabel>\n      </bpmndi:BPMNEdge>\n      <bpmndi:BPMNEdge bpmnElement=\"sid-F7CA57B3-3251-4F32-9BB6-A3CCA9EAEBE8\" id=\"BPMNEdge_sid-F7CA57B3-3251-4F32-9BB6-A3CCA9EAEBE8\">\n        <omgdi:waypoint x=\"205.0\" y=\"310.0\"></omgdi:waypoint>\n        <omgdi:waypoint x=\"255.0\" y=\"310.0\"></omgdi:waypoint>\n      </bpmndi:BPMNEdge>\n      <bpmndi:BPMNEdge bpmnElement=\"sid-B8177C51-129D-41C9-8C81-662566DE5F8C\" id=\"BPMNEdge_sid-B8177C51-129D-41C9-8C81-662566DE5F8C\">\n        <omgdi:waypoint x=\"820.0\" y=\"310.2369668246445\"></omgdi:waypoint>\n        <omgdi:waypoint x=\"855.4047619047619\" y=\"310.4047619047619\"></omgdi:waypoint>\n      </bpmndi:BPMNEdge>\n      <bpmndi:BPMNEdge bpmnElement=\"sid-9AA5012C-364A-4AB7-B01F-290F43FEEAD8\" id=\"BPMNEdge_sid-9AA5012C-364A-4AB7-B01F-290F43FEEAD8\">\n        <omgdi:waypoint x=\"875.5\" y=\"290.5\"></omgdi:waypoint>\n        <omgdi:waypoint x=\"875.5\" y=\"160.0\"></omgdi:waypoint>\n        <omgdi:waypoint x=\"470.0\" y=\"160.0\"></omgdi:waypoint>\n        <bpmndi:BPMNLabel>\n          <omgdc:Bounds height=\"0.0\" width=\"0.0\" x=\"875.5\" y=\"290.5\"></omgdc:Bounds>\n        </bpmndi:BPMNLabel>\n      </bpmndi:BPMNEdge>\n      <bpmndi:BPMNEdge bpmnElement=\"sid-2DB5C664-03AB-430D-B175-80AAA711D14C\" id=\"BPMNEdge_sid-2DB5C664-03AB-430D-B175-80AAA711D14C\">\n        <omgdi:waypoint x=\"1030.0\" y=\"310.0\"></omgdi:waypoint>\n        <omgdi:waypoint x=\"1095.0\" y=\"310.0\"></omgdi:waypoint>\n      </bpmndi:BPMNEdge>\n      <bpmndi:BPMNEdge bpmnElement=\"sid-42DB22EB-E24B-47E4-9CE4-49AD267BDE77\" id=\"BPMNEdge_sid-42DB22EB-E24B-47E4-9CE4-49AD267BDE77\">\n        <omgdi:waypoint x=\"650.5\" y=\"329.5\"></omgdi:waypoint>\n        <omgdi:waypoint x=\"650.5\" y=\"421.0\"></omgdi:waypoint>\n        <omgdi:waypoint x=\"980.0\" y=\"421.0\"></omgdi:waypoint>\n        <omgdi:waypoint x=\"980.0\" y=\"350.0\"></omgdi:waypoint>\n        <bpmndi:BPMNLabel>\n          <omgdc:Bounds height=\"0.0\" width=\"0.0\" x=\"650.5\" y=\"329.5\"></omgdc:Bounds>\n        </bpmndi:BPMNLabel>\n      </bpmndi:BPMNEdge>\n      <bpmndi:BPMNEdge bpmnElement=\"sid-E65132CA-E43C-45B1-A3CD-68D6893C6BE3\" id=\"BPMNEdge_sid-E65132CA-E43C-45B1-A3CD-68D6893C6BE3\">\n        <omgdi:waypoint x=\"669.5798319327731\" y=\"310.4201680672269\"></omgdi:waypoint>\n        <omgdi:waypoint x=\"720.0\" y=\"310.20920502092054\"></omgdi:waypoint>\n        <bpmndi:BPMNLabel>\n          <omgdc:Bounds height=\"0.0\" width=\"0.0\" x=\"669.5798319327731\" y=\"310.4201680672269\"></omgdc:Bounds>\n        </bpmndi:BPMNLabel>\n      </bpmndi:BPMNEdge>\n    </bpmndi:BPMNPlane>\n  </bpmndi:BPMNDiagram>\n</definitions>',0),('20116',1,'学生请假流程.vacation-student.png','20114','PNG\r\n\Z\n\0\0\0\rIHDR\0\0m\0\0\0\0\0\v(\\0\0=7IDATx\\\e}(S\j9\\\E(\r\nԢ5)Mp@$\݀\R\$r\Ze-P*U.Qvw$E^䠠\"oQ\r\w\e\͗\\\n3=\\fvfv3\\\0\0\0\0\0\0\0\0\0\0\0\0\0\0\0\0\0\0\0\0\0\0\0\0\0\0\0\0\0\0\0\0\0\0\0\0\0\0\0\0\0\0\0\0\0\0\0\0\0\0\0\0\0\0\0\0\0\0\0\0\0\0\~\K\0\0\0\0\\\\T[6\0\0\0&pZms$\0\0\0\0\n6P;m(\\0\0\0\04LmfO\0\0\00bG\Hs׸\0\0\0$-\\q\0\0\00IR!f\\\0\0\01\۝3m-\n7\0\0\0\0\n_Our\0\0\08\\E\'y\0\0\0\0f(;n\0\0\0\0Q\E_Ǣq.N\0\0\0jw\D\Ֆ\r|m\f\)\\0\0\0\0QSbLVh)\6]Pk\\0\0\0\0\pz\n7\C\\r\0\0\0\\ã-܌`8U\n\0\0\0`-\p3ւMoi\\0\0\0`\XOQ\Zp\\l׸\0\0\0הWQ\\l\\0\0\06ugK\;l׸\0\0F7o^5UA\>\8%v͏n\]ii6Isb\0+\x\ZfӢ.\\˻\\\\i充v*V\XyuKK\\Q\o\\N\~\\l֯P\\\z}M\;\\\n+U>9k֬\[\n;m#^\Y}=\w\\+W\\\\\\?\reeVa[<n\0`= H2N{\g]\R\(\tʟ\ڪS+\m\=\\|?pa\#/{˿\uo8\U\q̉\1\\]\\\)a\cߗ.\/(D1&=\V}\\\o\~\k\T:(}\E1|mTbn:*\\\QxI_\~BN\\9c\:J\\\'\o\u\0\0G\0I&T\lc\\+:z*+:{/(Μ[_N Ҿ\[\>\\_\ʎ:\\k\\wav\\c~\\\\`<>%\\E\%v\.}\\\]\\m\R=KK}\\\S&v\T\UQ\\\{kT\ExReAz\\R\)\\\\S^~\={\O|}^\0`= H2)\\\W~5K\\w\t\_Gw\S\\|\?\pd\Okˎ9o\\T܎c\\o\;?<fǝzn\c\Lڡұ\\(D&~\/oKOs/\\\%\fYkD$7yᦻMGOy}\ɟ|U|͋8\\\N\S\2>o`v׬\\\\7ߖl\Wߑ6\0z@dB-_\wT0b\/\8U*\n6\k+*Nr\EW?v\\gwʇwz^1\n6\\K\n\{\k\)\\\?8pҋx\E+\KwGҩOΟŘ65oħL\ײ\_Kq\ԮS\g\\m-;k\\3\߶\\*\\0`= H2\Bq\Q|\\e\[\\\\c\?\쵯c^y߂\q{I\׉O\\\f9K7\\81\\Wַ\sڻ0R2v\\iZqMiK~Mg\vʟ,\_||w̮әv]\&Y\=5[~\T\a6=\0z@d\\׈\U-;n~S1\KW\>g\ڸ\p\\x8v\\Gq\\svvW|\܏~іO:\\\'\\\>\'_wo0c\8Jq\\\4Q\C&\5פt\\\ttm8$\ήOj\\.//\Tۢ0f]E\J\\V\5\0\0\#\0$*vؤONJװIJp\\Nc\\\Ryo͛}\\.\\k--Z~\Ö\\2pT\΋\;m8\\ت\/O\n2iJ\\\{\Ń\u#\o,>&\\,:ώkҤۋ׳ۊŝ(tv\eݕ\0`= H2aFqmf\փ;j\Ώ\\oo{ǻ>\\\;{\\6\u_\=89\kNh\YeשQs\x\x2\_\"I|}:]+ʑ<;\Ԥ\eי\\{\\\\\ZӤ\W?9jmqzz\0`= H\\M\\Sm[\\0\0z@ƫp3\ \0\0$g\!u\k#\0\0\#\0$\H\I;ll\0\0$ c=\\)Q\0\0X\0L\bm\v\0\0\\0A\:mk)Q\n6\0\0X\0L\v\8%\n\0\0\\0A-\(\\0\0`= H\$RE\0\0\\0A\q\1\,8>\\0\0\\0A&:\\XΞ={W\0\0\\0A&\\\zR8\c\\\f\r\0\0\#\0$͠8\A\0\0\#\0$?~ǧ]61\0\0\#\0$\r>~\\Ƶm\0\0$iܱ\&B\0\0X\04\\\]`3\\\n\0`= H2\m\]6m\0 I\ۺ\n6>I\n\0\0\\0A\\0\0\aIK\0\0\aIK\0\00$q,\00@t,\0@ı\0\0sX\0Aұ\0\0sX\0A\\0\0\aIK\0\0\aIK\0\00$q,\00@t,\0@ı\0\0sX\0Aұ\0\0sX\0A\\0\0\aIK\0\0\aIK\0\00$q,\00$I\\0\0\aIK\0\00$K\0\00$q,\0@ı\0@ı\0\0sX\0A\\0\0sX\0Aҫ\X\09, c	\0\0\\0c	\0\0\\0$%\0\0\8\0\0\8\0\0` H\X\0` H\X\09, c	\0\0\\0c	\0\0\\0$%\0\0\8\0\0\8\0\0` H\X\0` H\X\09, c	\099, \X\09, c	\0\0\\0$%\0\0\\0$%\0\0\8\0\0\8\0\0` H\X\0`\U\0$K\0\00$q,\0@ı\0@ı\0\0sX\0A\\0\0sX\0A\\0\0\aIK\0\0\a$\˲l֓O>y\<Yoo\lq,\\\\חmذ\W\F%\0\0d.\n67n\6oޜ\Zږ-[\׿\\\w	\0`= H\n-\Fi\n7/>fd\0X\0dK`\<w	\0`= H\n-qMŒ*\H\\0\0\#\0/\˞|\\}\[|)(\\0\0`= HN\mmݔ=\\\Z\?SlQ\0z@g)\<RI\\SlQ\0z@o)\<V\Eb\r\0\0\#\0\8M\\\ޕ\m\g-6\0\0X\0\L\F\\0\0\\0A	h5\\\&~آh\0 9\FSy⾵\m\g-6\0\0X\0\l4Eoz${CO\?SlQ\0z@g)\D{ꡛm\6E\0\0G\0\	0\K/eO|=5z[LE\\0\0\\0Ar\hm\\\{MY\GE\\0\0\\0Ar\r[y\\\'\\\[I-\\F\\0\0\\0Ar\+\\iw]76\0\0X\0^\f4kF\uh\0 \m`⋢\r\0\0\#\0\>\Z\G~k6\0\0X\0H\F\\0\0\\0A	)\(\\0\0`= H6!EE\0\0G\0\&hh\0 لmm\0\0$\r\0\0\#\0dRQ\0z@lB66\0\0X\0MH\F\\0\0\\0A	)\(\\0\0`= H6!EE\0\0G\0\&hh\0 لmm\0\0$\\*\T\񭭭w\0\0\#\0\4h356QuնC\0$g\0E\.\\kR3z\0G\0IEE\\֓\4\b\r\0 h5hSog\r\0 h5hii\\\z@Tu۲eK\\mݖ\W\?\\SO\.\\y\\k^z\\\\\\\?\\\\ܰӣ\;\Ӫ~p\0\s8$m&}\;\\9\l\yq$\n\'񵧧g`\{\	\'r/etP\C\\?8x׾\g쪫\<\\+\\?@S6\~\\ߞ\\6\B\mmmst\r\0\9`6ڢ r\7\_gϞmܸq\O<\IEO>9[n]v\->_\\\W\\SY\\\]@7659\7m\00\\@!&hU ׼&/Τ\"\\?\"I\i)m\n\Ϋ^lժUyq#-q{vj6\wܰ;m*\\Q\gy&\\m\\\c\ZUIv\\o`\) 9\MNtJTv\n,蒾ꩧ]5q\\\\?\o;\\\\IiF\i\\I=\#=\\\O\\nLQ\iN\00\\@a\ZqzTKP\2p*SH\:7\?nEO<1뮻+s\QG\G\E\E\\\Z)\FN\\\,^9\\nR<0N\IӨͣ>\F3q{\@\&v\\(ıGqDdɒt\\kδ\cM\\\ׯ__hy`QE(\}у\/5NjOO|_\6\ĵϟ\n9;mnᆺ\\0\\'.Fl\r\0\9q\n H6T6qzS|4駟\\\!״)>\\R\S\㹣/\\v\<0NɆiD\f۶m\\?\nUʋ$\'p\\m}\+Vdt\\\N׷\4SN9eĿ\x\\9\ȋ\\Q<0N\Iш\X?m>E\0\s\0\@\^iM\\00N$s66\0\\0\) لmm\00\S\0A	)\(\\0`\0dRQ<0N\&hhy`MH\F\\08$\r\0\9q\n H6!EE\0\s\0\@lB66\0\\0\) لmm\00\S\0A	)\(\\0`\0dRQ<0N\&hhy`MH\F\\08$\r\0\9q\n H6!EE\0\s\0\@lB66\0\\0\) لmm\00\S\0A	)\(\\0`\0dRQ<0N\&hhy`MH\F\\08$\r\0\9q\n H6!EE\0\s\0\@lB%\Ӷ\020\\@$[6l\\\͛Lmڴ\o{{{320\\@$[\\\\\\~\I\v\D\\j;\\<S\0AR\\\\\}0N͉kh\\uL\00N$\q\\\r\ٳ\Z\0`\) Ihmm=zwılkk\\00NI@kk\qڃ^\00\\@\\\&\\ֹ^\00\\@\o]`v۸\r\0\q\n HҸc7dMjmmmgy\0+\s8$i̱^f\\@4\\@d۰l\\\\0\s8$i\q[7R\\'Iy\0$%\0ȍq\n H\X\\) c	\0r#`8\0 7q\n \X\\0$%\0ȍq\n H:\0 7ʍ`8\0 7\) c	\0r#\0$%\0ȍq\n H\X\\)\0c	\0r#`8\0 7\) \X\\U\0\@ı\00NIK\08$q,@nS\0A\\0\F0NIAұ\00NIK\0\@t,@nS\0A\\0\F8$q,@n\@ı\00NIK\08$\n%\0ȍq\n H\X\\0c	\0r#`8\0 7\) c	\0r#\0$%\0ȍq\n H\X\\) c	\0r#`8\0 7\) \X\\0$%\0ȍq\n H\X\\) c	\0r#`8\0 7q\n H\X\\0$%\0ȍ`\Z\0c	\0r#`8\0 7\) c	\0r#\0$%\0ȍq\n H\X\\) c	\0r#`8\0 7q\U\0$K\0\@ı\00NF\EP\C{\+%\\\0#mZ[[\z$<\0\`\\#m\={,\0r#`L~P<~M[[\Y^!	\0\F8h\\`wm\0@nS\\!׶q-	\0\F8hw\e#\\\0Mµl\xE$<\0\yd~ml$<\0\\񂤄\0r#`\0Y\z\\'o{\?\\\\&e6l\\v~\\\-~%\ȡ\frqG\)\rl\ƍ\\͛_~YkP۲eK~\Jӯ$<\LC\F\\8\>fM\^\\\}L\+	07\\P\820%\n&\Ӫm~\W`nɡrqdaKKo(4U@\+M\0s3M#\sXF\~\\eO>xc\\-\!Mү$<\09T#\\\\8Am\\M٣ߺ*]ح\m3H@ӯ+	@C\F\H35Ni@@{\?$\\	D~_Ix\0r*7\ZGqJ#\c\\\g_\W*ʍƑf.jҀh\\aZL \+J\C\P\8\\ES4M\$J	07C\P\82\a11WR.\\\"Mү$<\09T#\\\\8\\\\g_\W*ʍƑf.jҀMd޳b\\m3H@ӯ+	@C\F\H35Ni@@\C7	hq $\W ʡrq\Z4*Rķ\\m\\\g_\W*ʍƑf.j2\m\\Mُ\\|\Y\G0\+J\C\P\8\\EzLqW\\`\\\~O\rf\}\*\~_ȡr\hi\{5&#mZ[[\zLXyV\+\\@C\F\H3qyEgϞ=˫db0\HiI@ӯ+S`~\K ʡrqd۸<~M[[\Y^!\m0KM`\+\\\y\er*7\ZG\C7m]6&_\W\\iնں\o\>\Ou*\k\\+:Jmw{O\\\\\\\w7rVG6l\%\U^\'\\\r\\P9Tn4#vm\\\ƵlL4Mү\0%9\-\ߗ\?<&\\\ʱMHK1	\Ru߹reeV{|\նE\FC\F\\8b\\\;\A@\+j&-\^`/_\wT݉iO_W\\I\\}M\i\\Z\<\\&vh_[\\\DUяK/*ʍƑqD^9p-$~_M+s\0\\+oݸ\/\.;\g\'M\\Á\`\̹rc?S9T#㈐m3cw\dY\GydM7ݴ~\\/,[lǅ^W\?\K^\+\g?{K&\WՔk/\6ﲗb\ym1\\\yc\Ճ\ƿ\\\\\;<ݯʑ\\\ݶTV.%\͞\n2v\ȡr\hG3ւ\\\\z\yn\'\WmW\SL]Ś\o\UV\\\\Ⱦ/d<@iӦl\Y7oξ\\f7\tS\\\o?袋>fb	h~մNiR\Z\uv/Z~\\\ɿ-\?\5L\\\;=\ywN6\WU\'\'\6\\m\)L`\\\)/\M;`t\r\hɡrqdMiQ\\\[m/q\uZz݋,\?ӗ>O\W^y%~8\?\W/^ع\{&\WUSNJ\֟~\\R\)MRK\k-&\`,G\X\wrO@{\\\\byy<Wz\EI\2)[S\\3\R\FC\F\\8\͛oPSm,\f\y\\/8[nݘ5\of-zq\\4JØhTZ\=\\1\G0x\1\\\ݿf绐\\i׆Cu`O:\\S\P9Tn4鯵u\bfٟٟe\r9\E^կ~t\}e]]]\G>\\Ͷ)\&\n6\{\w.]\?\\\O~\\/~c\\M4Mү\ZjOV+&\ǒ.-mxSuR\\>\\x}㍕Wǖ\cP\\_r\0\ո\CCg|n4&/\\mkk{X\[K\֭[\\ś\sN͍%\&\n6}F+.\6\\#\4J\:\EPCCA\\8j\ͼbf\K\nV}\"aD\z;n.\\f\~&\W\U{a\m\ױ}܌*r6es1hGM,aS<%jŊ@\8u\ꫯ=Ujj\\'\S>ϼװHw\u׋,\\@\+j\\'s\Tl\\h\'\=N\K9Tj9\4&7\}-\75;n6N\;\\\_%hK,y~&%	h~5\-\f6\iqR\\\kiq)jS2\ZƑq\\\cװ\\SF:UxO\.UV툏\_m4Mү\&&#MN\\:w0.\P943\4&,\J\\Dx\"\z\Sg\#<8.>/\=V-z>\QkNQm(	h\Lj}hI\1L6\MNG;):Ui=4.\Pq9\4\C,X\t\\\r|BjR5}\n\7\pC6(7\kP\\\\\z&\W\T\C{99\\\t\\\\\b\\rӔq)j͡ƠqdM\Z\tkf\Ţ\\M­^x`R6\R}Q\5[\)\U\04MүՙvR8\\t־pôp\Zr\آ1hG\3Vo-\{\к\}\W[\5\lٲ\=ܤm\\\&\<b\'\4Jj\>ґ&?ڇI\=\2bq)ʡ\`ǠqdM\\^\\0qM6g\\۷Oj\&~_E\\읧X\[_\W\؇\\ݻz\}\NN]\i?\4.\PEc\82Gӿ\\cG\\\\\\/\\#\5]КM\>_\W\\\>\4\\\tw4p\.cU\\ڌK9T\\fl]hڢ\mwڼ\\O6Ν={\:	\\kr۪U\7U\3\\.\\ڝwޙ\|\\\\f?x\\\/\\\y\Y?\;\\\\\;\߯}\k<\\G͟?\\\\dM\կ\ǬGc\\{\|\;\\\)x\_\_{\>T*{\\\x\/<_j\\\\3|\n}eϟ/\&~q<\M\,UNk\)_k[Gwή-\\{o~{O嬎Rym\R\K\>\\?=\%\=\w\\ۿ:n\r\\/Lf\\u\G\_\x\u4,\O<?n\\\k^젃\Z\W\<,͑\|*\\zyvoq\\ﴑl.:kھ}ʿO\}Y\\i\<96;mj,]\ɾMu`ɯiS[&h\#dO=T01G`\;\lْ\\\\'qC=T/_>䶘\0g\\|/}\K\\ߞ\\\vx\\\n-۶m\\\\\\9\~x`~{6ۯ\"q\SN9%\{o\W\>\MozSvꩧ\\S\M\\1\?_~_9\\\E?\+<\v\(H\#Q\ТM\>Tnkfr\y\\ۄTYИ|] oYw+WVf\W+`\\,Z\]@\-+\\\\]YX\>˺+o\N{wovJz[3Y94^\\S\\be\77w{L,֭[7x[;~\\~-{\ސ\\T 뮻\Ƃc\\͖_Tt3\Ez\\,\1M\7\9{Qi\6u\\u\UOLG}\[\F~z\mmmg\r\=EN	\\N8\]bQ%\?[Ϫ\{\n:Q\ş\js|\O8\\rr\\\\JbA)~^J}\\\')Og<vm&_E\<^~:w1Iwk[L\b\ZE\w\x{\cwk\kw\N[jvń+ȿ\\\~\c,\\\=S6#=>\Ii_\2\29rr+w\\ۚӤ5\y\\M\._Ѿ2w\;K=0.m\\vtm8d\JR\\\._\MC\k|vaF*\EĆzrJfRx#\J)8rYj(D$\wK,\w\\\Xq\\I.\ȍ{ȍW\"\ƍ>:_\^xa\26͕C}zT\~C$ɴbŊ\s\PЀy$w$\O>yY1PfCԨ\<L?\ۊߧ-i\\lwһC\p\zի^Op\D\g\iX*\;o;m-Z\\?<\\;]n\֭CvdE/=_qR\F\"\\qbNGlw*]\;\#w\r\\\\fT}h羅rR\?\\j\Rc\0mm\\LD\\_\S9Z\0\r\e\\":op\=S\cGNa͵cy:\80Ŋ\ʡ)\<)\91\Ї>\(\\\z\Co\?\:\HyY\gٲe\\*\V/\oEf*վ\?|\lu6r\(sc#\\9]5Ve|]7Qe1\\\0\{QiZr\5\Lh]Xi_O}\So&}\W&\ã\ϟ\\-SM\\Q\]\mb\LK\`D\T.s>\Cm\:?\ﶛ\'+:ql\MvpK\:;m\]SG@~;\uO\r͚51\\\j0\\\;\k\`l=\}Uﴩb?Iո@\Xo\\Ĥ5❖t{OOD9\w\8)m\\\iچ~Vw\\\\3s\ym~[\:Y\m\SY=\\\E_Xn}?S\Y;\,-S\Ԩ |yd;C[\nGEa:\;Z̵\?\"\\*igK<\F\\{bs펖T\0*m&7K~m*7NM\!q\\OO<\1\Zk3\rv-h\\\,X\\1\ǭ}~,\'B\\nE\O,_}ߝSn -hɣ\0]m2@W\j?=gqS|\\bGN|_\^6MׯN\CS\+\G1/\\\GlI\\\\qO\b]WIX<wI\]\\]pѹھ8Si{WqұNN\\;k\B\\\\8\\\,?sY:)=!yWo{Oa{vyg\z\r|\\\\\\\\S\#\\\Q;O\\q]FmR#\dIŔP,+%\n6\o\ԋ9-]8NiLz\\.Tٗ|\,u\n\Pq\nm\i\a+VrjS*\\ao\26ͧ7Sb\D\[l>я~\\.l\$\\:\U\\/_#\5\Il-\~(.QpIE\\\\\\\\)\Eu:~L.\;?\\Z;锫\mb\>\r7\\&6Qa:F#\)\\*\ko)\i\0mbPh\\TLi[\:;Րwkc/ät\\}2]\cm\\.b>\)k绋\\hK\k,\.c[\}\ʱXc.N\Z(S׾;[\\K\eQEtmbNKy&\_|Lxb^-[\ܨ8ZtTJ\n%7K~\"9Tn\"E\5l\\n\X\26M]9+Tb\x_8~\e3e\/~$?\9Q\\Z\9\vqcJ靛TIɷ<\}\uO-\\b\v\\t\k\i֘~޽Kp;m\zҹ{$\\H\pD\\\\O\k?V\cB\\\bp-5\\\xI\DߜwIa\\\$s4Җ=<nxwH\t\\8\:\\|:9\\pH\vb\*\b\^L\5v\\\1\}\\ɺ\Z5x\Z\\\~G|\O\\}\\R#61\7y0\\\Qvěl\\s\)F&S{J{\\ȁiQ\Zop9V\{\e4\ʡr\)ڤ~\Zc\"9\Tz;m\c-h\<\͛WIExsx>;\ӗ]v\+\]6S>\p-Z\\\R&;㹶){1ɉhс\\:Fk8yOHةToMt\\B{O;\"\sEpL[rc1RPw\;1FS\\\\3eQ\\7\'\\\ڿkO\\#\\[\״=S:a\n\o\\~Ti\\\faX\cI\Si\/w\\\\+-\ǠF+\F3}q},na?\\`w\\ڟ\;\\k\8\1<-j\\\So<\\.bo\\\{\dm\dҼ+\<)\\E[.Z\\ ^y\yJK=]FF9\\3rfF\n\\fɯS,ʍSh\RNM\ZKų\}Y\(\4W}ڶ\Jħ}-\\zꫯ.^\f۔OT[/^͛7k\\g\?=UOA(͑G9쎆&.\+\y;i;p4\\\\;/nPJ\iB΅\hLmUd\H`ik:\c\vW\^\ZI0.|]1ttt\դ2Z\%T8b^\Z\\xKen\Iϡ_\"/\ܨ\p/\NNqb\Lm3\3\\OQZY, O8\1\\f̯S0\ZShc&\no89\y\7nkE\\\\:/]8\\\S\q5;l)[X`.h\x6Q\lq	h~5-&\=\\RCA\HSb޼y7qH\\8~.^\&ڔODE\\\\\\~\'\7\)QBh~_5Qm۞\ƥ*\ZƑh3Dm-]xs\5\d\{o&:@mڴ)?T*e.\\\┨\R\\!?~\ŋ\\5\\\[\?\>S\Z6_\W\|8\wGuqSC\Pc\8\\Eǻ>Q(lӪ>Q|qΉ\ͅ^y\\?7m\\\c^|\\ӟ\\+W{OƋի)Q_\W3Xq;%\nK9T\9tFA\\8j\͎kc}b\tTU\Sն}\\Tۺj<*`&_\W\jrz|mLCiCg\4#	L4MүלI\~EK9TA9tFA\\8M@ӯ\6ܻN\R\fj1c\82\@\+j\MN-CCg\4#\4Mү\\\\K9TCg\4#\4Mү8O?k\\T\2.Xo\\vvʕ+\R\)\i\qX+v\窜\\\y}Dզyֹ\82@@\4JZ~\K\0\ehSjB\\b\}GuvWֻϲ\\\\c\\]ݟTj{O{SC\P\\\T3M@ӯ4\n\E\roZ~\\:\\Q*\q(T\rio\'ʡj\h~\W.ڴw\Y,XZ\;}M\;E\\3w?P\As\X~wS|#ga{I9TC\E5\4M\Fӯ]\,\\\S9+\(צǵmX\\\)ޯV}\\Z0v\//\sGCVsQ\8MS\+`\m.[\x\,\gERzig\XOsj/.׵C59\\ZG3@@\m4\nPMO\\\m\U|̊\ТLeVg|\x\r\=\t\RyY\PM5Ռ#\4EMf|\fW!\kttm8|\\tS\튉O\OJ\\)_վ\]\OZr]\urrɡ梚qh\WM\\\\tʽ{\鲬\\6~|m\tFwZT\%\o<g\'Xo\\\{ɡ梚qh\W/\ ʡG\ 	h~h#jrqG i6~h#ʡGƑ^	_i%h#jr(Ƒq&\W*bi\h~\W&bG i~_(\ȡji\h_6ȡr(Ƒq\\\\Hm_6\fqd-6lxn\͂IM6m5=_ihcn&ɡG\\R.?t\\~\U#=]m\\W~(ژɡr(Ƒq䪃hnoom-\7\&\\\tf~h#ʡGƑ\\0\06\0\)F89{\Y^\r\0\0`$6\0uT;\"N\\0\0\0J\\\\;\"F\"\0\0ROlRkmm\\0\0&sah046+l\n׶\0\0&sah{\\\&B\0\0d-Nm\0vw\+\B\0\0d-Nm\0v\\awٸ\r\0\00\E]1q\H$\0\0L\E\@\0\0,F\0\I\0\0\0\0q\0\0\'\0\0,F\0\I\0\0b@\0\0\'\0\0\0\I\0\0b@\0\0\'\0\0\0q\0\0b@\0\0,F\0\I\0\0\0\0q\0\0@\0\0,F\0\I\0\0\0\0q\0\0\'\0\0,F\0\I\0\0b@\0\0\'\0\0\0\I\0\0b@\0\0\'\0\0\0q\0\0b@\0\0,F\0\I\0\0\0\0q\0\0@\0\0,F\0\I\0\0\0\0q\0\0\'\0\0,F\0\I\0\0b@\0\0\'\0\0\0\I\0\0b@\0\0\'\0\0\0q\0\0b@\0\0,F\0\I\0\0\0\0q\0\0@\0\0,F\0\I\0\0\0\0q\0\0\'\0\0,F\0\I\0\0b@\0\0\'\0\0\0\I\0\0b@\0\0\'\0\0\0q\0\0b@\0\0,F\0\I\0\0\0\0q\0\0@\0\0,F\0\I\0\0\0\0q\0\0\'\0\0,F\0\I\0\0`:,F4MӴl\0\0\0\0\0\0\0\0\0\0\0\0\0\0\0\0\0\0\0\0\0\0\0\0\0\0\0\0\0\0\0\0\0\0\0\0\0\0\04\\ka\W4\\0\0\0\0IENDB`',1),('22502',1,'/Users/dengfengdecao/develop/java/idea-ws/lemon-master/target/lemon-1.7.1-SNAPSHOT/WEB-INF/classes/bpmn2/permission.bpmn20.xml','22501','<?xml version=\"1.0\" encoding=\"UTF-8\"?>\r\n<definitions\r\n  xmlns=\"http://www.omg.org/spec/BPMN/20100524/MODEL\"\r\n  xmlns:xsi=\"http://www.w3.org/2001/XMLSchema-instance\"\r\n  xmlns:xsd=\"http://www.w3.org/2001/XMLSchema\"\r\n  xmlns:activiti=\"http://activiti.org/bpmn\"\r\n  xmlns:bpmndi=\"http://www.omg.org/spec/BPMN/20100524/DI\"\r\n  xmlns:omgdc=\"http://www.omg.org/spec/DD/20100524/DC\"\r\n  xmlns:omgdi=\"http://www.omg.org/spec/DD/20100524/DI\"\r\n  typeLanguage=\"http://www.w3.org/2001/XMLSchema\"\r\n  expressionLanguage=\"http://www.w3.org/1999/XPath\"\r\n  targetNamespace=\"http://www.mossle.com\">\r\n  <process id=\"permission\" name=\"审批权限\" isExecutable=\"true\">\r\n    <documentation>审批权限</documentation>\r\n  <dataObject id=\"dObj123\" name=\"StringTest123\" itemSubjectRef=\"xsd:string\">\r\n    <extensionElements>\r\n      <activiti:value>Testing123</activiti:value>\r\n    </extensionElements>\r\n  </dataObject>\r\n    <startEvent id=\"startEvent-1\"></startEvent>\r\n    <userTask id=\"usertask1\" name=\"发起申请\" activiti:assignee=\"常用语:流程发起人\" activiti:formKey=\"permission-request\"></userTask>\r\n    <sequenceFlow id=\"flow1\" sourceRef=\"startEvent-1\" targetRef=\"usertask1\"></sequenceFlow>\r\n    <userTask id=\"usertask2\" name=\"部门经理审批\" activiti:assignee=\"岗位:经理\" activiti:formKey=\"permission-department\"></userTask>\r\n    <sequenceFlow id=\"flow2\" sourceRef=\"usertask1\" targetRef=\"usertask2\"></sequenceFlow>\r\n    <userTask id=\"usertask3\" name=\"总经理审批\" activiti:assignee=\"岗位:总经理\" activiti:formKey=\"permission-manager\"></userTask>\r\n    <sequenceFlow id=\"flow3\" sourceRef=\"usertask2\" targetRef=\"usertask3\"></sequenceFlow>\r\n    <endEvent id=\"endevent1\" name=\"End\"></endEvent>\r\n    <sequenceFlow id=\"flow4\" sourceRef=\"usertask3\" targetRef=\"endevent1\"></sequenceFlow>\r\n  </process>\r\n  <bpmndi:BPMNDiagram id=\"BPMNDiagram_permission\">\r\n    <bpmndi:BPMNPlane bpmnElement=\"permission\" id=\"BPMNPlane_permission\">\r\n      <bpmndi:BPMNShape bpmnElement=\"startEvent-1\" id=\"BPMNShape_startEvent-1\">\r\n        <omgdc:Bounds height=\"35.0\" width=\"35.0\" x=\"40.0\" y=\"60.0\"></omgdc:Bounds>\r\n      </bpmndi:BPMNShape>\r\n      <bpmndi:BPMNShape bpmnElement=\"usertask1\" id=\"BPMNShape_usertask1\">\r\n        <omgdc:Bounds height=\"55.0\" width=\"105.0\" x=\"120.0\" y=\"50.0\"></omgdc:Bounds>\r\n      </bpmndi:BPMNShape>\r\n      <bpmndi:BPMNShape bpmnElement=\"usertask2\" id=\"BPMNShape_usertask2\">\r\n        <omgdc:Bounds height=\"55.0\" width=\"105.0\" x=\"280.0\" y=\"50.0\"></omgdc:Bounds>\r\n      </bpmndi:BPMNShape>\r\n      <bpmndi:BPMNShape bpmnElement=\"usertask3\" id=\"BPMNShape_usertask3\">\r\n        <omgdc:Bounds height=\"55.0\" width=\"105.0\" x=\"440.0\" y=\"50.0\"></omgdc:Bounds>\r\n      </bpmndi:BPMNShape>\r\n      <bpmndi:BPMNShape bpmnElement=\"endevent1\" id=\"BPMNShape_endevent1\">\r\n        <omgdc:Bounds height=\"35.0\" width=\"35.0\" x=\"600.0\" y=\"60.0\"></omgdc:Bounds>\r\n      </bpmndi:BPMNShape>\r\n      <bpmndi:BPMNEdge bpmnElement=\"flow1\" id=\"BPMNEdge_flow1\">\r\n        <omgdi:waypoint x=\"75.0\" y=\"77.0\"></omgdi:waypoint>\r\n        <omgdi:waypoint x=\"120.0\" y=\"77.0\"></omgdi:waypoint>\r\n      </bpmndi:BPMNEdge>\r\n      <bpmndi:BPMNEdge bpmnElement=\"flow2\" id=\"BPMNEdge_flow2\">\r\n        <omgdi:waypoint x=\"225.0\" y=\"77.0\"></omgdi:waypoint>\r\n        <omgdi:waypoint x=\"280.0\" y=\"77.0\"></omgdi:waypoint>\r\n      </bpmndi:BPMNEdge>\r\n      <bpmndi:BPMNEdge bpmnElement=\"flow3\" id=\"BPMNEdge_flow3\">\r\n        <omgdi:waypoint x=\"385.0\" y=\"77.0\"></omgdi:waypoint>\r\n        <omgdi:waypoint x=\"440.0\" y=\"77.0\"></omgdi:waypoint>\r\n      </bpmndi:BPMNEdge>\r\n      <bpmndi:BPMNEdge bpmnElement=\"flow4\" id=\"BPMNEdge_flow4\">\r\n        <omgdi:waypoint x=\"545.0\" y=\"77.0\"></omgdi:waypoint>\r\n        <omgdi:waypoint x=\"600.0\" y=\"77.0\"></omgdi:waypoint>\r\n      </bpmndi:BPMNEdge>\r\n    </bpmndi:BPMNPlane>\r\n  </bpmndi:BPMNDiagram>\r\n</definitions>',0),('22503',1,'/Users/dengfengdecao/develop/java/idea-ws/lemon-master/target/lemon-1.7.1-SNAPSHOT/WEB-INF/classes/bpmn2/permission.permission.png','22501','PNG\r\n\Z\n\0\0\0\rIHDR\0\0\0\0\0s\0\0\0\}x\0\0\IDATx\\pTU\?{WTT\X;ceKQ B%\,(D\QP:7EE\\\pw^\&ow3yo\ے=\sϽ\?\0\0\0\0\0\0\0\0\0\0\0\0\0\0\0\0\0\0\0\0\0\0\0\0\0\0\0\0\0\0\0\0\0\0\0\0\0\0\0\0\0\0\0\0\0\0\0\0\0\0\0\0\0\0\0\0\0\0\0\0\0\0\0\0\0\0\0\0\0\0\0\0\0\0\0\0\0\0\0\0\0\0\0\0\0\0\0\0\0\0\0\0\0\0\0\0\0\0\0\0\0\0\0\0\0\0\0\0\0\0\0\0\0\0\0\0\0\0\0\0\0\0\0\0\0\0\0\0\0\0\0\0\0\0\0\0\0\0\0\0\0\0\0\0\0\0\0\0\0\0\0\0\0\0\0\0\0\0\0\0\0\0\0\0\0\0\0\0\0\0\0\0\0\0\0\0\0\0\0\0\0\0\0\0\0\0\0\0\0\0\0\0\0\0\0\0\0\0\0\0\0\0\0\0\0\0\0\0\0\0\0\0\0\0\0\0\0\0\0\0\0\0\0\0\0\0\0\0\0\0\0\0\0\0\0\0\0\0\0\0\0\0\0\0\0\0\0\0\0\0(1f\E}<}ƍgƌƎk&O\Z:\\C\0s\LbVZe6oތ\V^m&Mu??\01E=db\f\s0\\0\\r\|\m\)nEC\\0b\7p<wa\?\0Sc\r()\љN\\\@8ō\͜\s\=]\\p\?$S\\Z0|\\ׂ8.\"C\C\0\\\NoNQ\p\\8E\\0)\ӡDc8.\"C\C~USSS\t6\Rk&`˭M\\6\չjCU:\\\\\\\YAUV\;v\8W^}ڵkwA!N\C\2W^m\\\(]\V\2jժ/`Ν;\Ҿ}\\\\:t5k[\~۶mƳv\Z3o\<3zh\K/oĥ9zQw\)j]INQ\p\\8E\\\]b-`I6W\ä[hQm۶37n\\삾Ұe\3u\TӮ]V4i\\\dt,\)\\\\_\rwٞ\v\Z\\ҥQ,SPP`/_n6m\U\?2d;aÆ\\뜔aNNNvF0矦\\\niڴ\ДC\)-e\|\~ǡ\p\?\r\\\#\\FFy\\\\W\ZhTEE\\\\o\n۴iӧy\۾\S\&//o\/Z8E\\wpzSD\a\\\\)\0N\n\ȍ9\\OX\h	)mT]\ZOzzoK<3)\\_\q\\>c8.\"C\C{NtP\\9e\<\pSjjj2V0gذa\0\3rZ\%\\\\\C\3\F\ӧ\$nQ\r\\rC\5jRjgΜi*A-KKK\3Kt|x3{3%:Do:G\\k\)?0W\%I%\\MJ\ܹs\rb\"\֤\\_HNqWcz\8E\Ce\\\k\s\xg#4i|jB]TCeg\c\oKKK[vqNqwz\;\5\\p\?\-Le\\\I%Aq&TO6Oe\/& Q\:Do82\"C\C:\3-;S\\&[B\\TݺNw)\\\\-\\e\5X[K2`8E\\.[\i \_Q%\/l\޽hiُ֬K\Z\\C\E-\> ӌ\\\"a\\\\͝1bĈJ\nw\>5LC\ٝ SD\\_\\Oõ5\xg|ᇉ5\$\'\'gY*=(>}L->Z_tM\"Na\p\/Xy*3v	f\n\\}P2\\Yb\r6Qo]\\\SD\\_\\\>\\Y\\\/E\,P\\ZbQFzAq\q\CXםF*-f,q\{.Jk\)jIw	w\\\ʕ+cY\/\\\X6lح\\\"\\\\c\ƍ\/N\r\k\t\!vI0l\x\\n/^\\T@mz\!n\:s\y\ѣG\p~\޽͵\^붗-[f^{\ž\\g\?{\7:ur\={4\{\gжlv\QW?\Zy\g\-\\eo\;\"6v\\H@x\I\'s믿M\`>\\b9\c\2_|III)b\;\\/,KY𽽭Y\ݤ^E\\t\\?\|\GE\rȑ#\Yg\\<Lw@XWh~\\'b[nN-2z={vUgɨ?2	\\Sz\e!)o{\u\梋.r\\\\s[LS\7|+]ݺuݹUVuۃ\r\l)g7\|9\##駟@O֮];\\ZjyL\_}9\\L׮]\s\=gz\)s\\r73\8\ml\\\Si%}\AS\\Oڵk^z\\L8\uD԰뮱V%777b\>{o(_~es׻\o\t\\͙\^{><x\+\Ad\n\\Q\,p\	Nz]uj\oD\o\ԩS]V_~zꮃs\)\?<\5+)\6e\Au4]^=\\\%ΒM\\\ר\\\)!eg\Zt\\psxjӶL2\\Ұ\;\c~aSF\rHP\^q\\\p\,--\\\q~e\\޽9\]੠Tۗ^z)\\'q?\\\8\5ZKg͛7wYSO=՝̠tL\9svx-\\+Jw\0\u\xl\\\Z\\\Ovۏ=\]\裏vo\'Ol\\"C\\\\ǔ\\L߾}]\[Ͻ\whG\Z\.@e7RN;\4\Si?:\JV%}#NR\aX0L	q,\n+*##gLBmG\ܹs]o\\w\5\Z5rNS\zǲ;\sPk\ҥ3S\}=\B\\\^g\H*{\5HP~)\0\Z숾w\~\M6\\\TS\n\Pv\a&==\s\1n8NYG5\\kޗ\\n\U\֨Ajذ{nǎ#\W+\{ӱC9$?`\g\n멱\\\}FT\V\\0\U0ul\zaBw\0//\Ν;WzP=\^\Z!e=\\\XkBw	p!\[o\f5m\\In\\9@\r\<\UTq\\\n0hpB>hS}\\$(4=|,\\.3JBeZT\\@U^,\\'cMT6ҿScFV+6\j1\P:@:k֬YCs\\\\Zk\r5JzN4\/(vy\~0(Lf%l;4\A=\>\(Խ\\\80ޮ_\\\z￿\4t Q\\,d\r5O4\\ﾮ=qO>dQ\&z<8|\?P\r\\!\u\]\&0|\?쳈\\\G2*\?ꨣ\\\4A\N\u$\n.{\1MXC\CuX\T\ -C\~-?T\r=Ѿ|cǻ\\\o\\\m\1o\0n\,\נA>VT%\n\\\n\\'W={a<}q{^WA9\:u\a	9\"_P-x\Tc\n _x\z9\s\9\'23OA\\\ZR\y*\־/.(\0\nF5|,S/0!6\\\\v\\\EB\в\K\s#0^x\Sc̣2\\֐_t\Z\	&a>uFTm2ӾV}2:T)Y\X\L4\\n\\i\܌3\RY\g\n\"\ɪd\_P\ߊFm\\\\6m\\oٲ\?4\rFSԏS,ib2fjU/^_<\$be\n}VH\H\\Eu\Q\\־e#AԌ\+¥eW$(pڴi̯\nUk`P\r\Z\ꨨuɒ%!\b?\<Oﭞf9am߾ N23ږ\-j=n۶m\j\_xOS	\WƏ\to\Z\2X\^k#u!geeU\\4W~[=^P\^\\_\\\\Ί\\\\\n5M\Ԅ<npذaZ1ո(\P2êQ͋zɚA	S>6\r1\#<\\Az\jB|\rYf.\z*\\YP9eQt\\]֬t\\\PҚӶ\\tUm\LÂ\\}̑\\'YƢתI\W\\@\\@ːV\\\5s\\k\"9m\G2uҟF.ɷ\0u۾4\l)QQH\'}SSSp\nnҤ\8*\n^`RRR\)\\\j`t_\UO\(\\jB;\iY\V\G\$\}.F\ĥ\r\nZ\g<h{\\5Aa|\`([|\%\0|*)(\jVՐ\5\hk_\kG[tDqeq3M~_I	SZ41K\Zn\=O\\(˄\\\44mu<\\9/ռFd\Y2\/:[̝X70l\\%\ŵ\'ǳ\"m 󧆍m6N\mW*\\\\5\\\չ\F9i\]\<ŗԡKWj05]\\ē\n\JY,M\	\i}WzTp[\\!\_xˊ]<\,YBa>HSMh,\'\*[kVXۻY<p\-mC-##c[\1\"C\C{JJJJ5\\\\b궲	9d\'ت\r6\\;dȐͱ\n\1\"C\Ce%55>`S͟F+\s\8*C8*K\Jf\\oEy\j\828E\"\\CJj\kʔ\\ee\Q\K01\p\J^d\\e]vF5$\kq8E?bmqZ	G\\q-\tC\IFdmpSN.\\X̡\T젽B\q\CUR9FsnE-E\4K\\ꯂ@e53]~~f\'Ҡ`\^ș?v\\uڄ	qI0\\v\J{Qgv\\}\e[\\N%05N0\_|\-5\\:	\L9dknGY[=zoiֺY2\)\\\K\#978	e7M\N%S\)\(c\dFI\ݶ\'ׯ_\f\58E\"\\C\0S\)??\08E\"\\C\0S\)??\08E\"\\C\0g7\n\d\V?\0 L<yUp>!\\\S0\\0Ĕ\\\5q\\\r+W\'\رcXa\?\09GW\\W\n\w17\"C\KV\0\0\0\0\0\0\0\0\0\0\0\0\0\0\0\0\0\0\0\0\0\0\0\0\0\0\0\0\0\0\0\0\0\0\0\0\0\0\0\0\0\0\0\0\-\jo\)@\0\0\0\0IENDB`',1),('22506',1,'/Users/dengfengdecao/develop/java/idea-ws/lemon-master/target/lemon-1.7.1-SNAPSHOT/WEB-INF/classes/bpmn2/publish.bpmn20.xml','22505','<?xml version=\"1.0\" encoding=\"UTF-8\"?>\r\n<definitions xmlns=\"http://www.omg.org/spec/BPMN/20100524/MODEL\" xmlns:xsi=\"http://www.w3.org/2001/XMLSchema-instance\" xmlns:activiti=\"http://activiti.org/bpmn\" xmlns:bpmndi=\"http://www.omg.org/spec/BPMN/20100524/DI\" xmlns:omgdc=\"http://www.omg.org/spec/DD/20100524/DC\" xmlns:omgdi=\"http://www.omg.org/spec/DD/20100524/DI\" typeLanguage=\"http://www.w3.org/2001/XMLSchema\" expressionLanguage=\"http://www.w3.org/1999/XPath\" targetNamespace=\"http://www.mossle.com\">\r\n  <process id=\"publish\" name=\"公文发布\" isExecutable=\"true\">\r\n    <documentation>公文发布</documentation>\r\n    <userTask id=\"taskuser-1\" name=\"发文\" activiti:assignee=\"常用语:流程发起人\" activiti:formKey=\"publish-request\"></userTask>\r\n    <userTask id=\"taskuser-2\" name=\"部门领导审批\" activiti:assignee=\"常用语:直接上级\" activiti:formKey=\"publish-manager\"></userTask>\r\n    <userTask id=\"taskuser-3\" name=\"会签\" activiti:formKey=\"publish-countersign\">\r\n    <humanPerformer>\r\n      <resourceAssignmentExpression>\r\n        <formalExpression>${countersignUser}</formalExpression>\r\n      </resourceAssignmentExpression>\r\n    </humanPerformer>\r\n    <multiInstanceLoopCharacteristics isSequential=\"false\" activiti:collection=\"${countersignUsers}\" activiti:elementVariable=\"countersignUser\">\r\n      <completionCondition>\r\n	    ${counterSignService.canComplete(\r\n			execution,\r\n			nrOfInstances,\r\n			nrOfActiveInstances,\r\n			nrOfCompletedInstances,\r\n			loopCounter)}\r\n	  </completionCondition>\r\n    </multiInstanceLoopCharacteristics>\r\n	</userTask>\r\n    <userTask id=\"taskuser-6\" name=\"归档\" activiti:assignee=\"常用语:流程发起人\" activiti:formKey=\"publish-finish\"></userTask>\r\n    <endEvent id=\"endnone-2\" name=\"endnone-2\"></endEvent>\r\n    <sequenceFlow id=\"transition-2\" name=\"\" sourceRef=\"taskuser-1\" targetRef=\"taskuser-2\"></sequenceFlow>\r\n    <sequenceFlow id=\"transition-14\" name=\"\" sourceRef=\"taskuser-6\" targetRef=\"endnone-2\"></sequenceFlow>\r\n    <sequenceFlow id=\"flow1\" name=\"\" sourceRef=\"taskuser-2\" targetRef=\"taskuser-3\"></sequenceFlow>\r\n    <sequenceFlow id=\"flow2\" name=\"\" sourceRef=\"taskuser-3\" targetRef=\"taskuser-6\"></sequenceFlow>\r\n    <startEvent id=\"startevent1\" name=\"Start\"></startEvent>\r\n    <sequenceFlow id=\"flow3\" name=\"\" sourceRef=\"startevent1\" targetRef=\"taskuser-1\"></sequenceFlow>\r\n  </process>\r\n  <bpmndi:BPMNDiagram id=\"BPMNDiagram_publish\">\r\n    <bpmndi:BPMNPlane bpmnElement=\"publish\" id=\"BPMNPlane_publish\">\r\n      <bpmndi:BPMNShape bpmnElement=\"taskuser-1\" id=\"BPMNShape_taskuser-1\">\r\n        <omgdc:Bounds height=\"80\" width=\"120\" x=\"109\" y=\"185\"></omgdc:Bounds>\r\n      </bpmndi:BPMNShape>\r\n      <bpmndi:BPMNShape bpmnElement=\"taskuser-2\" id=\"BPMNShape_taskuser-2\">\r\n        <omgdc:Bounds height=\"80\" width=\"120\" x=\"279\" y=\"185\"></omgdc:Bounds>\r\n      </bpmndi:BPMNShape>\r\n      <bpmndi:BPMNShape bpmnElement=\"taskuser-3\" id=\"BPMNShape_taskuser-3\">\r\n        <omgdc:Bounds height=\"80\" width=\"120\" x=\"470\" y=\"185\"></omgdc:Bounds>\r\n      </bpmndi:BPMNShape>\r\n      <bpmndi:BPMNShape bpmnElement=\"taskuser-6\" id=\"BPMNShape_taskuser-6\">\r\n        <omgdc:Bounds height=\"80\" width=\"120\" x=\"660\" y=\"185\"></omgdc:Bounds>\r\n      </bpmndi:BPMNShape>\r\n      <bpmndi:BPMNShape bpmnElement=\"endnone-2\" id=\"BPMNShape_endnone-2\">\r\n        <omgdc:Bounds height=\"40\" width=\"40\" x=\"830\" y=\"206\"></omgdc:Bounds>\r\n      </bpmndi:BPMNShape>\r\n      <bpmndi:BPMNShape bpmnElement=\"startevent1\" id=\"BPMNShape_startevent1\">\r\n        <omgdc:Bounds height=\"35\" width=\"35\" x=\"20\" y=\"207\"></omgdc:Bounds>\r\n      </bpmndi:BPMNShape>\r\n      <bpmndi:BPMNEdge bpmnElement=\"transition-2\" id=\"BPMNEdge_transition-2\">\r\n        <omgdi:waypoint x=\"229\" y=\"225\"></omgdi:waypoint>\r\n        <omgdi:waypoint x=\"279\" y=\"225\"></omgdi:waypoint>\r\n      </bpmndi:BPMNEdge>\r\n      <bpmndi:BPMNEdge bpmnElement=\"transition-14\" id=\"BPMNEdge_transition-14\">\r\n        <omgdi:waypoint x=\"780\" y=\"225\"></omgdi:waypoint>\r\n        <omgdi:waypoint x=\"830\" y=\"226\"></omgdi:waypoint>\r\n      </bpmndi:BPMNEdge>\r\n      <bpmndi:BPMNEdge bpmnElement=\"flow1\" id=\"BPMNEdge_flow1\">\r\n        <omgdi:waypoint x=\"399\" y=\"225\"></omgdi:waypoint>\r\n        <omgdi:waypoint x=\"470\" y=\"225\"></omgdi:waypoint>\r\n      </bpmndi:BPMNEdge>\r\n      <bpmndi:BPMNEdge bpmnElement=\"flow2\" id=\"BPMNEdge_flow2\">\r\n        <omgdi:waypoint x=\"590\" y=\"225\"></omgdi:waypoint>\r\n        <omgdi:waypoint x=\"660\" y=\"225\"></omgdi:waypoint>\r\n      </bpmndi:BPMNEdge>\r\n      <bpmndi:BPMNEdge bpmnElement=\"flow3\" id=\"BPMNEdge_flow3\">\r\n        <omgdi:waypoint x=\"55\" y=\"224\"></omgdi:waypoint>\r\n        <omgdi:waypoint x=\"109\" y=\"225\"></omgdi:waypoint>\r\n      </bpmndi:BPMNEdge>\r\n    </bpmndi:BPMNPlane>\r\n  </bpmndi:BPMNDiagram>\r\n</definitions>',0),('22507',1,'/Users/dengfengdecao/develop/java/idea-ws/lemon-master/target/lemon-1.7.1-SNAPSHOT/WEB-INF/classes/bpmn2/publish.publish.png','22505','PNG\r\n\Z\n\0\0\0\rIHDR\0\0p\0\0\0\0\0w\\n\0\0lIDATx\\\	Wu7\7++;YY\\\\)[,[m\)!騤%\Q\"\\\,r9%ŢB$E*	\BJ(n\\\3w\e`@f~3^\|\~3\\=\\>\)\0\0\0\0\0\0\0\0\0\0\0\0\0\0\0\0\0\0\0\0\0\0\0\0\0\0\0\0\0\0\0\0\0\0\0\0\0\0\0\0\0\0\0\0\0\0\0\0\0\0\0\0\0\0\0\0\0\0\0\0\0\0\0\0\0\0\0\0\0\0\0\0\0\0\0\0\0\0\0\0\0\0\0\0\0\0\0\0\0\0\0\0\0\0\0\0\0\0\0\0\0\0\0\0\0\0\0\0\0\0\0\0\0\0\0\0\0\0\0\0\0\0\0\0\0\0\0\0\0\0\0\0\0\0\0\0\0\0\0\0\0\0\0\0\0\0\0\0\0\0\0\0\0\0\0\0\0\0\0\0\0\0\0\0\0\0\0\0\0\0\0\0\0\0\0\0\0\0\0\0\0\0\0\0\0\0\0\0\0\0\0\0\0\0\0\0\0\0\0\0\0\0\0\0\0\0\0\0\0\0\0\0\0\0\0\0\0\0\0\0\0\0\0\0\0\0\0\0\0\0\0\0\0\0\0\0\0\0\0\0\0\0\0\0\0\0\0\0\0\0\0\0\0\0\0\0\0\0\0\0\0\0\0\0\0\0\0\0\0\0\0\0\0\0\0\0\0\0\0\0\0\0\0\0\0\0\0\0\0\0\0\0\0\0\0\0\0\0\0\0\0\0\0\0\0\0\0\0\0\0\0\0\0\0\0\0\0\0\0\0\0\0\0\0\0\0\0\0\0\0\0\0\0\0\0\0\0\0\0\0\0\0\0\0\0\0\0\0\0\0\0\0\0\0\0\0\0\0\0\0\0\0\0\0\0\0\0\0\0\0\0\0\0\0\0\0\0\0\0\0\0\0\0\0\0\0\0\0\0\0\0\0\0\0\0\0\0\0\0\0\0\0\0\0\0\0\0\0\0\0\0\0\0\0\0\0\0\0\0\0\0\0\0\0\0\0\0\0\0\0\0\0\0\0\0\0\0\0\0\0\0\0\0\0\0\0\0\0\0\0\0\0\0\0\0\0\0\0\0\0\0\0\0\0\0\0\0\0\0\0\0\0\0\0\0\0\0\0\0\0\0\0\0\0\0\0\0\0\0\0\0\0\0\0\0\0\0\0\0\0\0\0\0\0\0\0\0\0\0\0\0\0\0\0\0\0\0\0\0\0\0\0\0\0\0\0\0\0\0\0\0\0\0\0\0\0\0\0\0\0\0\0\0\0\0\0\0\0\0\0\0\0\0\0\0\0\0\0\0\0\0\0\0\0\0\0\0\0\0\0\0\0\0\0\0\0\0\0\0\0\0\0\0\0\0\0\0\0\0\0\0\0\0\0\0\0\0\0\0\0\0\0\0\0\0\0\0\0\0\0\0\0\0\0\0\0\0\0\0\0\0\0\0\0\0\0\0\0\0\0\0\݊\\[n`\ُN62e\\5u\\bƌw\&JNe_ɾ\+>$\rr\̙ŲeˊGyDZ|yq\W\[6\}\Tɩ\+ٗ{%\Gd\\g\#SLNNʾ}Wr}D&h(}\&FNʾ}Wr}D\%k&}Ir\T\˽{\ƚ\{\(nsf`\qU\q>ir\T\˽{h&y\%\?.\\T>iF*9}%r\ZI.^pz\r.D3\$\Tɩ\+ٗ{%\*M\oM2_ӌ4I9Ur*J\^\=H?eLM2_ӌ4I9Ur*J\^\=hJS9գe_\^\\؜&+;u\$5\HS%d_\\C4\g\e\\4#MRNʾ}Wr-\$W,c\_P~._ӌ4I9Ur*J\^\=HL-\\kFIʩS\W/J\\7m\K\\\k&)JNe_ɾ\+h\\R,?]3\\=\Z&)ʛ\+ٗ{%\SMᇋ;n^̛|L\r|O\/MRN7s\W/J\l\\IʩS\W/J\E\\ٳ=^&)ʛ\+ٗ{%\MM6Ⱥ4\'MRN7s\W/J\\7p\ѯ_\ˏs\ZT\Cee)kqkʏ\ߖ\\\dT*9}%r\~\(ʡlXq~Ykۇ\]\\_7|\}}~zaƌ	N8\9z\\C]]N!C=\#Ww\qsO=\\F\ZIjr\T\˽!W9)U;uQu\\\\/\رc:\cikk{܊/\ke˖k׮-j+V(b\\\I\'T\ˁnqk\\\iJS%d_\\onme-\<\r\Z4(\jfY`z3\ʕ+V3˸q\\\ \E>|\G}\8\.\Z\6\\իYfFzl\СK</hJS%d_\\?Q90\:]\<\3\̙3#Flh;\=z\\Yg\/̙3(\tЅ}nm&IʩS\W/JrرC\\ëy퉚={vq衇v\\\-9C9d\UW]UlI\w_1a\\{{^|MRir\T\˽\\\\<\⡇ڢ3K\\4\-j\!.\۰a\\Zѭ\\{\ޖd5IeSrG+ٗ{%l@)\߹5\\t~ܼ[Ie95\E]p9\-\\i*9}%r\k\-K&CT6_\-\%9\m\ܹEw9\so0`\}\n&)JNe_ɾ\+br\\rƭ}\mCG\~9UN\\Z\\v\aݞ\iJS%d_\\7e\bV9\\'s\9\!\_J\V[\jkɒ%kpwI*MRNʾ}Wr\X:9y\-}͹I\7G_ܤ{ҤIEO~\\iJS%d_\ܷ/ܡUДKW]뷲\@3f\6&\[(ܲIjr\T\˽͓Ӭ7\\y{:ꨞ?\n7q\\qG\\\\>I*MRNʾ}Wr_\\ai\E+\\/܍=\\Kz\8\ge\\w\\:5IMRNʾ}Wr\r<xM}\w*6R\\\\\ؐիWso\_ѣG/\k{Ř={\E75\ƥD\\owMRS%d_\\o2וu\\\G\y;vl\JƏ\<ndC]\7\ޔKޑKr\&٨K7\K\$\Tɩ\+ٗ{%9]T_8jC\/vz\VX-\4y\\\\\\\\\pB`\E\\McWYj*9}%r\#˛l\7/hX>S}-5-\\wG~\[E_\{|A\$\Tɩ\+ٗ{%\\ut(]V6\\w^\\\\\ZCN$?Û\UV\&\W2ړo\\s\\{ｷ\\\.\r*=V˗/\k\۝{w2G\}o\o\$u\\_\N)?)\\i?\u{YuSrxUYW5i\\&/)kRY)s\:||ZY_q||xl._>nȲ\)kHo\\\\\\~_.~{?V~n\@x\\kuUf\m\>p\\]s\p\]\+MrѢE\\lذa\7\\\.v\mj-pW|c9\^.9]\\;\^{US\/\5u\Ԏ\mv*&MT-:\\o~sO}\(\\=S^xa\z_\+_J\\wɒ%\\\\Q#F(^\\o\|=\\O*\7Tw\u\*\'>`R\t\MrGo\:\#\\6hO;\\կ~uuSڿ\\m\V|-9\\y*?gz\z\3Y\Η\\\\^\\u\]\\\󟪯_w\u\5\\\S}._\{\\v\\\|/{\\\p\\\ה9إ|\nȀA+9)W\\3e0ˀA|>||LYǖ\O\@.^\\\/\\\.nW>nmy+\\\\\]*3{y\\9u\?ϋw\\=أ8餓\gyf\\>\\o\Ȯk̘1ų\\s\Y\>\nN7\f=\/?\DqꩧO{\ӊ\/\i\OZ򕯬v&U\\\o\1/}\Z\=\\g?Yk!\Ν[}\	\'P\=\)\>\u*WJn\\y\s\]\3b֬YŊ+3\8\y睫׼\5\FNcu\~\W\-o~f\_:&\!\\v\mW/\\r\\\o|c\\\/G\}\\e]V\zя~T\\MozS\y\Uߓy>\\>\1w\%/\؎\ڳ{\%G\\teOq+\.\M\ss\kM|(\W{t\/zJ\wS\\\Q4\\\\_\q]/}\K\\q\\\\Q_\W\R\\ÇWGr3\(\ⵯ}m}97\Y?\\\%g\w^mȐ!UF\a-up\\f\\\p3f\(>#kͣ?\O/Ww\]\\rp^zi5dv\^\m|\&ziӊ\mŻ\\\\o\8rwggH>h\w6d\ǳ$}<?\h6\P\rp\L\_Wtp\ͯ\}7\O~uv\ZftI9\_\\q\\P\[,s\w8aZ\\\nÆ\r_OܽInpV_m9\o}Z.;W\"\ߟF\m\\\\ǖP\i5%#n\\\\?\s\\1r\\\{\s\\\\Ӫe\k\\p~|\#\\jh\~ಁ.\lV\w\_Z}od\{\:u\Y\\p/{\˪Hc\S=zKԉ\'X<O6>3\\\\Y=\g.ߟ/=SN6~ӫ!#\\n=Z\\\0eYM\Y2gΜj5Q\\\eE\\'\C\jFwn|\o?n\*]1bĎ\\c=ywK.+V\r<\}u\ٰ\\ѣGSϳ\R\E\W\\\1\e!\\m\\Pr,C\{\\j)\\pyο%Ծ\[=\\,#Kv\7z\ш,˲Y\ʑvءce~\׽\uղ\\ȟ1ϳ\\\\M\'\\6\n2\\䣜\\[ѿ\/y?]gz]\ M&J\";Lrg~2e#6Gv\}\6s\hO\4e\W_]p,7P&\y\\\'|r~p\\\S\\s\Ļ};\nbGu\MYZ\SN9\\f}d\WRd/n\\=\j\M6\3\Dl\fCxܸq.b\"{E\?!Y˛m\\\\as\:\h\9>e\|\3ՐUp9\n\r\\չk\\X\W/\r\\?;\"G\<K&\.\\\\\Yz\8\\\ȃ>\JϮ\\"=9W\o]yS\XrG\}o\rD$>\Fꨜ]py\ʈ<4hPT\\\\0\2G\VX-ؔ{,\4r\\\=q\<fwo;i\<?+K\\\l\J~m6\nrQ\sy_Mr\\ip%?\\\J=\\Y^%3\W\\\'s\\\;z\\0s\ruz\톎vl\\\.\g\rK\\\|\\\bn]v\XBi]\Qo\q*:íyj\w~\rNGz\-\\n\Y\n\\wlpga=eGF\S<_>׼\I*C\\V\ݓV^?=Vp=:\:t\̙3E(\@r\$[\\Y\zVu\"\it9\n=;be9IdC\0\'\\\+gȪ4\\fX\೹\\~,yի^U\rsH\9˹o9?\"]r{\\\\>\2<O圼\ӧW\{e\ؠ\y	e\\\~֝m\d\\\ޢ\\\\ϛ\ܹ,L\\Q~6rN\V\mLnl\j*Yuy\\K\\@ޓ[A\=iȐ!:Wg\\w\o,7n\\h4\֮\\5/{$2\\r\\/N\\O\\E]\q#\\\7Ym\\\l\0\\NY\\\9r.\\'\\\ಗ4;rA\\rc\\$\(X^߸8GĲ\'6W\KO˯ϑ\A\P]y#\[o2j}ѝl\&\9Z\yD]<;8Q\9W\\0%\\կ~_\\:\\8\T\R\r\\\\'9\߉\'\w\\\b}\,ʎ<\rʋ/\"k\\\ң\\+YΩ7\pCu!\VWΧ~J\\}\!O5+;p-5TKٞlGy䣍\\{E*\\ƽ;RXd\dQ	M+G\r\\\\r4\|-Kɲ-,\%\\T\0Oon`d=G.\k\\0و\\;/kc\\}?\OS)x?\\Ɯ/o\|hYj\\\-5!\\uw\`XotZ4\\\\\>\9/\hO~կ\r\rGoʎ\\\\\\ш\9\rO\|_Bd\򦪾x-\\\\Y\P_-8;\(˹O\.W!΅|\\"&%8,\\z`\h߷y[\ T.9[np,*þzk\-[%VMr+G,|xS{n!]\$ݜf\:WYe,\\\\rC\劧]](eCy\𵱍jWK͟g9?wc\_\\>\F\ӣw_7\}\ރ4\=]m\\n\\\\y\0\7w=!;\G܉\"\0hР&Mzdkyk\\i\Ɓ*9}%r\+\7^\\NY\rD1-\\m]\\ֶ\3\X\y˲\m\ț&IʩS\W/J\\TS\_\\V}v(su\[o\\'{\\m2,\\y\$5I9Ur*J\^\{F7.\\m\\強\[\\\\\r/ְrNw\7o\K.0au\]\\&5IMRNʾ}WrՖR\kq[H\\~N\ۼ[:lL֟2\\\_y\e]}\m\\GX\\rJ{\\'\\Z6l\ʴܗoҭI*S\W/J\\<1\\\\\[%\yK-*g]{\\\\ۇK\_5\\7\;=s\O-R\$\Tɩ\+ٗ{%[j\\r\UN[j\\\h\m^\\$Nɩd_\\\\4dU7>}f\j GrN]&\\s\zͲI4IeSrG+ٗ{%ꔋ;]\r*Ǝ[\\r\%ł{\fYd-]pa1y\bE[[\cܖ\\&\$&)rGˈ\˽\(l\~\D\樛&hr\T\˽7\m_q#ۯTfsW{UoW\G\$\Tɩ\+ٗ{%=\v\0\~\9\\!\a-\\\L\2\mh*9}%r\4IIʩf.VZU̟?d>/r\4IIʩS\\ʕaU\\e_\܃&4I9Ur*8ٗ{%I*MRN7s\7ɾ\4IeSrG\d_\܃&4I9Ur*8ٗ{%I*MRN7sN|=\$Nɩm}Wr\$\Tɩ\\d_\܃&4I9Sp8|=\$5IS\7ɾ\+MRir\T\rp/J\AT\)8\+=Xߴi\4[Mr*9}\˽{\#f̘qǲe\4>XK,9l\ɩS\oZjU5\\\˽{\&M>_~=w\y\\ZK\ٻ9u\\[\\GNʾ}Wr}H)S\\v\%^_5H9S=Ze_\\\0\0\0\0\0\0\0\0\0\0\0\0\0\0\0\0\0\0\0\0\0\0\0\0\0\0\0\0\0\0l\m\\ɾ\0\0\0\0IENDB`',1),('22510',1,'/Users/dengfengdecao/develop/java/idea-ws/lemon-master/target/lemon-1.7.1-SNAPSHOT/WEB-INF/classes/bpmn2/vacation.bpmn20.xml','22509','<definitions\r\n  xmlns=\'http://www.omg.org/spec/BPMN/20100524/MODEL\'\r\n  xmlns:xsi=\'http://www.w3.org/2001/XMLSchema-instance\'\r\n  xmlns:activiti=\'http://activiti.org/bpmn\'\r\n  xmlns:bpmndi=\'http://www.omg.org/spec/BPMN/20100524/DI\'\r\n  xmlns:omgdc=\'http://www.omg.org/spec/DD/20100524/DC\'\r\n  xmlns:omgdi=\'http://www.omg.org/spec/DD/20100524/DI\'\r\n  typeLanguage=\'http://www.w3.org/2001/XMLSchema\'\r\n  expressionLanguage=\'http://www.w3.org/1999/XPath\'\r\n  targetNamespace=\'http://www.mossle.com\'>\r\n<process id=\'vacation\' name=\'请假流程\' isExecutable=\'true\'>\r\n  <documentation>请假流程</documentation>\r\n  <startEvent id=\'vacation_1\' name=\'填写请假单\'/>\r\n  <sequenceFlow id=\'transition-1\' sourceRef=\'vacation_1\' targetRef=\'taskuser-1\'/>\r\n  <userTask id=\'taskuser-1\' name=\'填写请假单\' activiti:formKey=\'vacation-request\'>\r\n    <humanPerformer>\r\n      <resourceAssignmentExpression>\r\n        <formalExpression>常用语:流程发起人</formalExpression>\r\n      </resourceAssignmentExpression>\r\n    </humanPerformer>\r\n  </userTask>\r\n  <sequenceFlow id=\'transition-2\' sourceRef=\'taskuser-1\' targetRef=\'taskuser-2\'/>\r\n  <userTask id=\'taskuser-2\' name=\'部门领导审批\' activiti:formKey=\'vacation-department\'>\r\n    <humanPerformer>\r\n      <resourceAssignmentExpression>\r\n        <formalExpression>常用语:直接上级</formalExpression>\r\n      </resourceAssignmentExpression>\r\n    </humanPerformer>\r\n  </userTask>\r\n  <sequenceFlow id=\'transition-3\' sourceRef=\'taskuser-2\' targetRef=\'exclusive-1\'/>\r\n  <exclusiveGateway id=\'exclusive-1\' name=\'exclusive-1\'/>\r\n  <sequenceFlow id=\'transition-4\' name=\"同意\" sourceRef=\'exclusive-1\' targetRef=\'taskuser-3\'>\r\n    <conditionExpression xsi:type=\'tFormalExpression\'>${leaderComment==&apos;同意&apos;}</conditionExpression>\r\n  </sequenceFlow>\r\n  <sequenceFlow id=\'transition-9\' name=\"不同意\" sourceRef=\'exclusive-1\' targetRef=\'taskuser-5\'>\r\n    <conditionExpression xsi:type=\'tFormalExpression\'>${leaderComment==&apos;不同意&apos;}</conditionExpression>\r\n  </sequenceFlow>\r\n  <userTask id=\'taskuser-3\' name=\'人事审批\' activiti:formKey=\'vacation-hr\'>\r\n    <humanPerformer>\r\n      <resourceAssignmentExpression>\r\n        <formalExpression>7</formalExpression>\r\n      </resourceAssignmentExpression>\r\n    </humanPerformer>\r\n  </userTask>\r\n  <sequenceFlow id=\'transition-8\' sourceRef=\'taskuser-3\' targetRef=\'exclusive-2\'/>\r\n  <exclusiveGateway id=\'exclusive-2\' name=\'exclusive-2\'/>\r\n  <sequenceFlow id=\'transition-10\' name=\"不同意\" sourceRef=\'exclusive-2\' targetRef=\'taskuser-5\'>\r\n    <conditionExpression xsi:type=\'tFormalExpression\'>${hrComment==&apos;不同意&apos;}</conditionExpression>\r\n  </sequenceFlow>\r\n  <sequenceFlow id=\'transition-13\' name=\"同意\" sourceRef=\'exclusive-2\' targetRef=\'taskuser-6\'>\r\n    <conditionExpression xsi:type=\'tFormalExpression\'>${hrComment==&apos;同意&apos;}</conditionExpression>\r\n  </sequenceFlow>\r\n  <userTask id=\'taskuser-5\' name=\'调整申请\' activiti:formKey=\'vacation-modify\'>\r\n    <humanPerformer>\r\n      <resourceAssignmentExpression>\r\n        <formalExpression>常用语:流程发起人</formalExpression>\r\n      </resourceAssignmentExpression>\r\n    </humanPerformer>\r\n  </userTask>\r\n  <sequenceFlow id=\'transition-11\' sourceRef=\'taskuser-5\' targetRef=\'exclusive-3\'/>\r\n  <exclusiveGateway id=\'exclusive-3\' name=\'exclusive-3\'/>\r\n  <sequenceFlow id=\'transition-12\' name=\"重新申请\" sourceRef=\'exclusive-3\' targetRef=\'taskuser-2\'>\r\n    <conditionExpression xsi:type=\'tFormalExpression\'>${initiatorComment==&apos;重新申请&apos;}</conditionExpression>\r\n  </sequenceFlow>\r\n  <sequenceFlow id=\'transition-15\' name=\"撤销申请\" sourceRef=\'exclusive-3\' targetRef=\'endnone-2\'>\r\n    <conditionExpression xsi:type=\'tFormalExpression\'>${initiatorComment==&apos;撤销申请&apos;}</conditionExpression>\r\n  </sequenceFlow>\r\n  <userTask id=\'taskuser-6\' name=\'销假\' activiti:formKey=\'vacation-finish\'>\r\n    <humanPerformer>\r\n      <resourceAssignmentExpression>\r\n        <formalExpression>常用语:流程发起人</formalExpression>\r\n      </resourceAssignmentExpression>\r\n    </humanPerformer>\r\n  </userTask>\r\n  <sequenceFlow id=\'transition-14\' sourceRef=\'taskuser-6\' targetRef=\'endnone-2\'/>\r\n  <endEvent id=\'endnone-2\' name=\'结束\'/>\r\n</process>\r\n<bpmndi:BPMNDiagram id=\'BPMNDiagram_vacation\'>\r\n  <bpmndi:BPMNPlane bpmnElement=\'vacation\' id=\'BPMNPlane_vacation\'>\r\n    <bpmndi:BPMNShape bpmnElement=\'vacation_1\' id=\'BPMNShape_vacation_1\'>\r\n      <omgdc:Bounds height=\'35\' width=\'35\' x=\'29\' y=\'208\'/>\r\n    </bpmndi:BPMNShape>\r\n    <bpmndi:BPMNShape bpmnElement=\'taskuser-1\' id=\'BPMNShape_taskuser-1\'>\r\n      <omgdc:Bounds height=\'80\' width=\'120\' x=\'109\' y=\'185\'/>\r\n    </bpmndi:BPMNShape>\r\n    <bpmndi:BPMNShape bpmnElement=\'taskuser-2\' id=\'BPMNShape_taskuser-2\'>\r\n      <omgdc:Bounds height=\'80\' width=\'120\' x=\'279\' y=\'185\'/>\r\n    </bpmndi:BPMNShape>\r\n    <bpmndi:BPMNShape bpmnElement=\'exclusive-1\' id=\'BPMNShape_exclusive-1\'>\r\n      <omgdc:Bounds height=\'40\' width=\'40\' x=\'445\' y=\'205\'/>\r\n    </bpmndi:BPMNShape>\r\n    <bpmndi:BPMNShape bpmnElement=\'taskuser-3\' id=\'BPMNShape_taskuser-3\'>\r\n      <omgdc:Bounds height=\'80\' width=\'120\' x=\'531\' y=\'185\'/>\r\n    </bpmndi:BPMNShape>\r\n    <bpmndi:BPMNShape bpmnElement=\'exclusive-2\' id=\'BPMNShape_exclusive-2\'>\r\n      <omgdc:Bounds height=\'40\' width=\'40\' x=\'681\' y=\'205\'/>\r\n    </bpmndi:BPMNShape>\r\n    <bpmndi:BPMNShape bpmnElement=\'taskuser-5\' id=\'BPMNShape_taskuser-5\'>\r\n      <omgdc:Bounds height=\'80\' width=\'120\' x=\'531\' y=\'80\'/>\r\n    </bpmndi:BPMNShape>\r\n    <bpmndi:BPMNShape bpmnElement=\'exclusive-3\' id=\'BPMNShape_exclusive-3\'>\r\n      <omgdc:Bounds height=\'40\' width=\'40\' x=\'571\' y=\'12\'/>\r\n    </bpmndi:BPMNShape>\r\n    <bpmndi:BPMNShape bpmnElement=\'taskuser-6\' id=\'BPMNShape_taskuser-6\'>\r\n      <omgdc:Bounds height=\'80\' width=\'120\' x=\'764\' y=\'185\'/>\r\n    </bpmndi:BPMNShape>\r\n    <bpmndi:BPMNShape bpmnElement=\'endnone-2\' id=\'BPMNShape_endnone-2\'>\r\n      <omgdc:Bounds height=\'40\' width=\'40\' x=\'926\' y=\'205\'/>\r\n    </bpmndi:BPMNShape>\r\n    <bpmndi:BPMNEdge bpmnElement=\'transition-1\' id=\'BPMNShape_transition-1\'>\r\n      <omgdi:waypoint x=\'69\' y=\'227\'/>\r\n      <omgdi:waypoint x=\'109\' y=\'226\'/>\r\n    </bpmndi:BPMNEdge>\r\n    <bpmndi:BPMNEdge bpmnElement=\'transition-2\' id=\'BPMNShape_transition-2\'>\r\n      <omgdi:waypoint x=\'229\' y=\'225\'/>\r\n      <omgdi:waypoint x=\'279\' y=\'225\'/>\r\n    </bpmndi:BPMNEdge>\r\n    <bpmndi:BPMNEdge bpmnElement=\'transition-3\' id=\'BPMNShape_transition-3\'>\r\n      <omgdi:waypoint x=\'399\' y=\'225\'/>\r\n      <omgdi:waypoint x=\'445\' y=\'225\'/>\r\n    </bpmndi:BPMNEdge>\r\n    <bpmndi:BPMNEdge bpmnElement=\'transition-4\' id=\'BPMNShape_transition-4\'>\r\n      <omgdi:waypoint x=\'485\' y=\'225\'/>\r\n      <omgdi:waypoint x=\'531\' y=\'225\'/>\r\n	  <bpmndi:BPMNLabel>\r\n        <omgdc:Bounds height=\"11\" width=\"100\" x=\"505\" y=\"225\"></omgdc:Bounds>\r\n      </bpmndi:BPMNLabel>\r\n    </bpmndi:BPMNEdge>\r\n    <bpmndi:BPMNEdge bpmnElement=\'transition-9\' id=\'BPMNShape_transition-9\'>\r\n      <omgdi:waypoint x=\'464\' y=\'205\'/>\r\n      <omgdi:waypoint x=\'464\' y=\'120\'/>\r\n      <omgdi:waypoint x=\'531\' y=\'120\'/>\r\n	  <bpmndi:BPMNLabel>\r\n        <omgdc:Bounds height=\"11\" width=\"100\" x=\"464\" y=\"120\"></omgdc:Bounds>\r\n      </bpmndi:BPMNLabel>\r\n    </bpmndi:BPMNEdge>\r\n    <bpmndi:BPMNEdge bpmnElement=\'transition-8\' id=\'BPMNShape_transition-8\'>\r\n      <omgdi:waypoint x=\'651\' y=\'225\'/>\r\n      <omgdi:waypoint x=\'681\' y=\'225\'/>\r\n    </bpmndi:BPMNEdge>\r\n    <bpmndi:BPMNEdge bpmnElement=\'transition-10\' id=\'BPMNShape_transition-10\'>\r\n      <omgdi:waypoint x=\'700\' y=\'205\'/>\r\n      <omgdi:waypoint x=\'700\' y=\'120\'/>\r\n      <omgdi:waypoint x=\'651\' y=\'120\'/>\r\n	  <bpmndi:BPMNLabel>\r\n        <omgdc:Bounds height=\"11\" width=\"100\" x=\"700\" y=\"120\"></omgdc:Bounds>\r\n      </bpmndi:BPMNLabel>\r\n    </bpmndi:BPMNEdge>\r\n    <bpmndi:BPMNEdge bpmnElement=\'transition-13\' id=\'BPMNShape_transition-13\'>\r\n      <omgdi:waypoint x=\'721\' y=\'225\'/>\r\n      <omgdi:waypoint x=\'764\' y=\'225\'/>\r\n	  <bpmndi:BPMNLabel>\r\n        <omgdc:Bounds height=\"11\" width=\"100\" x=\"740\" y=\"225\"></omgdc:Bounds>\r\n      </bpmndi:BPMNLabel>\r\n    </bpmndi:BPMNEdge>\r\n    <bpmndi:BPMNEdge bpmnElement=\'transition-11\' id=\'BPMNShape_transition-11\'>\r\n      <omgdi:waypoint x=\'591\' y=\'80\'/>\r\n      <omgdi:waypoint x=\'591\' y=\'52\'/>\r\n    </bpmndi:BPMNEdge>\r\n    <bpmndi:BPMNEdge bpmnElement=\'transition-12\' id=\'BPMNShape_transition-12\'>\r\n      <omgdi:waypoint x=\'571\' y=\'32\'/>\r\n      <omgdi:waypoint x=\'338\' y=\'32\'/>\r\n      <omgdi:waypoint x=\'338\' y=\'185\'/>\r\n	  <bpmndi:BPMNLabel>\r\n        <omgdc:Bounds height=\"11\" width=\"100\" x=\"338\" y=\"32\"></omgdc:Bounds>\r\n      </bpmndi:BPMNLabel>\r\n    </bpmndi:BPMNEdge>\r\n    <bpmndi:BPMNEdge bpmnElement=\'transition-15\' id=\'BPMNShape_transition-15\'>\r\n      <omgdi:waypoint x=\'611\' y=\'32\'/>\r\n      <omgdi:waypoint x=\'945\' y=\'32\'/>\r\n      <omgdi:waypoint x=\'945\' y=\'205\'/>\r\n	  <bpmndi:BPMNLabel>\r\n        <omgdc:Bounds height=\"11\" width=\"100\" x=\"945\" y=\"32\"></omgdc:Bounds>\r\n      </bpmndi:BPMNLabel>\r\n    </bpmndi:BPMNEdge>\r\n    <bpmndi:BPMNEdge bpmnElement=\'transition-14\' id=\'BPMNShape_transition-14\'>\r\n      <omgdi:waypoint x=\'884\' y=\'225\'/>\r\n      <omgdi:waypoint x=\'926\' y=\'225\'/>\r\n    </bpmndi:BPMNEdge>\r\n  </bpmndi:BPMNPlane>\r\n</bpmndi:BPMNDiagram>\r\n</definitions>',0),('22511',1,'/Users/dengfengdecao/develop/java/idea-ws/lemon-master/target/lemon-1.7.1-SNAPSHOT/WEB-INF/classes/bpmn2/vacation.vacation.png','22509','PNG\r\n\Z\n\0\0\0\rIHDR\0\0\\0\0\0\0\0\M\\\0\0D\IDATx\\	xT\q_k\Z\B]ZTM&7	QH Q(*↻\\n*\Ai\r\w\M0Y&\d\\>\yf\\\$9\ۮ\0\0\0\0\0\0\0\0\0\0\0\0\0\0\0\0\0\0\0\0\0\0\0\0\0\0\0\0\0\0\0\0\0\0\0\0\0\0\0\0\0\0\0\0\0\0\0\0\0\0\0\0\0\0\0\0\0\0\0\0\0\0\0\0\0\0\0\0\0\0\0\0\0\0\0\0\0\0\0\0\0\0\0\0\0\0\0-q\0\0\0\0\0\0@t0s\0\0\0\0\0\0 	-7Q\\0\0\0\0\0\0\0$Ͼh\RD4\0\0\0\0\0\0@\⹡\\0\0\0\0\0\0\09GD>k\0\0\0\0\0 \\sC☑h\0\0\0\0\0\0\YNi\\r\\0\0\0\0\0\0dx\؄[\0\0\0\0\0\0\s\<\0\0\0\0\0\0@\\Іa\\0\0\0\0\0\0\-5h\0\0\0\0\0\0\:jo\0Y\\Tsl,\0\0\0\0\0\0Y\';&\;\\\\Ɗ\~\r\0\0\0\0\0\0Y\'Ej\ ųo\gM4\0\0\0\0\0\0Dm21\\NvI\gM4\0\0\0\0\0\0V<wHA\'эϵE4ӹ\0\0\0\0\0 \imHD*\vD\0\0\0\0\0@\0\sc\k]\"z\&g\D\0\0\0\0\0@ֈ\D\\\{\0\0\0\0\0\0\0Z\&\\ϵE4k\0\0\0 7(((p\5\qNk\\.\y~ㅝ/wŮS\\moð1\\uMۮ=n\0\\0IyݣW8+*\o\?\?~>횘l/;\׵pو\;֗{F߉J\0\/N\[V\ǔcV\T\Jñku$zZi8ztTcp\~e\^\Cv쉲\Xd\ދ&=>\":=ͮ/G\'蘞\w-A\Ю\\rQ\tc\]@\04\~v#w\gy8zFY8ly\\H\\\{^\\\i7j-\]GR\\j\^\0\0м$\Ebj2ZaI5E\'UTTk\QV\Z\Z\ґ#-\?^KT^Ofu\Ek\CϵϺ\>\>X{<\\RbZ\\i-xbuE\Y\\\Zh\0\^?[pye\{N/\^\7Gb\&Gbf\Zwe\P&G`u\\be#!\\\0\0\\\J\$5\\\PMҔ\"\WY>\\ϓ\Ht@\ϵ}Y騪Suu<D\v\\D+ӒzWF$w\^֣g\_܄o	`\r\\\ߺnUl\TD4p\04ڣ2@Y$zf򙀮\we+b7jdOe՟53\\W6݉痆=UO5\0\\'6\ULK\\\Kԏz\zգ#\\\\zzzD;\^wıc\VN\I\sMWNuUEyej-%\\\}\\v\\Z\0תnݺmP^td\ZƊgқ\\\ZUu*\{z,\\~,\\7\0\\'\KJJ6\t #W\\f\&\\#\Tn{\%K\x\#~\K\v\侑\ez\\'?-\\\4­\\y<\%y\ӏ\0jhh!ܮ\"ڟF~6_\0@j\\]-5\<\D&_\vW[\Ct.\\Ԉtm\g4wu\ٌTk/\0\0h^ΒfXߪY\,]<6Į7ZWEcG\\8\ךT=H\\\T3{>\^\Z\rf	h#Yݙܭ+|C\0u\d\"\9U\>\3\0@3)\\\f\\Sv[=0uϽ\\na;lk\b/V/P\X\\\Tk/\0\0h\!\n\M\~\cWo\\-vo\\^\\\\Nّx{mv\	\H\\ZQz\\I;zu\n3z<K\t$εvG\\\0 )\Z=K\\LDw{X\0\r׷V{oѕ\'bL\^\\}ddl_{FT=ۯZ\\\}^nR\0\08_K\gYBD]\Ltd\\&toкel\\+}oo\\\Z\\Hv\]><%\\\e&\\#\K|\\\04JD\'n,(#\5sܪ\n\0\7n\H쯞h\\A8~yye\\\x\'\vǢz\\<,a\V\fTS\0\0t\=\\{/\z{d>T_{\\\#\#Bo8\\#\\+\~ks\n/\WƓ\ZS+՝7\\\\\5|;\0tnPۥ~k\?\\O\0@ګ\?\$\rPh\\~?ZJS%\\=4O8\'-\];YǫoU5Y;sR{\0@3	B\KJJ\Z.Fҽkױd\\DtsI6=\0\0Zm\'\0\0ė\\\m\'\0ѭ$\\0 T/\0\0 W;w\\ZO\0d͝vʹm\0֯.,,\r\0\0f_-\0\:\2\0b\0@b\q\\0YEӰ\r\0\k\^\\	\0`&Eyyy;\	ч0;\0b\0@B@VҡZw\g\0\^\\0ph<\5ʹm\0\0\$ٮx D4\\0\j/f\08\\XX;\0\=\0Ц\\yyy;\	\0`&-\\'\0\vۭ=\U\0@[\^\\0pWaa\^x \'\}\9\\o\~}\0\f\\0@0\\'\0P(t\f\8@\0]\\x\0 I]+\0Y/x9x\0\j/\\0\qޱ$/\0\\b\0\7\l\"\0\69\{\	\0`&,O\0duOL\(4k\0\$\'|\0 I|\8\\0Y\k>f6\0H{^f\0@\\\0Y㓒\j\0\0\\\\0\0]\\n@<]\\3k\0\,7|\0 X[XXx\0\\\"mb}\\0ҏ\8\\0\0,_3;O\0\L̻x\0M0\\\0\0\_),,<O\0 \01FQQ\x\0 \˖\\\0h\0\0HKgן\0@0KG\	\04\0\0>\?\0\bz%\0\Z\0\0Ғ_\\<\0\$>\\<\0\a\0p!??X<\0\a\0pnv<\0@@\0@Z0\\0\08Ou\D<\0\\\fG\	\0`&x~~\0\Z\0\0Ғ_t\h<\0\$$~\0@@\0@Z0\0\SO\0h\0\0HKa\qx\0 IP(<\0\a6p\0*&\'O\0 \0 -y\r\\\0ğ5}\Z\0@@\0@Zpܬ=\0\0f\\t<\0\a6p\0p\n:\	\04\0\0%W\'\0\0ğ4;O\0 \0 -yy\qN\\0\0$\n=nIl<\\\fϞs4\ZuL\&\cUU;}̊i\\0;\0\08?fw<\3\%K?%t\Rwڴi11}\02\8N<\0@B\#\\\h\\")SM+\\\0 xoI<O@iۈ\\5\?\\ \4w@\0p?\xrEhff\4\0ȴڋ;\0\0\Y/߾\"\9\\U\z\:HE@\0(\n\0@fx\uۊ\\\\rr_\5L\B\r\0B\D(:O\0\0\q\$^\'\0]}ੵĳo/PE@\0\"\n\0@f 붷\7\)B\r\0B\h(:O\0\03\\8N<\m:\C\"\0R&qz\0&qf%x\h4\0@\\-D\0-\4\0O\0nӮ\u	hPE@\0P{=l\\0\0$\n\\8NW<\\\\z\0h,\B\0 \fv\0tݶl\\\=}ێ\=*\Z\0 ڋ[\0P(O\q.\\>z\޵!R\\0\0-D\0LAAĻ\	@@\c+W\8f\\\vL\!T\\0\0)\^.\\0\0\\hK\= ۊ\\fF\\\tb\r\0\\\\\x\0 D,\^{\y\1\\W\)}\9:\h4\0@#jMDw\0\0L\f ?\\h4\Z\0x+\n\'\0\0\GZ/\5fԹ\h+\Z\0.\n\n\n\4\0O\0\037+\5U<pE@\0\E(\qx\0 IfK\} 14\0@\SPPp\Ex\0 I&~x\\Z\0	Bt\b<\0\$~%x\\Z\0)((cv	\0\0 &\'\0!\0ZF[\O\0\0XO\0\ZC@\0\Zev)\0\0 &BW\	@@ch\0\\ꮰ\_\0@\0)((\l\04\0HK\Ui\O\0\0\q	BW\	@@ch\0\\\V\	\0\0RPP0جO\0\ZC@\0\ZnV\'\0\0\i\Z7\04\0h}B\͎\\\0\0\͆\	@@ch\0\^7\\0\0L\W]\'\0!\0ZP(t\8\0@0\0K\C 14\0@\SPPp\\x\0 Ir%r<h\r\0\\\\\\'\0\0H(̒0<ن\)f\!\\rY|4\n\뵄O\0\0Sd\nx@qe\\ƏB@#kgf?1\0\i6q\\0\0ĄE\	\V`H#sK@\ξ1\0\\Z\FO\0\0e&G\	\]3\"(й!5ASkg4\0ATa6O\0\036\+:qDZ\n:و3\Z\0ڰ\Z,\'\0\0\8LD\\\q\\/v\a\$\;\oyr\\V=\|Mt୵sB\\U\\j\0\0R\9\\QQnYe\ڲp\4\SY(Ğ)Nmv\s\\:,;,\Yet\Y\Ȫ3\\"+^:o\~}\zȐ!\\7\\=\\\o[\\̙\N4\\֭{\	\'쳏r\Ν;SN\\/\\\w,Y\]o܏?8\\p\5׸\]w|ԨQ\#\s\9\\\\{/\p\\\b\ @\B\X<P\	\0\0bB%[D\uޫLdm\\~u\)<\\F\q\Ǟ\~vdUv/UQ_<2\\0+/\^)G\\p\z\Az^6bm(\\>,_|Ew뭷vǍ\n\&n$q\	\|\\e]\ɓ\'\\w/\O@\\\\\Jw\u\uO<D\ۺf\>駟Dl\nk\}ox饗\\\\6l{\W}uO:\$w\\\\]`A`6s\Y\09V{]e\:<\0@,_lx\"\%%%}e+\'ݱ\f[=a\r\[1~Gp|+B\2~\\\ZG_Ͳv~vm\-8^|\'o\\󄳄\'|\\\N\Ȱ\?\\\w\\]gu܇~ص\\=zt\gJx\n׮]j	\\\B﵎\ĿA#̋-rG\\\^\6\l\n\\\?<\nc\\\0\0R\\\≜޿\ԩ\fzQ++o3Y:\T+\\3zڮ*UtWo)\%U\\\i\ZϪL4+\\\vi8E@k\\\\'콖r{\\w\q\h/\c\[l\\}y#\\Z\\\_\(g}\	t	\_~\{㾀c=\}\\\s\=׳:\\q\k^\q\\	Fgm\0M,\\0\0\xWK\㉜\)**ڢtd+\/QFʇOުwe;6G\E2vVy$zI\xG;=\MĞ\4Q\5yeB}ie|hٱW3\*%h\n\V5SNq_o7\\\x<\\\\\m\\C=\\\zkM\;wn\x\\\\7\[n\	h=굎ZC8v7\h#oZ\\{굆]y\\oXM+^\o׍x\0 \fw\ܢs\\_Ox\۴\Qk!b:\k!{\\\";vҊ\ޕCc#\\x\ښN,\r][Q:uӨo~\=*?~|\Zim6&]ZZꭕ\\27y\"{\5\\}\DL\\DL\p\[\sM\\~WnX뫵XpWl\e&\	\0`&-߅\'r\\\R\u)Oު<xV\ކDw+\\ڱ)\Z\7$\y\Z	\gi$\\6\\\\rnc\'nZ!.uk\r6\\\#<\[Ӭ˾w\\4n\\b\3\Xc\n\\o\\=\k\\kO&{O@k:p˴x԰\_7\	\0`&.Vݍ\'rN@/\~{\Rjgs5ZS\\7\:Vp\\njg`\3\с\ѽWo\\X>*Gt\ZS5={\\r7t\\.#p;u괖v\in4\ZY׬|\\:\3\<\}\\\n\;W\zm\\\Y;Q@K\YW]uA\СC=;\\+\0\>ӷ\	\0`f\\\9/4\\b\\Ey\ʇGwֆEIӵ4}\{T:2o;\]\ί\\N\4\ޕutjv{S5\{w+)\\\\jŊ\ҥK\C9\}\G\ٳg{\[ow\y\;/\}\%L\m\<\_\MO\\\\h\\0R\\s\x\0 I\\nD\	\O\jv\\\T\"D\̙3{?k/67Ͻ\\\6۬A\y\nh\\yĈ5kZϟz\)oC.\0M@\nx.k$\0\0faVh\0ȹ\#=D\\\7N|-\\\XSl\ʕ\gisC\J\\\=\\\ŋg߲D@\0Y\^&\x\0 X/D\9}{\\h,4\n]WO\\0\0fa2{O\\u\\	4x\8N\\x\0 XϳD>O䜀~˾?\	4x\^\-o\\0\0\\\9\'ߴ\}<F@\0\\b\\	\0\0b	+\\9\'\\w\'<F@\0\f6O\0\0\qζ\\q<s\'\h\\0\^{uO\0\00;\\I<s\\\y\'\h\\0\\݁\'\0\0\8gXaȹ\{}\G\	4xb|\_w\	\0`f=\'r\{!??X<F@\0.1\'\0\0H(:͒x\"pgىx&^ \Wg\{\0@0&\'ቜ\cf\'\	4xbuW\'{\0@\0	B$ȹ\y+\O\h4\n\0\\\\\~<\0@O$>O䜀\x&^ \1]h\0\0\0f?٬\nO\\6\h4\n\0\\1,\\0\0$??\Z_\'rN@?{\	4x\t\\a<\0@%x\"\:\\\\'\h\\0\^{\[L\0\0 \'\)x\"\\ZM@\c<\5\0\0 &$>O\\\\\	4x\^\BG\0@0c\f≜\\.x&^ \1w-\\0\0\q-\'r׬@@#W\0H{\uv(zO\0\00;\l6ȹ\}Y	@@#W\0H{L\\0@\0	B[O\\\\}مx&^ 8s\_O\	\0`f\95\\'\h\\0\ӧ=\'\0\0H(:Ēx\"\:\[\\\'\h\\0\Kaa\\,\0\0L\Y\'rN@G\{\\'\h\\0ҋ\8,\'\	\0\0bEٟ,\\9\y\OkF\kߛxLӓ\0@\0)**:x\"\-\\M>}ђ%KYh.|\\\+\0dXLZPP<\0\0f%x\"\aV_\'ڵ\bgM:\_~\w\\yx\\<\\02S,\	\0\0%x\"\P+\\՘\\8eʔ9\5X\M\\\\ W\O*((\	\0`&\[O\\~\W\	\0\\0\K~~-cx\0 XQ	\wD\\\\w5\0 ^ \1}\^S\0@\0),,%Dnb\\E9\0 ^ \\\`1=\rO\0\00\\x\"\4-O\0\0^,\k\0\0 yyy{ZO\\\A>@\	\0\\0\K~~V{\'\0\0%=\>\9W_[\\	\0\\0ҋ\\V{\'\0\0H^^\n\?9W<@@\c(f\	\0\0RTT%\D\uޥV\\0\+\04\'\0\0H^^\Ζ\?\9W\=\'\0W\0H{Ln12\0\0 \\\;ZO\\\\\ݾ[\0\n\0\\\09x\0 8%\x\"\:\nfc\0\n\0\%\nb1*\0\0 :u\Βx\"\\n\\\0\+\0=6{\rO\0\0\q$O\\\\]b6O\0\0^BП,\\	\0\0%ex\"\\nNf\	\0\\0ҋ\8ZL\'\0\0Qi\6`TַB\0\n\0\%\n\zO\0\0\0\q\nH@+㩬/\Cf\	\0\\0\^\bz>\0\0N1V\(%PNi\0@@	B~O\0\0K*\C9\n\0 ^ 8{\\0@\nYID<3\fO\	\0\\0\K(\\b]<\0 \\dqx&g\n\͞\\0\+\0\\\\YL\'\0\0W\H\SH\P}e\0 ^ B-?\0\0\\F\㑜*\O\y<@@z),,\\b_x\0 B,\'r ?ɾ(\0 ^ X<\a\0\0 yyyF@\^A~u\S\0\n\0饰pw\4\n\u\\\'̞=\h4\N2UUUӧOʬv\ZL\n\i\\\i\r<_\"މWb#FӋ\f\CP1cd\~Ė.]\N6\?ϣb\@\G[\\"N\(F],?F$M?L2\m\)F;\|\n\%z%\x\'^QMNf遡Qh\\r	#{͒\Sv\ZP\_W\"މw\ň\R\\\\\\(\d\IХb\@\BJ\;N1^\\\bz`h\$Ϳ\\.\3=\1\rIv\NOQQ\VAD\\+1\SNۙZ,	XН\ g.[\tL\lHSv\<sgN\(F}z\K遡Œ\gZ+$ \6 \\:w蕈w\x%F1b4t\\yk\_\C%\7֙Ɇ$H;\h\.\kJ\;N1\\bz=0X?\$H6$A\)F;mv罧u\\+\\;Jb\hz)))\2\n- \NS\f\'J\;N1ںXN4s9\\\$\JzdCb\f\;[g9N\(F>\\\t(\HMN\\Ug\{$ \6 \:\EJ\;N1==}\\#Cಅo;H6$A\)F;mvAu\K蕈w\x%F1b4m\I\8g\C\W\]+	\$H;\h-R(N\(FWD\'[=\gh~\\\}\1kOczdCb\f俶N\J\;N1\Q\Y-W,_\73R\:sH8$A\)Fgݬ|s\W\+\\;Jb\h08\\2Ip\Jw\1\\W֙\0}\9:+$A\)Fg\\|븿W\"މw\ňѴ\n\\>w&%rE$H;\h-^ohJ\;N1^,6\ghrl̕\(|HS\:\|=\W\"މw\ň\֣h\~P\vM\6HĪG3{o=qX\\3CI	\7Iv\YLu\z_\"މw\ňіÄ6&{\\|\sR+\+\\[`$A\)F;m5N1[n6#qA\(F6\\r*L~h\V\TRR%*B#	\N1\i\\~,w\x%F1bF\\:urz\'p,X\.Y\駟\\\˗\;ydw\С\IR-G}ݐ!C^4h\\=z***qFn\~\߿kvޭ\:v\{1 \o\8\9F\(Fփ6\\ڢO>\\ߺj\*wƌ\e]LH\\\\믿[\\\\	g\\o\e˖\w\\\ovu	\\\ge\l$A \	\Z(sn%N\(F6Ǚ(r\\\<\\ٳ\^z\\o\\m\9l+b^׮]0a\'S\0s\Lw\\\cE]t&I#	\N1\i\\r\99M\\+1M\\'\q\ƹ\ےH\s\=EGY!\r\Z\\/Q`Cɘ3gkz\%\\D6\F$	\N1\iZ9%őT\\'\1\x%Fꓫm\Z-\\њ\k~3\\Zqc/ҟ^}\u\_w\ѫJJJ\U Fb\&\s+\1=#މWb#F\\"qͳĳlM\N\O\lB`\sϞ=\\\\?\0TO$	\N1\iF\-\;F\(u}v\NN\\#\\F=]К\\\>O>\J\>M$	\N1\i\\D\\#މWb|)ӉҚ\\\Oы3[i\y\\x\\\§C7I$H;\hi)\[j:g֏D\\;Jb\hc0Z\vKo\\b	\"\"0`\0,ݔ~\nz1 \C@\Q<\:f]S\eFE\;N1\\lc/Zu礶D\Ŵ\r}\@\\YjݶSe\?~N\"	\1\i[\\;\\\\\\u\\֊h\x\'^Qm\r`O>-r\\r\gz\s{\6s\\r7ܰP Fb\vɧmv.\\bܷ\	\g\\ZK\x\'^Qm\|_\b17\\\	u^EEŖ\\ſ,[͜p\\%%~ĵ\$A \(u\Ɋ\d\ߑ\[cI\\+1QTTi$Tu/涘UVqo\\\2ҁcƌ:hР6wX\\ߵ/*31I$H;\hMk\R(\-\k\w,\\x%F\\\ME\\_\fÆ\rK\\= #;\!C2q\\6w\ȑ#gf\4\{M/\( I0b\N\.X7TZ\'<Ec\\+1eWܘvh\o\\\\ɓqߗA\m\ٳg\3\'\3-	&ؤdWsH$A\)F;mZlƴ̺uX74xǲ^@\(]vh\\\/X {ｗ8=7#=zZdI;k\ŋt\\N5Ws!I$H;\hMkM,\\+\\mF1\ܿxǲE@\(]zvh?gLd\Ҍ,2b\r!Gezx5G\\"H$A\)F;mZldEysT\X\\nh\ŲK@\'CיkkB\2\0\Dg\29	~\7\w\}\⟫\\g\'{oŊ)V\\\?\\ \Lku^}_~e\})u\\v\9\fvc\&\zxsQ>s\/%\\Zs\ʕ+\c\o\xm\X\U\\\>9\x\t\Wo\B-2%	t;t\\<geee\\{\]\?w\zaC\\\s{\u\y\G\Z\1\{˴VA\\\\n\^}\\g\Y$\_\5\_\\\\̙3\/\7Zp1\TEE\+\\_\=\q\5mAVUUU#w\eWW;\K\2]\\k\^x\\Z){\\'s~\\\\sϭ{.\\\N0\.\2w-pǏ\q(\g\\\w\\^;\\ |#Ѝl\\Z\ŷ9#Z\lhGb=J#g\+k[Y8\\y$z\+Ď-\GxV\g\nWk\/5d\]%\z5֫W/\\\=&\yA\\xM5V\rtk\jiAц\{Ͽ\+\;\o\F^M\ZpMnݘ\\dǌ,3e\rҥK\5е;Z\2f\OP\>nJf<\\k%/VuVJz\%0\t\\\\<}\K/\Zm)׷o_N>W\\\m>s{\\z衮.ʜu\Y\g\^|\\=\\	\'}\G}\\zo{\1\x\O>dN\}`p۩vt] m\nyy{\)\z\\SNڬ.\aw\w\Ȑ!Cj쪫~\/~%\?g}\'\uqHjz>o\<\\\]9\\\\o\r\-6\x\5\M6\\ku\l\]\Yl{\]w{챇\\s\!\.\)Ey\^\g7J^{ye쬊\i:<{<=S\^n\]/\\y\>\erԐ\[^H\0GY>}\T1(\&\jϡ\\cl\m\\r+sw\rb64+dbo\s\Ջ\h\\O>w!˯\RЭ\ZYF\\	}	U\\=#Y&>Ϯ#Ɉ$8m\4\\n\>\\>\CVQ\_\կ~\=/))\UTS\\fy$QX<\B\F5z8r\H/Yn\6n\=?\kF\rK\v\\^rT$&GJPw\ynǎ\:\ \"\Nձ;ֽ\{)[\r\H@_z\^;\}ݽ4\\_mȿRhK.\j[o\s\\Dsnݼ:n\'\\|Hv\a\r=}t\[c:F\tqG\ow\[o=\o:\\*\'M\搀]6c[\$\\7<-ZQ>\\t+\'aX+\\\\b\&Lnte\Cn\o]牙\/5\\\(M3HGq{\!xߧZ\~6\o	hⵙZ;F\'\w\xielКɡ~77z|\my\Y\\noEjnf\f@+2\>\樛2\0\\nlF%G}\=\ݝv\\KV\Z]\on2i7g\wPb#\\72I {\\k\Myt\Ap_\ʡ%?D\MWV%TZ\\n\,+++\P\5\Ow\\\\@\'\n\ѣG{\2\\4={l\sN<D[nD:iԾV\\\\7\^x;W.\ߩLk]%O,)*uѩw\\5#\*\YdnTl\HRC]Ea\\p_Y\*+\\7\@\\\/\kH4Y^)+\\/Ï\\2ߘ\\\~1eA~+\к`\"K.޹z\kt\\74\B\\\\Ӿx1\M\ տ*~\\4+\9s\\\#\"[?r\1Y[AzDK[ӳg\\\FM\\\芊\nO\SmKhZFU\\D\\E]\M\F\y\w֬Y\M7\TcT	䭶\ʽ˽i=Jz\kG@jT\\ZA\tTd\Q\=\T\Ν;{\\W\1Zk5ETmJEr\0\\\Z>Sk5;\\\~^u\Qޅ\\\#\\\iMvM,\ig?)\\%\\~؞\"{\Yj𚢼2Za\)M4;jL#h\}\7\\`3f\rL\=\\?Lɠ\o\=\5c5[\@kV.Z+\\\\\Щֈ贈\|	:0\r&\z8#h\]tE\\\K\Aߔl0iMd:^[@k֬\6M\\`k\$|\\U{Qk\Oǟ\i\~r\\(Y\Y\N:yhn\ݽi<Jz\kG@J\jz\3\<Sc\DhJ\~\)	hMTi\rږ.H@v\i^\h[nڰ\>&\_i\\;^gue#Xz)~\y\nX\\5\\b<բ\}g\+]*{W\\kWG\'VƆ\.ʭ$\ZBUˌ/=\Ou?\\wG\\"ˠ\o\=k\5c5\\HV`\tZeIֈ\\\'//omХz^oKȪU\\\\_|a\euh3bԨQXGv;¤yS\ZW\%%.)\Z\h]Kf\AQ3i\ZK@+1Sm/e\\k9.\\ZGsV(\\\?In\Z\Uqv\\\\\z_ӻ\\\">\\k\ZS\oz\'\\\ې\\"_(\:.]\{Z\\\\/s\np\n(UFjO\\\.\&+\;0\EyDw+\\ڱ)\Z\7%\y+\L۳4\\{s|p\\7-ǋ,u#<\N)\䟣m\fU\ӣ^\7\\2\ښ\rZ˳TIkbPߙf~iL{H@Z#\"\6\n=\Z˞	h\QƯ0`ӯ_\bo\\\¯3\nC*7\x\'rӨ\ZĊ@Ij\	Jh\L\_\Y<%\nh\^*Zk=t\P\4b\\\\\wj\'\xih60M\-5=˟\h]\pV\5U\\w\\\*fQ34L\Z\VE\\Q+\\Feb\B\[]V{\nh\\Z\\W\\\\6v\\"\C;$)Sk\\ZVU\޺IT\[EEź*ҵ\Wx*\+*\ohE4_\Z\\z\\Q?Q@w\jJ]Ӆ\?\5k?xM3h\ /\\\WOt^\\7K\=\\5c5\M9\X\۟\'\L_2]_N\\r	\\\\\e\\=z,\O7Lo\"\B*\n\zjW\\h\\4V	Qhs...S@\V*4MOS\R<ڰ7M\\zL<\\_$\\{4\v\-芵v\O@\jFiDI\nh\ym阺-fX\\'xk,%*\uHՉK\o\=iuKN]a\k\@\߯\\E:}\)M\\ϯ6\;\\i->=t\TouS\{?\&Q><sy8v[Bt,D^G\'\\\uױt\\yPj*i\\}#\M@Kj=.\\\,H}Fw\uך\5\%ʔK_V\K?Y\Y\\"\kFwQQ\\~LK(kw*5\":}h\\N\}<\\wdJ\<lE^^\\\\nݺ墋.Z4]Xa\\A)T\kcī\-֢\j#`\\n\J\$築\(ď?\S^Ҽ\\­ϓ\\(9\3j~_@e\\\\	h-!\\FjO\\'\}뛦zJ@kJE6\h\'\g}歫WT|hZyPWj\#x\4CSŵ\\B\z\\\i:;\U֘nUdjq:Th\'\&v\ic\\U##Q%\\\	ZfY\TMfi\Y˾\-mV,\\"VsjDt\b\P_^Sm4\}S`\\ȑ#L\T\/\[M\\\\?$ز\\]}Ws2SrE\ Zwi*<lW\DFu\I$\ij~҈چ\f\vMŒ}ұe˖չQk\C\\\߭\\\c[~\_\\'\\ӽ+\tK\-]\\)ZC8\q+\A\,w\5GtmS}\\Ęmjn]4ib3_7Mߟ8d\\v\t\jM\'Y19\@\m\\$!1\i\\im2mx\r4މWb\r\(tqxtߗ\J\\\m:u\\\F\P Fb\&թHɆa\;\N\h@\ݐnКj\<.\u\][zͳmg\\3I$H;\hmB\:sb\6N\(F6\\o&\\\\\\oj\v]#\&v\\ܟ|\\\ުJmkðy&	i\40Eaf+\\\%\\\;Jb\hSPM\~8ZkWZ\\\Z,\Do&\CPO\_^w\uo\_JiDz\\KF=G\\1A\m$HbӌCuݡ\x&މw\ň\\h\~sŭv\\T떚]^^s-fV\Z\ڥ[n\6lV<\\O?$\)˖-\3o\ȑ3{\9\qo4^_I#	\N1\iFrn\6N\(F\T\4\CDwKX,45\-5ρ\\飪\\a\l\\e\^7\&	b$A\)F;McQ\\x\'މWb#F[\ݹ?-z;u\\^\ĉ{x\V@\\D\{\=w\\\a\\\\\_祁\mH\Zf\\x\'މWb#F[\n\rj\4\n-O\"b+4К\@$	\N1\i5nUN\(FQHoi\"z@N\?*Zwa\\$!1\i\6N\(F\"&w\\ؾXz#1\{aIC@cS \1\Q 	bhO\)\/a\;1\n@\HS\)\0N1\0$A$H;\謁xǈwb#FHIv\Nxǈwb#FHIv\Nxǈw FQ\0 	i\wxb#FH\Z\@b\(\0IC@cS_w F1b$iS_\".w F1b$i5\\;1\n@\HS\\Zwx\'F1b$i\wx\'FQb$H 	\N1\)\\(1JISv\n\;F1\0\%\Z,׾$#\\@b\(@0}EK,!ad-\\aKo\N1\)\\(F\0X쬩S\/đ=W\0>1;v\Nxǈw F1b@\8eʔ9uX\M\\\ٖ\0iS_w F1b\0\0\0\0\0\0\0\0\0\0\0\0\0\0\0\0\0\0\0\0\0\0\0\0\0\0\0\0\0\0\0\0\0\0\0\0\0\0\0\0\0\0\0\0\0\0\0\0\0\0\0\0\0\0\0\0\0\0\0\0\0\0\0\0\0\0\0\02z\\R\0\0\0\0IENDB`',1),('25002',1,'/Users/dengfengdecao/develop/tomcat7/webapps/lemon-1.7.1-SNAPSHOT/WEB-INF/classes/bpmn2/permission.bpmn20.xml','25001','<?xml version=\"1.0\" encoding=\"UTF-8\"?>\r\n<definitions\r\n  xmlns=\"http://www.omg.org/spec/BPMN/20100524/MODEL\"\r\n  xmlns:xsi=\"http://www.w3.org/2001/XMLSchema-instance\"\r\n  xmlns:xsd=\"http://www.w3.org/2001/XMLSchema\"\r\n  xmlns:activiti=\"http://activiti.org/bpmn\"\r\n  xmlns:bpmndi=\"http://www.omg.org/spec/BPMN/20100524/DI\"\r\n  xmlns:omgdc=\"http://www.omg.org/spec/DD/20100524/DC\"\r\n  xmlns:omgdi=\"http://www.omg.org/spec/DD/20100524/DI\"\r\n  typeLanguage=\"http://www.w3.org/2001/XMLSchema\"\r\n  expressionLanguage=\"http://www.w3.org/1999/XPath\"\r\n  targetNamespace=\"http://www.mossle.com\">\r\n  <process id=\"permission\" name=\"审批权限\" isExecutable=\"true\">\r\n    <documentation>审批权限</documentation>\r\n  <dataObject id=\"dObj123\" name=\"StringTest123\" itemSubjectRef=\"xsd:string\">\r\n    <extensionElements>\r\n      <activiti:value>Testing123</activiti:value>\r\n    </extensionElements>\r\n  </dataObject>\r\n    <startEvent id=\"startEvent-1\"></startEvent>\r\n    <userTask id=\"usertask1\" name=\"发起申请\" activiti:assignee=\"常用语:流程发起人\" activiti:formKey=\"permission-request\"></userTask>\r\n    <sequenceFlow id=\"flow1\" sourceRef=\"startEvent-1\" targetRef=\"usertask1\"></sequenceFlow>\r\n    <userTask id=\"usertask2\" name=\"部门经理审批\" activiti:assignee=\"岗位:经理\" activiti:formKey=\"permission-department\"></userTask>\r\n    <sequenceFlow id=\"flow2\" sourceRef=\"usertask1\" targetRef=\"usertask2\"></sequenceFlow>\r\n    <userTask id=\"usertask3\" name=\"总经理审批\" activiti:assignee=\"岗位:总经理\" activiti:formKey=\"permission-manager\"></userTask>\r\n    <sequenceFlow id=\"flow3\" sourceRef=\"usertask2\" targetRef=\"usertask3\"></sequenceFlow>\r\n    <endEvent id=\"endevent1\" name=\"End\"></endEvent>\r\n    <sequenceFlow id=\"flow4\" sourceRef=\"usertask3\" targetRef=\"endevent1\"></sequenceFlow>\r\n  </process>\r\n  <bpmndi:BPMNDiagram id=\"BPMNDiagram_permission\">\r\n    <bpmndi:BPMNPlane bpmnElement=\"permission\" id=\"BPMNPlane_permission\">\r\n      <bpmndi:BPMNShape bpmnElement=\"startEvent-1\" id=\"BPMNShape_startEvent-1\">\r\n        <omgdc:Bounds height=\"35.0\" width=\"35.0\" x=\"40.0\" y=\"60.0\"></omgdc:Bounds>\r\n      </bpmndi:BPMNShape>\r\n      <bpmndi:BPMNShape bpmnElement=\"usertask1\" id=\"BPMNShape_usertask1\">\r\n        <omgdc:Bounds height=\"55.0\" width=\"105.0\" x=\"120.0\" y=\"50.0\"></omgdc:Bounds>\r\n      </bpmndi:BPMNShape>\r\n      <bpmndi:BPMNShape bpmnElement=\"usertask2\" id=\"BPMNShape_usertask2\">\r\n        <omgdc:Bounds height=\"55.0\" width=\"105.0\" x=\"280.0\" y=\"50.0\"></omgdc:Bounds>\r\n      </bpmndi:BPMNShape>\r\n      <bpmndi:BPMNShape bpmnElement=\"usertask3\" id=\"BPMNShape_usertask3\">\r\n        <omgdc:Bounds height=\"55.0\" width=\"105.0\" x=\"440.0\" y=\"50.0\"></omgdc:Bounds>\r\n      </bpmndi:BPMNShape>\r\n      <bpmndi:BPMNShape bpmnElement=\"endevent1\" id=\"BPMNShape_endevent1\">\r\n        <omgdc:Bounds height=\"35.0\" width=\"35.0\" x=\"600.0\" y=\"60.0\"></omgdc:Bounds>\r\n      </bpmndi:BPMNShape>\r\n      <bpmndi:BPMNEdge bpmnElement=\"flow1\" id=\"BPMNEdge_flow1\">\r\n        <omgdi:waypoint x=\"75.0\" y=\"77.0\"></omgdi:waypoint>\r\n        <omgdi:waypoint x=\"120.0\" y=\"77.0\"></omgdi:waypoint>\r\n      </bpmndi:BPMNEdge>\r\n      <bpmndi:BPMNEdge bpmnElement=\"flow2\" id=\"BPMNEdge_flow2\">\r\n        <omgdi:waypoint x=\"225.0\" y=\"77.0\"></omgdi:waypoint>\r\n        <omgdi:waypoint x=\"280.0\" y=\"77.0\"></omgdi:waypoint>\r\n      </bpmndi:BPMNEdge>\r\n      <bpmndi:BPMNEdge bpmnElement=\"flow3\" id=\"BPMNEdge_flow3\">\r\n        <omgdi:waypoint x=\"385.0\" y=\"77.0\"></omgdi:waypoint>\r\n        <omgdi:waypoint x=\"440.0\" y=\"77.0\"></omgdi:waypoint>\r\n      </bpmndi:BPMNEdge>\r\n      <bpmndi:BPMNEdge bpmnElement=\"flow4\" id=\"BPMNEdge_flow4\">\r\n        <omgdi:waypoint x=\"545.0\" y=\"77.0\"></omgdi:waypoint>\r\n        <omgdi:waypoint x=\"600.0\" y=\"77.0\"></omgdi:waypoint>\r\n      </bpmndi:BPMNEdge>\r\n    </bpmndi:BPMNPlane>\r\n  </bpmndi:BPMNDiagram>\r\n</definitions>',0),('25003',1,'/Users/dengfengdecao/develop/tomcat7/webapps/lemon-1.7.1-SNAPSHOT/WEB-INF/classes/bpmn2/permission.permission.png','25001','PNG\r\n\Z\n\0\0\0\rIHDR\0\0\0\0\0s\0\0\0\}x\0\0\IDATx\\pTU\?{WTT\X;ceKQ B%\,(D\QP:7EE\\\pw^\&ow3yo\ے=\sϽ\?\0\0\0\0\0\0\0\0\0\0\0\0\0\0\0\0\0\0\0\0\0\0\0\0\0\0\0\0\0\0\0\0\0\0\0\0\0\0\0\0\0\0\0\0\0\0\0\0\0\0\0\0\0\0\0\0\0\0\0\0\0\0\0\0\0\0\0\0\0\0\0\0\0\0\0\0\0\0\0\0\0\0\0\0\0\0\0\0\0\0\0\0\0\0\0\0\0\0\0\0\0\0\0\0\0\0\0\0\0\0\0\0\0\0\0\0\0\0\0\0\0\0\0\0\0\0\0\0\0\0\0\0\0\0\0\0\0\0\0\0\0\0\0\0\0\0\0\0\0\0\0\0\0\0\0\0\0\0\0\0\0\0\0\0\0\0\0\0\0\0\0\0\0\0\0\0\0\0\0\0\0\0\0\0\0\0\0\0\0\0\0\0\0\0\0\0\0\0\0\0\0\0\0\0\0\0\0\0\0\0\0\0\0\0\0\0\0\0\0\0\0\0\0\0\0\0\0\0\0\0\0\0\0\0\0\0\0\0\0\0\0\0\0\0\0\0\0\0\0\0(1f\E}<}ƍgƌƎk&O\Z:\\C\0s\LbVZe6oތ\V^m&Mu??\01E=db\f\s0\\0\\r\|\m\)nEC\\0b\7p<wa\?\0Sc\r()\љN\\\@8ō\͜\s\=]\\p\?$S\\Z0|\\ׂ8.\"C\C\0\\\NoNQ\p\\8E\\0)\ӡDc8.\"C\C~USSS\t6\Rk&`˭M\\6\չjCU:\\\\\\\YAUV\;v\8W^}ڵkwA!N\C\2W^m\\\(]\V\2jժ/`Ν;\Ҿ}\\\\:t5k[\~۶mƳv\Z3o\<3zh\K/oĥ9zQw\)j]INQ\p\\8E\\\]b-`I6W\ä[hQm۶37n\\삾Ұe\3u\TӮ]V4i\\\dt,\)\\\\_\rwٞ\v\Z\\ҥQ,SPP`/_n6m\U\?2d;aÆ\\뜔aNNNvF0矦\\\niڴ\ДC\)-e\|\~ǡ\p\?\r\\\#\\FFy\\\\W\ZhTEE\\\\o\n۴iӧy\۾\S\&//o\/Z8E\\wpzSD\a\\\\)\0N\n\ȍ9\\OX\h	)mT]\ZOzzoK<3)\\_\q\\>c8.\"C\C{NtP\\9e\<\pSjjj2V0gذa\0\3rZ\%\\\\\C\3\F\ӧ\$nQ\r\\rC\5jRjgΜi*A-KKK\3Kt|x3{3%:Do:G\\k\)?0W\%I%\\MJ\ܹs\rb\"\֤\\_HNqWcz\8E\Ce\\\k\s\xg#4i|jB]TCeg\c\oKKK[vqNqwz\;\5\\p\?\-Le\\\I%Aq&TO6Oe\/& Q\:Do82\"C\C:\3-;S\\&[B\\TݺNw)\\\\-\\e\5X[K2`8E\\.[\i \_Q%\/l\޽hiُ֬K\Z\\C\E-\> ӌ\\\"a\\\\͝1bĈJ\nw\>5LC\ٝ SD\\_\\Oõ5\xg|ᇉ5\$\'\'gY*=(>}L->Z_tM\"Na\p\/Xy*3v	f\n\\}P2\\Yb\r6Qo]\\\SD\\_\\\>\\Y\\\/E\,P\\ZbQFzAq\q\CXםF*-f,q\{.Jk\)jIw	w\\\ʕ+cY\/\\\X6lح\\\"\\\\c\ƍ\/N\r\k\t\!vI0l\x\\n/^\\T@mz\!n\:s\y\ѣG\p~\޽͵\^붗-[f^{\ž\\g\?{\7:ur\={4\{\gжlv\QW?\Zy\g\-\\eo\;\"6v\\H@x\I\'s믿M\`>\\b9\c\2_|III)b\;\\/,KY𽽭Y\ݤ^E\\t\\?\|\GE\rȑ#\Yg\\<Lw@XWh~\\'b[nN-2z={vUgɨ?2	\\Sz\e!)o{\u\梋.r\\\\s[LS\7|+]ݺuݹUVuۃ\r\l)g7\|9\##駟@O֮];\\ZjyL\_}9\\L׮]\s\=gz\)s\\r73\8\ml\\\Si%}\AS\\Oڵk^z\\L8\uD԰뮱V%777b\>{o(_~es׻\o\t\\͙\^{><x\+\Ad\n\\Q\,p\	Nz]uj\oD\o\ԩS]V_~zꮃs\)\?<\5+)\6e\Au4]^=\\\%ΒM\\\ר\\\)!eg\Zt\\psxjӶL2\\Ұ\;\c~aSF\rHP\^q\\\p\,--\\\q~e\\޽9\]੠Tۗ^z)\\'q?\\\8\5ZKg͛7wYSO=՝̠tL\9svx-\\+Jw\0\u\xl\\\Z\\\Ovۏ=\]\裏vo\'Ol\\"C\\\\ǔ\\L߾}]\[Ͻ\whG\Z\.@e7RN;\4\Si?:\JV%}#NR\aX0L	q,\n+*##gLBmG\ܹs]o\\w\5\Z5rNS\zǲ;\sPk\ҥ3S\}=\B\\\^g\H*{\5HP~)\0\Z숾w\~\M6\\\TS\n\Pv\a&==\s\1n8NYG5\\kޗ\\n\U\֨Ajذ{nǎ#\W+\{ӱC9$?`\g\n멱\\\}FT\V\\0\U0ul\zaBw\0//\Ν;WzP=\^\Z!e=\\\XkBw	p!\[o\f5m\\In\\9@\r\<\UTq\\\n0hpB>hS}\\$(4=|,\\.3JBeZT\\@U^,\\'cMT6ҿScFV+6\j1\P:@:k֬YCs\\\\Zk\r5JzN4\/(vy\~0(Lf%l;4\A=\>\(Խ\\\80ޮ_\\\z￿\4t Q\\,d\r5O4\\ﾮ=qO>dQ\&z<8|\?P\r\\!\u\]\&0|\?쳈\\\G2*\?ꨣ\\\4A\N\u$\n.{\1MXC\CuX\T\ -C\~-?T\r=Ѿ|cǻ\\\o\\\m\1o\0n\,\נA>VT%\n\\\n\\'W={a<}q{^WA9\:u\a	9\"_P-x\Tc\n _x\z9\s\9\'23OA\\\ZR\y*\־/.(\0\nF5|,S/0!6\\\\v\\\EB\в\K\s#0^x\Sc̣2\\֐_t\Z\	&a>uFTm2ӾV}2:T)Y\X\L4\\n\\i\܌3\RY\g\n\"\ɪd\_P\ߊFm\\\\6m\\oٲ\?4\rFSԏS,ib2fjU/^_<\$be\n}VH\H\\Eu\Q\\־e#AԌ\+¥eW$(pڴi̯\nUk`P\r\Z\ꨨuɒ%!\b?\<Oﭞf9am߾ N23ږ\-j=n۶m\j\_xOS	\WƏ\to\Z\2X\^k#u!geeU\\4W~[=^P\^\\_\\\\Ί\\\\\n5M\Ԅ<npذaZ1ո(\P2êQ͋zɚA	S>6\r1\#<\\Az\jB|\rYf.\z*\\YP9eQt\\]֬t\\\PҚӶ\\tUm\LÂ\\}̑\\'YƢתI\W\\@\\@ːV\\\5s\\k\"9m\G2uҟF.ɷ\0u۾4\l)QQH\'}SSSp\nnҤ\8*\n^`RRR\)\\\j`t_\UO\(\\jB;\iY\V\G\$\}.F\ĥ\r\nZ\g<h{\\5Aa|\`([|\%\0|*)(\jVՐ\5\hk_\kG[tDqeq3M~_I	SZ41K\Zn\=O\\(˄\\\44mu<\\9/ռFd\Y2\/:[̝X70l\\%\ŵ\'ǳ\"m 󧆍m6N\mW*\\\\5\\\չ\F9i\]\<ŗԡKWj05]\\ē\n\JY,M\	\i}WzTp[\\!\_xˊ]<\,YBa>HSMh,\'\*[kVXۻY<p\-mC-##c[\1\"C\C{JJJJ5\\\\b궲	9d\'ت\r6\\;dȐͱ\n\1\"C\Ce%55>`S͟F+\s\8*C8*K\Jf\\oEy\j\828E\"\\CJj\kʔ\\ee\Q\K01\p\J^d\\e]vF5$\kq8E?bmqZ	G\\q-\tC\IFdmpSN.\\X̡\T젽B\q\CUR9FsnE-E\4K\\ꯂ@e53]~~f\'Ҡ`\^ș?v\\uڄ	qI0\\v\J{Qgv\\}\e[\\N%05N0\_|\-5\\:	\L9dknGY[=zoiֺY2\)\\\K\#978	e7M\N%S\)\(c\dFI\ݶ\'ׯ_\f\58E\"\\C\0S\)??\08E\"\\C\0S\)??\08E\"\\C\0g7\n\d\V?\0 L<yUp>!\\\S0\\0Ĕ\\\5q\\\r+W\'\رcXa\?\09GW\\W\n\w17\"C\KV\0\0\0\0\0\0\0\0\0\0\0\0\0\0\0\0\0\0\0\0\0\0\0\0\0\0\0\0\0\0\0\0\0\0\0\0\0\0\0\0\0\0\0\0\-\jo\)@\0\0\0\0IENDB`',1),('25006',1,'/Users/dengfengdecao/develop/tomcat7/webapps/lemon-1.7.1-SNAPSHOT/WEB-INF/classes/bpmn2/publish.bpmn20.xml','25005','<?xml version=\"1.0\" encoding=\"UTF-8\"?>\r\n<definitions xmlns=\"http://www.omg.org/spec/BPMN/20100524/MODEL\" xmlns:xsi=\"http://www.w3.org/2001/XMLSchema-instance\" xmlns:activiti=\"http://activiti.org/bpmn\" xmlns:bpmndi=\"http://www.omg.org/spec/BPMN/20100524/DI\" xmlns:omgdc=\"http://www.omg.org/spec/DD/20100524/DC\" xmlns:omgdi=\"http://www.omg.org/spec/DD/20100524/DI\" typeLanguage=\"http://www.w3.org/2001/XMLSchema\" expressionLanguage=\"http://www.w3.org/1999/XPath\" targetNamespace=\"http://www.mossle.com\">\r\n  <process id=\"publish\" name=\"公文发布\" isExecutable=\"true\">\r\n    <documentation>公文发布</documentation>\r\n    <userTask id=\"taskuser-1\" name=\"发文\" activiti:assignee=\"常用语:流程发起人\" activiti:formKey=\"publish-request\"></userTask>\r\n    <userTask id=\"taskuser-2\" name=\"部门领导审批\" activiti:assignee=\"常用语:直接上级\" activiti:formKey=\"publish-manager\"></userTask>\r\n    <userTask id=\"taskuser-3\" name=\"会签\" activiti:formKey=\"publish-countersign\">\r\n    <humanPerformer>\r\n      <resourceAssignmentExpression>\r\n        <formalExpression>${countersignUser}</formalExpression>\r\n      </resourceAssignmentExpression>\r\n    </humanPerformer>\r\n    <multiInstanceLoopCharacteristics isSequential=\"false\" activiti:collection=\"${countersignUsers}\" activiti:elementVariable=\"countersignUser\">\r\n      <completionCondition>\r\n	    ${counterSignService.canComplete(\r\n			execution,\r\n			nrOfInstances,\r\n			nrOfActiveInstances,\r\n			nrOfCompletedInstances,\r\n			loopCounter)}\r\n	  </completionCondition>\r\n    </multiInstanceLoopCharacteristics>\r\n	</userTask>\r\n    <userTask id=\"taskuser-6\" name=\"归档\" activiti:assignee=\"常用语:流程发起人\" activiti:formKey=\"publish-finish\"></userTask>\r\n    <endEvent id=\"endnone-2\" name=\"endnone-2\"></endEvent>\r\n    <sequenceFlow id=\"transition-2\" name=\"\" sourceRef=\"taskuser-1\" targetRef=\"taskuser-2\"></sequenceFlow>\r\n    <sequenceFlow id=\"transition-14\" name=\"\" sourceRef=\"taskuser-6\" targetRef=\"endnone-2\"></sequenceFlow>\r\n    <sequenceFlow id=\"flow1\" name=\"\" sourceRef=\"taskuser-2\" targetRef=\"taskuser-3\"></sequenceFlow>\r\n    <sequenceFlow id=\"flow2\" name=\"\" sourceRef=\"taskuser-3\" targetRef=\"taskuser-6\"></sequenceFlow>\r\n    <startEvent id=\"startevent1\" name=\"Start\"></startEvent>\r\n    <sequenceFlow id=\"flow3\" name=\"\" sourceRef=\"startevent1\" targetRef=\"taskuser-1\"></sequenceFlow>\r\n  </process>\r\n  <bpmndi:BPMNDiagram id=\"BPMNDiagram_publish\">\r\n    <bpmndi:BPMNPlane bpmnElement=\"publish\" id=\"BPMNPlane_publish\">\r\n      <bpmndi:BPMNShape bpmnElement=\"taskuser-1\" id=\"BPMNShape_taskuser-1\">\r\n        <omgdc:Bounds height=\"80\" width=\"120\" x=\"109\" y=\"185\"></omgdc:Bounds>\r\n      </bpmndi:BPMNShape>\r\n      <bpmndi:BPMNShape bpmnElement=\"taskuser-2\" id=\"BPMNShape_taskuser-2\">\r\n        <omgdc:Bounds height=\"80\" width=\"120\" x=\"279\" y=\"185\"></omgdc:Bounds>\r\n      </bpmndi:BPMNShape>\r\n      <bpmndi:BPMNShape bpmnElement=\"taskuser-3\" id=\"BPMNShape_taskuser-3\">\r\n        <omgdc:Bounds height=\"80\" width=\"120\" x=\"470\" y=\"185\"></omgdc:Bounds>\r\n      </bpmndi:BPMNShape>\r\n      <bpmndi:BPMNShape bpmnElement=\"taskuser-6\" id=\"BPMNShape_taskuser-6\">\r\n        <omgdc:Bounds height=\"80\" width=\"120\" x=\"660\" y=\"185\"></omgdc:Bounds>\r\n      </bpmndi:BPMNShape>\r\n      <bpmndi:BPMNShape bpmnElement=\"endnone-2\" id=\"BPMNShape_endnone-2\">\r\n        <omgdc:Bounds height=\"40\" width=\"40\" x=\"830\" y=\"206\"></omgdc:Bounds>\r\n      </bpmndi:BPMNShape>\r\n      <bpmndi:BPMNShape bpmnElement=\"startevent1\" id=\"BPMNShape_startevent1\">\r\n        <omgdc:Bounds height=\"35\" width=\"35\" x=\"20\" y=\"207\"></omgdc:Bounds>\r\n      </bpmndi:BPMNShape>\r\n      <bpmndi:BPMNEdge bpmnElement=\"transition-2\" id=\"BPMNEdge_transition-2\">\r\n        <omgdi:waypoint x=\"229\" y=\"225\"></omgdi:waypoint>\r\n        <omgdi:waypoint x=\"279\" y=\"225\"></omgdi:waypoint>\r\n      </bpmndi:BPMNEdge>\r\n      <bpmndi:BPMNEdge bpmnElement=\"transition-14\" id=\"BPMNEdge_transition-14\">\r\n        <omgdi:waypoint x=\"780\" y=\"225\"></omgdi:waypoint>\r\n        <omgdi:waypoint x=\"830\" y=\"226\"></omgdi:waypoint>\r\n      </bpmndi:BPMNEdge>\r\n      <bpmndi:BPMNEdge bpmnElement=\"flow1\" id=\"BPMNEdge_flow1\">\r\n        <omgdi:waypoint x=\"399\" y=\"225\"></omgdi:waypoint>\r\n        <omgdi:waypoint x=\"470\" y=\"225\"></omgdi:waypoint>\r\n      </bpmndi:BPMNEdge>\r\n      <bpmndi:BPMNEdge bpmnElement=\"flow2\" id=\"BPMNEdge_flow2\">\r\n        <omgdi:waypoint x=\"590\" y=\"225\"></omgdi:waypoint>\r\n        <omgdi:waypoint x=\"660\" y=\"225\"></omgdi:waypoint>\r\n      </bpmndi:BPMNEdge>\r\n      <bpmndi:BPMNEdge bpmnElement=\"flow3\" id=\"BPMNEdge_flow3\">\r\n        <omgdi:waypoint x=\"55\" y=\"224\"></omgdi:waypoint>\r\n        <omgdi:waypoint x=\"109\" y=\"225\"></omgdi:waypoint>\r\n      </bpmndi:BPMNEdge>\r\n    </bpmndi:BPMNPlane>\r\n  </bpmndi:BPMNDiagram>\r\n</definitions>',0),('25007',1,'/Users/dengfengdecao/develop/tomcat7/webapps/lemon-1.7.1-SNAPSHOT/WEB-INF/classes/bpmn2/publish.publish.png','25005','PNG\r\n\Z\n\0\0\0\rIHDR\0\0p\0\0\0\0\0w\\n\0\0lIDATx\\\	Wu7\7++;YY\\\\)[,[m\)!騤%\Q\"\\\,r9%ŢB$E*	\BJ(n\\\3w\e`@f~3^\|\~3\\=\\>\)\0\0\0\0\0\0\0\0\0\0\0\0\0\0\0\0\0\0\0\0\0\0\0\0\0\0\0\0\0\0\0\0\0\0\0\0\0\0\0\0\0\0\0\0\0\0\0\0\0\0\0\0\0\0\0\0\0\0\0\0\0\0\0\0\0\0\0\0\0\0\0\0\0\0\0\0\0\0\0\0\0\0\0\0\0\0\0\0\0\0\0\0\0\0\0\0\0\0\0\0\0\0\0\0\0\0\0\0\0\0\0\0\0\0\0\0\0\0\0\0\0\0\0\0\0\0\0\0\0\0\0\0\0\0\0\0\0\0\0\0\0\0\0\0\0\0\0\0\0\0\0\0\0\0\0\0\0\0\0\0\0\0\0\0\0\0\0\0\0\0\0\0\0\0\0\0\0\0\0\0\0\0\0\0\0\0\0\0\0\0\0\0\0\0\0\0\0\0\0\0\0\0\0\0\0\0\0\0\0\0\0\0\0\0\0\0\0\0\0\0\0\0\0\0\0\0\0\0\0\0\0\0\0\0\0\0\0\0\0\0\0\0\0\0\0\0\0\0\0\0\0\0\0\0\0\0\0\0\0\0\0\0\0\0\0\0\0\0\0\0\0\0\0\0\0\0\0\0\0\0\0\0\0\0\0\0\0\0\0\0\0\0\0\0\0\0\0\0\0\0\0\0\0\0\0\0\0\0\0\0\0\0\0\0\0\0\0\0\0\0\0\0\0\0\0\0\0\0\0\0\0\0\0\0\0\0\0\0\0\0\0\0\0\0\0\0\0\0\0\0\0\0\0\0\0\0\0\0\0\0\0\0\0\0\0\0\0\0\0\0\0\0\0\0\0\0\0\0\0\0\0\0\0\0\0\0\0\0\0\0\0\0\0\0\0\0\0\0\0\0\0\0\0\0\0\0\0\0\0\0\0\0\0\0\0\0\0\0\0\0\0\0\0\0\0\0\0\0\0\0\0\0\0\0\0\0\0\0\0\0\0\0\0\0\0\0\0\0\0\0\0\0\0\0\0\0\0\0\0\0\0\0\0\0\0\0\0\0\0\0\0\0\0\0\0\0\0\0\0\0\0\0\0\0\0\0\0\0\0\0\0\0\0\0\0\0\0\0\0\0\0\0\0\0\0\0\0\0\0\0\0\0\0\0\0\0\0\0\0\0\0\0\0\0\0\0\0\0\0\0\0\0\0\0\0\0\0\0\0\0\0\0\0\0\0\0\0\0\0\0\0\0\0\0\0\0\0\0\0\0\0\0\0\0\0\0\0\0\0\0\0\0\0\0\0\0\0\0\0\0\0\0\0\0\0\0\0\0\0\0\0\0\0\0\0\0\0\0\0\0\0\0\0\0\0\0\0\0\0\0\0\0\0\0\0\0\0\0\0\0\0\0\0\0\0\0\0\0\0\0\0\݊\\[n`\ُN62e\\5u\\bƌw\&JNe_ɾ\+>$\rr\̙ŲeˊGyDZ|yq\W\[6\}\Tɩ\+ٗ{%\Gd\\g\#SLNNʾ}Wr}D&h(}\&FNʾ}Wr}D\%k&}Ir\T\˽{\ƚ\{\(nsf`\qU\q>ir\T\˽{h&y\%\?.\\T>iF*9}%r\ZI.^pz\r.D3\$\Tɩ\+ٗ{%\*M\oM2_ӌ4I9Ur*J\^\=H?eLM2_ӌ4I9Ur*J\^\=hJS9գe_\^\\؜&+;u\$5\HS%d_\\C4\g\e\\4#MRNʾ}Wr-\$W,c\_P~._ӌ4I9Ur*J\^\=HL-\\kFIʩS\W/J\\7m\K\\\k&)JNe_ɾ\+h\\R,?]3\\=\Z&)ʛ\+ٗ{%\SMᇋ;n^̛|L\r|O\/MRN7s\W/J\l\\IʩS\W/J\E\\ٳ=^&)ʛ\+ٗ{%\MM6Ⱥ4\'MRN7s\W/J\\7p\ѯ_\ˏs\ZT\Cee)kqkʏ\ߖ\\\dT*9}%r\~\(ʡlXq~Ykۇ\]\\_7|\}}~zaƌ	N8\9z\\C]]N!C=\#Ww\qsO=\\F\ZIjr\T\˽!W9)U;uQu\\\\/\رc:\cikk{܊/\ke˖k׮-j+V(b\\\I\'T\ˁnqk\\\iJS%d_\\onme-\<\r\Z4(\jfY`z3\ʕ+V3˸q\\\ \E>|\G}\8\.\Z\6\\իYfFzl\СK</hJS%d_\\?Q90\:]\<\3\̙3#Flh;\=z\\Yg\/̙3(\tЅ}nm&IʩS\W/JrرC\\ëy퉚={vq衇v\\\-9C9d\UW]UlI\w_1a\\{{^|MRir\T\˽\\\\<\⡇ڢ3K\\4\-j\!.\۰a\\Zѭ\\{\ޖd5IeSrG+ٗ{%l@)\߹5\\t~ܼ[Ie95\E]p9\-\\i*9}%r\k\-K&CT6_\-\%9\m\ܹEw9\so0`\}\n&)JNe_ɾ\+br\\rƭ}\mCG\~9UN\\Z\\v\aݞ\iJS%d_\\7e\bV9\\'s\9\!\_J\V[\jkɒ%kpwI*MRNʾ}Wr\X:9y\-}͹I\7G_ܤ{ҤIEO~\\iJS%d_\ܷ/ܡUДKW]뷲\@3f\6&\[(ܲIjr\T\˽͓Ӭ7\\y{:ꨞ?\n7q\\qG\\\\>I*MRNʾ}Wr_\\ai\E+\\/܍=\\Kz\8\ge\\w\\:5IMRNʾ}Wr\r<xM}\w*6R\\\\\ؐիWso\_ѣG/\k{Ř={\E75\ƥD\\owMRS%d_\\o2וu\\\G\y;vl\JƏ\<ndC]\7\ޔKޑKr\&٨K7\K\$\Tɩ\+ٗ{%9]T_8jC\/vz\VX-\4y\\\\\\\\\pB`\E\\McWYj*9}%r\#˛l\7/hX>S}-5-\\wG~\[E_\{|A\$\Tɩ\+ٗ{%\\ut(]V6\\w^\\\\\ZCN$?Û\UV\&\W2ړo\\s\\{ｷ\\\.\r*=V˗/\k\۝{w2G\}o\o\$u\\_\N)?)\\i?\u{YuSrxUYW5i\\&/)kRY)s\:||ZY_q||xl._>nȲ\)kHo\\\\\\~_.~{?V~n\@x\\kuUf\m\>p\\]s\p\]\+MrѢE\\lذa\7\\\.v\mj-pW|c9\^.9]\\;\^{US\/\5u\Ԏ\mv*&MT-:\\o~sO}\(\\=S^xa\z_\+_J\\wɒ%\\\\Q#F(^\\o\|=\\O*\7Tw\u\*\'>`R\t\MrGo\:\#\\6hO;\\կ~uuSڿ\\m\V|-9\\y*?gz\z\3Y\Η\\\\^\\u\]\\\󟪯_w\u\5\\\S}._\{\\v\\\|/{\\\p\\\ה9إ|\nȀA+9)W\\3e0ˀA|>||LYǖ\O\@.^\\\/\\\.nW>nmy+\\\\\]*3{y\\9u\?ϋw\\=أ8餓\gyf\\>\\o\Ȯk̘1ų\\s\Y\>\nN7\f=\/?\DqꩧO{\ӊ\/\i\OZ򕯬v&U\\\o\1/}\Z\=\\g?Yk!\Ν[}\	\'P\=\)\>\u*WJn\\y\s\]\3b֬YŊ+3\8\y睫׼\5\FNcu\~\W\-o~f\_:&\!\\v\mW/\\r\\\o|c\\\/G\}\\e]V\zя~T\\MozS\y\Uߓy>\\>\1w\%/\؎\ڳ{\%G\\teOq+\.\M\ss\kM|(\W{t\/zJ\wS\\\Q4\\\\_\q]/}\K\\q\\\\Q_\W\R\\ÇWGr3\(\ⵯ}m}97\Y?\\\%g\w^mȐ!UF\a-up\\f\\\p3f\(>#kͣ?\O/Ww\]\\rp^zi5dv\^\m|\&ziӊ\mŻ\\\\o\8rwggH>h\w6d\ǳ$}<?\h6\P\rp\L\_Wtp\ͯ\}7\O~uv\ZftI9\_\\q\\P\[,s\w8aZ\\\nÆ\r_OܽInpV_m9\o}Z.;W\"\ߟF\m\\\\ǖP\i5%#n\\\\?\s\\1r\\\{\s\\\\Ӫe\k\\p~|\#\\jh\~ಁ.\lV\w\_Z}od\{\:u\Y\\p/{\˪Hc\S=zKԉ\'X<O6>3\\\\Y=\g.ߟ/=SN6~ӫ!#\\n=Z\\\0eYM\Y2gΜj5Q\\\eE\\'\C\jFwn|\o?n\*]1bĎ\\c=ywK.+V\r<\}u\ٰ\\ѣGSϳ\R\E\W\\\1\e!\\m\\Pr,C\{\\j)\\pyο%Ծ\[=\\,#Kv\7z\ш,˲Y\ʑvءce~\׽\uղ\\ȟ1ϳ\\\\M\'\\6\n2\\䣜\\[ѿ\/y?]gz]\ M&J\";Lrg~2e#6Gv\}\6s\hO\4e\W_]p,7P&\y\\\'|r~p\\\S\\s\Ļ};\nbGu\MYZ\SN9\\f}d\WRd/n\\=\j\M6\3\Dl\fCxܸq.b\"{E\?!Y˛m\\\\as\:\h\9>e\|\3ՐUp9\n\r\\չk\\X\W/\r\\?;\"G\<K&\.\\\\\Yz\8\\\ȃ>\JϮ\\"=9W\o]yS\XrG\}o\rD$>\Fꨜ]py\ʈ<4hPT\\\\0\2G\VX-ؔ{,\4r\\\=q\<fwo;i\<?+K\\\l\J~m6\nrQ\sy_Mr\\ip%?\\\J=\\Y^%3\W\\\'s\\\;z\\0s\ruz\톎vl\\\.\g\rK\\\|\\\bn]v\XBi]\Qo\q*:íyj\w~\rNGz\-\\n\Y\n\\wlpga=eGF\S<_>׼\I*C\\V\ݓV^?=Vp=:\:t\̙3E(\@r\$[\\Y\zVu\"\it9\n=;be9IdC\0\'\\\+gȪ4\\fX\೹\\~,yի^U\rsH\9˹o9?\"]r{\\\\>\2<O圼\ӧW\{e\ؠ\y	e\\\~֝m\d\\\ޢ\\\\ϛ\ܹ,L\\Q~6rN\V\mLnl\j*Yuy\\K\\@ޓ[A\=iȐ!:Wg\\w\o,7n\\h4\֮\\5/{$2\\r\\/N\\O\\E]\q#\\\7Ym\\\l\0\\NY\\\9r.\\'\\\ಗ4;rA\\rc\\$\(X^߸8GĲ\'6W\KO˯ϑ\A\P]y#\[o2j}ѝl\&\9Z\yD]<;8Q\9W\\0%\\կ~_\\:\\8\T\R\r\\\\'9\߉\'\w\\\b}\,ʎ<\rʋ/\"k\\\ң\\+YΩ7\pCu!\VWΧ~J\\}\!O5+;p-5TKٞlGy䣍\\{E*\\ƽ;RXd\dQ	M+G\r\\\\r4\|-Kɲ-,\%\\T\0Oon`d=G.\k\\0و\\;/kc\\}?\OS)x?\\Ɯ/o\|hYj\\\-5!\\uw\`XotZ4\\\\\>\9/\hO~կ\r\rGoʎ\\\\\\ш\9\rO\|_Bd\򦪾x-\\\\Y\P_-8;\(˹O\.W!΅|\\"&%8,\\z`\h߷y[\ T.9[np,*þzk\-[%VMr+G,|xS{n!]\$ݜf\:WYe,\\\\rC\劧]](eCy\𵱍jWK͟g9?wc\_\\>\F\ӣw_7\}\ރ4\=]m\\n\\\\y\0\7w=!;\G܉\"\0hР&Mzdkyk\\i\Ɓ*9}%r\+\7^\\NY\rD1-\\m]\\ֶ\3\X\y˲\m\ț&IʩS\W/J\\TS\_\\V}v(su\[o\\'{\\m2,\\y\$5I9Ur*J\^\{F7.\\m\\強\[\\\\\r/ְrNw\7o\K.0au\]\\&5IMRNʾ}WrՖR\kq[H\\~N\ۼ[:lL֟2\\\_y\e]}\m\\GX\\rJ{\\'\\Z6l\ʴܗoҭI*S\W/J\\<1\\\\\[%\yK-*g]{\\\\ۇK\_5\\7\;=s\O-R\$\Tɩ\+ٗ{%[j\\r\UN[j\\\h\m^\\$Nɩd_\\\\4dU7>}f\j GrN]&\\s\zͲI4IeSrG+ٗ{%ꔋ;]\r*Ǝ[\\r\%ł{\fYd-]pa1y\bE[[\cܖ\\&\$&)rGˈ\˽\(l\~\D\樛&hr\T\˽7\m_q#ۯTfsW{UoW\G\$\Tɩ\+ٗ{%=\v\0\~\9\\!\a-\\\L\2\mh*9}%r\4IIʩf.VZU̟?d>/r\4IIʩS\\ʕaU\\e_\܃&4I9Ur*8ٗ{%I*MRN7s\7ɾ\4IeSrG\d_\܃&4I9Ur*8ٗ{%I*MRN7sN|=\$Nɩm}Wr\$\Tɩ\\d_\܃&4I9Sp8|=\$5IS\7ɾ\+MRir\T\rp/J\AT\)8\+=Xߴi\4[Mr*9}\˽{\#f̘qǲe\4>XK,9l\ɩS\oZjU5\\\˽{\&M>_~=w\y\\ZK\ٻ9u\\[\\GNʾ}Wr}H)S\\v\%^_5H9S=Ze_\\\0\0\0\0\0\0\0\0\0\0\0\0\0\0\0\0\0\0\0\0\0\0\0\0\0\0\0\0\0\0l\m\\ɾ\0\0\0\0IENDB`',1),('25010',1,'/Users/dengfengdecao/develop/tomcat7/webapps/lemon-1.7.1-SNAPSHOT/WEB-INF/classes/bpmn2/vacation.bpmn20.xml','25009','<definitions\r\n  xmlns=\'http://www.omg.org/spec/BPMN/20100524/MODEL\'\r\n  xmlns:xsi=\'http://www.w3.org/2001/XMLSchema-instance\'\r\n  xmlns:activiti=\'http://activiti.org/bpmn\'\r\n  xmlns:bpmndi=\'http://www.omg.org/spec/BPMN/20100524/DI\'\r\n  xmlns:omgdc=\'http://www.omg.org/spec/DD/20100524/DC\'\r\n  xmlns:omgdi=\'http://www.omg.org/spec/DD/20100524/DI\'\r\n  typeLanguage=\'http://www.w3.org/2001/XMLSchema\'\r\n  expressionLanguage=\'http://www.w3.org/1999/XPath\'\r\n  targetNamespace=\'http://www.mossle.com\'>\r\n<process id=\'vacation\' name=\'请假流程\' isExecutable=\'true\'>\r\n  <documentation>请假流程</documentation>\r\n  <startEvent id=\'vacation_1\' name=\'填写请假单\'/>\r\n  <sequenceFlow id=\'transition-1\' sourceRef=\'vacation_1\' targetRef=\'taskuser-1\'/>\r\n  <userTask id=\'taskuser-1\' name=\'填写请假单\' activiti:formKey=\'vacation-request\'>\r\n    <humanPerformer>\r\n      <resourceAssignmentExpression>\r\n        <formalExpression>常用语:流程发起人</formalExpression>\r\n      </resourceAssignmentExpression>\r\n    </humanPerformer>\r\n  </userTask>\r\n  <sequenceFlow id=\'transition-2\' sourceRef=\'taskuser-1\' targetRef=\'taskuser-2\'/>\r\n  <userTask id=\'taskuser-2\' name=\'部门领导审批\' activiti:formKey=\'vacation-department\'>\r\n    <humanPerformer>\r\n      <resourceAssignmentExpression>\r\n        <formalExpression>常用语:直接上级</formalExpression>\r\n      </resourceAssignmentExpression>\r\n    </humanPerformer>\r\n  </userTask>\r\n  <sequenceFlow id=\'transition-3\' sourceRef=\'taskuser-2\' targetRef=\'exclusive-1\'/>\r\n  <exclusiveGateway id=\'exclusive-1\' name=\'exclusive-1\'/>\r\n  <sequenceFlow id=\'transition-4\' name=\"同意\" sourceRef=\'exclusive-1\' targetRef=\'taskuser-3\'>\r\n    <conditionExpression xsi:type=\'tFormalExpression\'>${leaderComment==&apos;同意&apos;}</conditionExpression>\r\n  </sequenceFlow>\r\n  <sequenceFlow id=\'transition-9\' name=\"不同意\" sourceRef=\'exclusive-1\' targetRef=\'taskuser-5\'>\r\n    <conditionExpression xsi:type=\'tFormalExpression\'>${leaderComment==&apos;不同意&apos;}</conditionExpression>\r\n  </sequenceFlow>\r\n  <userTask id=\'taskuser-3\' name=\'人事审批\' activiti:formKey=\'vacation-hr\'>\r\n    <humanPerformer>\r\n      <resourceAssignmentExpression>\r\n        <formalExpression>7</formalExpression>\r\n      </resourceAssignmentExpression>\r\n    </humanPerformer>\r\n  </userTask>\r\n  <sequenceFlow id=\'transition-8\' sourceRef=\'taskuser-3\' targetRef=\'exclusive-2\'/>\r\n  <exclusiveGateway id=\'exclusive-2\' name=\'exclusive-2\'/>\r\n  <sequenceFlow id=\'transition-10\' name=\"不同意\" sourceRef=\'exclusive-2\' targetRef=\'taskuser-5\'>\r\n    <conditionExpression xsi:type=\'tFormalExpression\'>${hrComment==&apos;不同意&apos;}</conditionExpression>\r\n  </sequenceFlow>\r\n  <sequenceFlow id=\'transition-13\' name=\"同意\" sourceRef=\'exclusive-2\' targetRef=\'taskuser-6\'>\r\n    <conditionExpression xsi:type=\'tFormalExpression\'>${hrComment==&apos;同意&apos;}</conditionExpression>\r\n  </sequenceFlow>\r\n  <userTask id=\'taskuser-5\' name=\'调整申请\' activiti:formKey=\'vacation-modify\'>\r\n    <humanPerformer>\r\n      <resourceAssignmentExpression>\r\n        <formalExpression>常用语:流程发起人</formalExpression>\r\n      </resourceAssignmentExpression>\r\n    </humanPerformer>\r\n  </userTask>\r\n  <sequenceFlow id=\'transition-11\' sourceRef=\'taskuser-5\' targetRef=\'exclusive-3\'/>\r\n  <exclusiveGateway id=\'exclusive-3\' name=\'exclusive-3\'/>\r\n  <sequenceFlow id=\'transition-12\' name=\"重新申请\" sourceRef=\'exclusive-3\' targetRef=\'taskuser-2\'>\r\n    <conditionExpression xsi:type=\'tFormalExpression\'>${initiatorComment==&apos;重新申请&apos;}</conditionExpression>\r\n  </sequenceFlow>\r\n  <sequenceFlow id=\'transition-15\' name=\"撤销申请\" sourceRef=\'exclusive-3\' targetRef=\'endnone-2\'>\r\n    <conditionExpression xsi:type=\'tFormalExpression\'>${initiatorComment==&apos;撤销申请&apos;}</conditionExpression>\r\n  </sequenceFlow>\r\n  <userTask id=\'taskuser-6\' name=\'销假\' activiti:formKey=\'vacation-finish\'>\r\n    <humanPerformer>\r\n      <resourceAssignmentExpression>\r\n        <formalExpression>常用语:流程发起人</formalExpression>\r\n      </resourceAssignmentExpression>\r\n    </humanPerformer>\r\n  </userTask>\r\n  <sequenceFlow id=\'transition-14\' sourceRef=\'taskuser-6\' targetRef=\'endnone-2\'/>\r\n  <endEvent id=\'endnone-2\' name=\'结束\'/>\r\n</process>\r\n<bpmndi:BPMNDiagram id=\'BPMNDiagram_vacation\'>\r\n  <bpmndi:BPMNPlane bpmnElement=\'vacation\' id=\'BPMNPlane_vacation\'>\r\n    <bpmndi:BPMNShape bpmnElement=\'vacation_1\' id=\'BPMNShape_vacation_1\'>\r\n      <omgdc:Bounds height=\'35\' width=\'35\' x=\'29\' y=\'208\'/>\r\n    </bpmndi:BPMNShape>\r\n    <bpmndi:BPMNShape bpmnElement=\'taskuser-1\' id=\'BPMNShape_taskuser-1\'>\r\n      <omgdc:Bounds height=\'80\' width=\'120\' x=\'109\' y=\'185\'/>\r\n    </bpmndi:BPMNShape>\r\n    <bpmndi:BPMNShape bpmnElement=\'taskuser-2\' id=\'BPMNShape_taskuser-2\'>\r\n      <omgdc:Bounds height=\'80\' width=\'120\' x=\'279\' y=\'185\'/>\r\n    </bpmndi:BPMNShape>\r\n    <bpmndi:BPMNShape bpmnElement=\'exclusive-1\' id=\'BPMNShape_exclusive-1\'>\r\n      <omgdc:Bounds height=\'40\' width=\'40\' x=\'445\' y=\'205\'/>\r\n    </bpmndi:BPMNShape>\r\n    <bpmndi:BPMNShape bpmnElement=\'taskuser-3\' id=\'BPMNShape_taskuser-3\'>\r\n      <omgdc:Bounds height=\'80\' width=\'120\' x=\'531\' y=\'185\'/>\r\n    </bpmndi:BPMNShape>\r\n    <bpmndi:BPMNShape bpmnElement=\'exclusive-2\' id=\'BPMNShape_exclusive-2\'>\r\n      <omgdc:Bounds height=\'40\' width=\'40\' x=\'681\' y=\'205\'/>\r\n    </bpmndi:BPMNShape>\r\n    <bpmndi:BPMNShape bpmnElement=\'taskuser-5\' id=\'BPMNShape_taskuser-5\'>\r\n      <omgdc:Bounds height=\'80\' width=\'120\' x=\'531\' y=\'80\'/>\r\n    </bpmndi:BPMNShape>\r\n    <bpmndi:BPMNShape bpmnElement=\'exclusive-3\' id=\'BPMNShape_exclusive-3\'>\r\n      <omgdc:Bounds height=\'40\' width=\'40\' x=\'571\' y=\'12\'/>\r\n    </bpmndi:BPMNShape>\r\n    <bpmndi:BPMNShape bpmnElement=\'taskuser-6\' id=\'BPMNShape_taskuser-6\'>\r\n      <omgdc:Bounds height=\'80\' width=\'120\' x=\'764\' y=\'185\'/>\r\n    </bpmndi:BPMNShape>\r\n    <bpmndi:BPMNShape bpmnElement=\'endnone-2\' id=\'BPMNShape_endnone-2\'>\r\n      <omgdc:Bounds height=\'40\' width=\'40\' x=\'926\' y=\'205\'/>\r\n    </bpmndi:BPMNShape>\r\n    <bpmndi:BPMNEdge bpmnElement=\'transition-1\' id=\'BPMNShape_transition-1\'>\r\n      <omgdi:waypoint x=\'69\' y=\'227\'/>\r\n      <omgdi:waypoint x=\'109\' y=\'226\'/>\r\n    </bpmndi:BPMNEdge>\r\n    <bpmndi:BPMNEdge bpmnElement=\'transition-2\' id=\'BPMNShape_transition-2\'>\r\n      <omgdi:waypoint x=\'229\' y=\'225\'/>\r\n      <omgdi:waypoint x=\'279\' y=\'225\'/>\r\n    </bpmndi:BPMNEdge>\r\n    <bpmndi:BPMNEdge bpmnElement=\'transition-3\' id=\'BPMNShape_transition-3\'>\r\n      <omgdi:waypoint x=\'399\' y=\'225\'/>\r\n      <omgdi:waypoint x=\'445\' y=\'225\'/>\r\n    </bpmndi:BPMNEdge>\r\n    <bpmndi:BPMNEdge bpmnElement=\'transition-4\' id=\'BPMNShape_transition-4\'>\r\n      <omgdi:waypoint x=\'485\' y=\'225\'/>\r\n      <omgdi:waypoint x=\'531\' y=\'225\'/>\r\n	  <bpmndi:BPMNLabel>\r\n        <omgdc:Bounds height=\"11\" width=\"100\" x=\"505\" y=\"225\"></omgdc:Bounds>\r\n      </bpmndi:BPMNLabel>\r\n    </bpmndi:BPMNEdge>\r\n    <bpmndi:BPMNEdge bpmnElement=\'transition-9\' id=\'BPMNShape_transition-9\'>\r\n      <omgdi:waypoint x=\'464\' y=\'205\'/>\r\n      <omgdi:waypoint x=\'464\' y=\'120\'/>\r\n      <omgdi:waypoint x=\'531\' y=\'120\'/>\r\n	  <bpmndi:BPMNLabel>\r\n        <omgdc:Bounds height=\"11\" width=\"100\" x=\"464\" y=\"120\"></omgdc:Bounds>\r\n      </bpmndi:BPMNLabel>\r\n    </bpmndi:BPMNEdge>\r\n    <bpmndi:BPMNEdge bpmnElement=\'transition-8\' id=\'BPMNShape_transition-8\'>\r\n      <omgdi:waypoint x=\'651\' y=\'225\'/>\r\n      <omgdi:waypoint x=\'681\' y=\'225\'/>\r\n    </bpmndi:BPMNEdge>\r\n    <bpmndi:BPMNEdge bpmnElement=\'transition-10\' id=\'BPMNShape_transition-10\'>\r\n      <omgdi:waypoint x=\'700\' y=\'205\'/>\r\n      <omgdi:waypoint x=\'700\' y=\'120\'/>\r\n      <omgdi:waypoint x=\'651\' y=\'120\'/>\r\n	  <bpmndi:BPMNLabel>\r\n        <omgdc:Bounds height=\"11\" width=\"100\" x=\"700\" y=\"120\"></omgdc:Bounds>\r\n      </bpmndi:BPMNLabel>\r\n    </bpmndi:BPMNEdge>\r\n    <bpmndi:BPMNEdge bpmnElement=\'transition-13\' id=\'BPMNShape_transition-13\'>\r\n      <omgdi:waypoint x=\'721\' y=\'225\'/>\r\n      <omgdi:waypoint x=\'764\' y=\'225\'/>\r\n	  <bpmndi:BPMNLabel>\r\n        <omgdc:Bounds height=\"11\" width=\"100\" x=\"740\" y=\"225\"></omgdc:Bounds>\r\n      </bpmndi:BPMNLabel>\r\n    </bpmndi:BPMNEdge>\r\n    <bpmndi:BPMNEdge bpmnElement=\'transition-11\' id=\'BPMNShape_transition-11\'>\r\n      <omgdi:waypoint x=\'591\' y=\'80\'/>\r\n      <omgdi:waypoint x=\'591\' y=\'52\'/>\r\n    </bpmndi:BPMNEdge>\r\n    <bpmndi:BPMNEdge bpmnElement=\'transition-12\' id=\'BPMNShape_transition-12\'>\r\n      <omgdi:waypoint x=\'571\' y=\'32\'/>\r\n      <omgdi:waypoint x=\'338\' y=\'32\'/>\r\n      <omgdi:waypoint x=\'338\' y=\'185\'/>\r\n	  <bpmndi:BPMNLabel>\r\n        <omgdc:Bounds height=\"11\" width=\"100\" x=\"338\" y=\"32\"></omgdc:Bounds>\r\n      </bpmndi:BPMNLabel>\r\n    </bpmndi:BPMNEdge>\r\n    <bpmndi:BPMNEdge bpmnElement=\'transition-15\' id=\'BPMNShape_transition-15\'>\r\n      <omgdi:waypoint x=\'611\' y=\'32\'/>\r\n      <omgdi:waypoint x=\'945\' y=\'32\'/>\r\n      <omgdi:waypoint x=\'945\' y=\'205\'/>\r\n	  <bpmndi:BPMNLabel>\r\n        <omgdc:Bounds height=\"11\" width=\"100\" x=\"945\" y=\"32\"></omgdc:Bounds>\r\n      </bpmndi:BPMNLabel>\r\n    </bpmndi:BPMNEdge>\r\n    <bpmndi:BPMNEdge bpmnElement=\'transition-14\' id=\'BPMNShape_transition-14\'>\r\n      <omgdi:waypoint x=\'884\' y=\'225\'/>\r\n      <omgdi:waypoint x=\'926\' y=\'225\'/>\r\n    </bpmndi:BPMNEdge>\r\n  </bpmndi:BPMNPlane>\r\n</bpmndi:BPMNDiagram>\r\n</definitions>',0),('25011',1,'/Users/dengfengdecao/develop/tomcat7/webapps/lemon-1.7.1-SNAPSHOT/WEB-INF/classes/bpmn2/vacation.vacation.png','25009','PNG\r\n\Z\n\0\0\0\rIHDR\0\0\\0\0\0\0\0\M\\\0\0D\IDATx\\	xT\q_k\Z\B]ZTM&7	QH Q(*↻\\n*\Ai\r\w\M0Y&\d\\>\yf\\\$9\ۮ\0\0\0\0\0\0\0\0\0\0\0\0\0\0\0\0\0\0\0\0\0\0\0\0\0\0\0\0\0\0\0\0\0\0\0\0\0\0\0\0\0\0\0\0\0\0\0\0\0\0\0\0\0\0\0\0\0\0\0\0\0\0\0\0\0\0\0\0\0\0\0\0\0\0\0\0\0\0\0\0\0\0\0\0\0\0\0-q\0\0\0\0\0\0@t0s\0\0\0\0\0\0 	-7Q\\0\0\0\0\0\0\0$Ͼh\RD4\0\0\0\0\0\0@\⹡\\0\0\0\0\0\0\09GD>k\0\0\0\0\0 \\sC☑h\0\0\0\0\0\0\YNi\\r\\0\0\0\0\0\0dx\؄[\0\0\0\0\0\0\s\<\0\0\0\0\0\0@\\Іa\\0\0\0\0\0\0\-5h\0\0\0\0\0\0\:jo\0Y\\Tsl,\0\0\0\0\0\0Y\';&\;\\\\Ɗ\~\r\0\0\0\0\0\0Y\'Ej\ ųo\gM4\0\0\0\0\0\0Dm21\\NvI\gM4\0\0\0\0\0\0V<wHA\'эϵE4ӹ\0\0\0\0\0 \imHD*\vD\0\0\0\0\0@\0\sc\k]\"z\&g\D\0\0\0\0\0@ֈ\D\\\{\0\0\0\0\0\0\0Z\&\\ϵE4k\0\0\0 7(((p\5\qNk\\.\y~ㅝ/wŮS\\moð1\\uMۮ=n\0\\0IyݣW8+*\o\?\?~>횘l/;\׵pو\;֗{F߉J\0\/N\[V\ǔcV\T\Jñku$zZi8ztTcp\~e\^\Cv쉲\Xd\ދ&=>\":=ͮ/G\'蘞\w-A\Ю\\rQ\tc\]@\04\~v#w\gy8zFY8ly\\H\\\{^\\\i7j-\]GR\\j\^\0\0м$\Ebj2ZaI5E\'UTTk\QV\Z\Z\ґ#-\?^KT^Ofu\Ek\CϵϺ\>\>X{<\\RbZ\\i-xbuE\Y\\\Zh\0\^?[pye\{N/\^\7Gb\&Gbf\Zwe\P&G`u\\be#!\\\0\0\\\J\$5\\\PMҔ\"\WY>\\ϓ\Ht@\ϵ}Y騪Suu<D\v\\D+ӒzWF$w\^֣g\_܄o	`\r\\\ߺnUl\TD4p\04ڣ2@Y$zf򙀮\we+b7jdOe՟53\\W6݉痆=UO5\0\\'6\ULK\\\Kԏz\zգ#\\\\zzzD;\^wıc\VN\I\sMWNuUEyej-%\\\}\\v\\Z\0תnݺmP^td\ZƊgқ\\\ZUu*\{z,\\~,\\7\0\\'\KJJ6\t #W\\f\&\\#\Tn{\%K\x\#~\K\v\侑\ez\\'?-\\\4­\\y<\%y\ӏ\0jhh!ܮ\"ڟF~6_\0@j\\]-5\<\D&_\vW[\Ct.\\Ԉtm\g4wu\ٌTk/\0\0h^ΒfXߪY\,]<6Į7ZWEcG\\8\ךT=H\\\T3{>\^\Z\rf	h#Yݙܭ+|C\0u\d\"\9U\>\3\0@3)\\\f\\Sv[=0uϽ\\na;lk\b/V/P\X\\\Tk/\0\0h\!\n\M\~\cWo\\-vo\\^\\\\Nّx{mv\	\H\\ZQz\\I;zu\n3z<K\t$εvG\\\0 )\Z=K\\LDw{X\0\r׷V{oѕ\'bL\^\\}ddl_{FT=ۯZ\\\}^nR\0\08_K\gYBD]\Ltd\\&toкel\\+}oo\\\Z\\Hv\]><%\\\e&\\#\K|\\\04JD\'n,(#\5sܪ\n\0\7n\H쯞h\\A8~yye\\\x\'\vǢz\\<,a\V\fTS\0\0t\=\\{/\z{d>T_{\\\#\#Bo8\\#\\+\~ks\n/\WƓ\ZS+՝7\\\\\5|;\0tnPۥ~k\?\\O\0@ګ\?\$\rPh\\~?ZJS%\\=4O8\'-\];YǫoU5Y;sR{\0@3	B\KJJ\Z.Fҽkױd\\DtsI6=\0\0Zm\'\0\0ė\\\m\'\0ѭ$\\0 T/\0\0 W;w\\ZO\0d͝vʹm\0֯.,,\r\0\0f_-\0\:\2\0b\0@b\q\\0YEӰ\r\0\k\^\\	\0`&Eyyy;\	ч0;\0b\0@B@VҡZw\g\0\^\\0ph<\5ʹm\0\0\$ٮx D4\\0\j/f\08\\XX;\0\=\0Ц\\yyy;\	\0`&-\\'\0\vۭ=\U\0@[\^\\0pWaa\^x \'\}\9\\o\~}\0\f\\0@0\\'\0P(t\f\8@\0]\\x\0 I]+\0Y/x9x\0\j/\\0\qޱ$/\0\\b\0\7\l\"\0\69\{\	\0`&,O\0duOL\(4k\0\$\'|\0 I|\8\\0Y\k>f6\0H{^f\0@\\\0Y㓒\j\0\0\\\\0\0]\\n@<]\\3k\0\,7|\0 X[XXx\0\\\"mb}\\0ҏ\8\\0\0,_3;O\0\L̻x\0M0\\\0\0\_),,<O\0 \01FQQ\x\0 \˖\\\0h\0\0HKgן\0@0KG\	\04\0\0>\?\0\bz%\0\Z\0\0Ғ_\\<\0\$>\\<\0\a\0p!??X<\0\a\0pnv<\0@@\0@Z0\\0\08Ou\D<\0\\\fG\	\0`&x~~\0\Z\0\0Ғ_t\h<\0\$$~\0@@\0@Z0\0\SO\0h\0\0HKa\qx\0 IP(<\0\a6p\0*&\'O\0 \0 -y\r\\\0ğ5}\Z\0@@\0@Zpܬ=\0\0f\\t<\0\a6p\0p\n:\	\04\0\0%W\'\0\0ğ4;O\0 \0 -yy\qN\\0\0$\n=nIl<\\\fϞs4\ZuL\&\cUU;}̊i\\0;\0\08?fw<\3\%K?%t\Rwڴi11}\02\8N<\0@B\#\\\h\\")SM+\\\0 xoI<O@iۈ\\5\?\\ \4w@\0p?\xrEhff\4\0ȴڋ;\0\0\Y/߾\"\9\\U\z\:HE@\0(\n\0@fx\uۊ\\\\rr_\5L\B\r\0B\D(:O\0\0\q\$^\'\0]}ੵĳo/PE@\0\"\n\0@f 붷\7\)B\r\0B\h(:O\0\03\\8N<\m:\C\"\0R&qz\0&qf%x\h4\0@\\-D\0-\4\0O\0nӮ\u	hPE@\0P{=l\\0\0$\n\\8NW<\\\\z\0h,\B\0 \fv\0tݶl\\\=}ێ\=*\Z\0 ڋ[\0P(O\q.\\>z\޵!R\\0\0-D\0LAAĻ\	@@\c+W\8f\\\vL\!T\\0\0)\^.\\0\0\\hK\= ۊ\\fF\\\tb\r\0\\\\\x\0 D,\^{\y\1\\W\)}\9:\h4\0@#jMDw\0\0L\f ?\\h4\Z\0x+\n\'\0\0\GZ/\5fԹ\h+\Z\0.\n\n\n\4\0O\0\037+\5U<pE@\0\E(\qx\0 IfK\} 14\0@\SPPp\Ex\0 I&~x\\Z\0	Bt\b<\0\$~%x\\Z\0)((cv	\0\0 &\'\0!\0ZF[\O\0\0XO\0\ZC@\0\Zev)\0\0 &BW\	@@ch\0\\ꮰ\_\0@\0)((\l\04\0HK\Ui\O\0\0\q	BW\	@@ch\0\\\V\	\0\0RPP0جO\0\ZC@\0\ZnV\'\0\0\i\Z7\04\0h}B\͎\\\0\0\͆\	@@ch\0\^7\\0\0L\W]\'\0!\0ZP(t\8\0@0\0K\C 14\0@\SPPp\\x\0 Ir%r<h\r\0\\\\\\'\0\0H(̒0<ن\)f\!\\rY|4\n\뵄O\0\0Sd\nx@qe\\ƏB@#kgf?1\0\i6q\\0\0ĄE\	\V`H#sK@\ξ1\0\\Z\FO\0\0e&G\	\]3\"(й!5ASkg4\0ATa6O\0\036\+:qDZ\n:و3\Z\0ڰ\Z,\'\0\0\8LD\\\q\\/v\a\$\;\oyr\\V=\|Mt୵sB\\U\\j\0\0R\9\\QQnYe\ڲp\4\SY(Ğ)Nmv\s\\:,;,\Yet\Y\Ȫ3\\"+^:o\~}\zȐ!\\7\\=\\\o[\\̙\N4\\֭{\	\'쳏r\Ν;SN\\/\\\w,Y\]o܏?8\\p\5׸\]w|ԨQ\#\s\9\\\\{/\p\\\b\ @\B\X<P\	\0\0bB%[D\uޫLdm\\~u\)<\\F\q\Ǟ\~vdUv/UQ_<2\\0+/\^)G\\p\z\Az^6bm(\\>,_|Ew뭷vǍ\n\&n$q\	\|\\e]\ɓ\'\\w/\O@\\\\\Jw\u\uO<D\ۺf\>駟Dl\nk\}ox饗\\\\6l{\W}uO:\$w\\\\]`A`6s\Y\09V{]e\:<\0@,_lx\"\%%%}e+\'ݱ\f[=a\r\[1~Gp|+B\2~\\\ZG_Ͳv~vm\-8^|\'o\\󄳄\'|\\\N\Ȱ\?\\\w\\]gu܇~ص\\=zt\gJx\n׮]j	\\\B﵎\ĿA#̋-rG\\\^\6\l\n\\\?<\nc\\\0\0R\\\≜޿\ԩ\fzQ++o3Y:\T+\\3zڮ*UtWo)\%U\\\i\ZϪL4+\\\vi8E@k\\\\'콖r{\\w\q\h/\c\[l\\}y#\\Z\\\_\(g}\	t	\_~\{㾀c=\}\\\s\=׳:\\q\k^\q\\	Fgm\0M,\\0\0\xWK\㉜\)**ڢtd+\/QFʇOުwe;6G\E2vVy$zI\xG;=\MĞ\4Q\5yeB}ie|hٱW3\*%h\n\V5SNq_o7\\\x<\\\\\m\\C=\\\zkM\;wn\x\\\\7\[n\	h=굎ZC8v7\h#oZ\\{굆]y\\oXM+^\o׍x\0 \fw\ܢs\\_Ox\۴\Qk!b:\k!{\\\";vҊ\ޕCc#\\x\ښN,\r][Q:uӨo~\=*?~|\Zim6&]ZZꭕ\\27y\"{\5\\}\DL\\DL\p\[\sM\\~WnX뫵XpWl\e&\	\0`&-߅\'r\\\R\u)Oު<xV\ކDw+\\ڱ)\Z\7$\y\Z	\gi$\\6\\\\rnc\'nZ!.uk\r6\\\#<\[Ӭ˾w\\4n\\b\3\Xc\n\\o\\=\k\\kO&{O@k:p˴x԰\_7\	\0`&.Vݍ\'rN@/\~{\Rjgs5ZS\\7\:Vp\\njg`\3\с\ѽWo\\X>*Gt\ZS5={\\r7t\\.#p;u괖v\in4\ZY׬|\\:\3\<\}\\\n\;W\zm\\\Y;Q@K\YW]uA\СC=;\\+\0\>ӷ\	\0`f\\\9/4\\b\\Ey\ʇGwֆEIӵ4}\{T:2o;\]\ί\\N\4\ޕutjv{S5\{w+)\\\\jŊ\ҥK\C9\}\G\ٳg{\[ow\y\;/\}\%L\m\<\_\MO\\\\h\\0R\\s\x\0 I\\nD\	\O\jv\\\T\"D\̙3{?k/67Ͻ\\\6۬A\y\nh\\yĈ5kZϟz\)oC.\0M@\nx.k$\0\0faVh\0ȹ\#=D\\\7N|-\\\XSl\ʕ\gisC\J\\\=\\\ŋg߲D@\0Y\^&\x\0 X/D\9}{\\h,4\n]WO\\0\0fa2{O\\u\\	4x\8N\\x\0 XϳD>O䜀~˾?\	4x\^\-o\\0\0\\\9\'ߴ\}<F@\0\\b\\	\0\0b	+\\9\'\\w\'<F@\0\f6O\0\0\qζ\\q<s\'\h\\0\^{uO\0\00;\\I<s\\\y\'\h\\0\\݁\'\0\0\8gXaȹ\{}\G\	4xb|\_w\	\0`f=\'r\{!??X<F@\0.1\'\0\0H(:͒x\"pgىx&^ \Wg\{\0@0&\'ቜ\cf\'\	4xbuW\'{\0@\0	B$ȹ\y+\O\h4\n\0\\\\\~<\0@O$>O䜀\x&^ \1]h\0\0\0f?٬\nO\\6\h4\n\0\\1,\\0\0$??\Z_\'rN@?{\	4x\t\\a<\0@%x\"\:\\\\'\h\\0\^{\[L\0\0 \'\)x\"\\ZM@\c<\5\0\0 &$>O\\\\\	4x\^\BG\0@0c\f≜\\.x&^ \1w-\\0\0\q-\'r׬@@#W\0H{\uv(zO\0\00;\l6ȹ\}Y	@@#W\0H{L\\0@\0	B[O\\\\}مx&^ 8s\_O\	\0`f\95\\'\h\\0\ӧ=\'\0\0H(:Ēx\"\:\[\\\'\h\\0\Kaa\\,\0\0L\Y\'rN@G\{\\'\h\\0ҋ\8,\'\	\0\0bEٟ,\\9\y\OkF\kߛxLӓ\0@\0)**:x\"\-\\M>}ђ%KYh.|\\\+\0dXLZPP<\0\0f%x\"\aV_\'ڵ\bgM:\_~\w\\yx\\<\\02S,\	\0\0%x\"\P+\\՘\\8eʔ9\5X\M\\\\ W\O*((\	\0`&\[O\\~\W\	\0\\0\K~~-cx\0 XQ	\wD\\\\w5\0 ^ \1}\^S\0@\0),,%Dnb\\E9\0 ^ \\\`1=\rO\0\00\\x\"\4-O\0\0^,\k\0\0 yyy{ZO\\\A>@\	\0\\0\K~~V{\'\0\0%=\>\9W_[\\	\0\\0ҋ\\V{\'\0\0H^^\n\?9W<@@\c(f\	\0\0RTT%\D\uޥV\\0\+\04\'\0\0H^^\Ζ\?\9W\=\'\0W\0H{Ln12\0\0 \\\;ZO\\\\\ݾ[\0\n\0\\\09x\0 8%\x\"\:\nfc\0\n\0\%\nb1*\0\0 :u\Βx\"\\n\\\0\+\0=6{\rO\0\0\q$O\\\\]b6O\0\0^BП,\\	\0\0%ex\"\\nNf\	\0\\0ҋ\8ZL\'\0\0Qi\6`TַB\0\n\0\%\n\zO\0\0\0\q\nH@+㩬/\Cf\	\0\\0\^\bz>\0\0N1V\(%PNi\0@@	B~O\0\0K*\C9\n\0 ^ 8{\\0@\nYID<3\fO\	\0\\0\K(\\b]<\0 \\dqx&g\n\͞\\0\+\0\\\\YL\'\0\0W\H\SH\P}e\0 ^ B-?\0\0\\F\㑜*\O\y<@@z),,\\b_x\0 B,\'r ?ɾ(\0 ^ X<\a\0\0 yyyF@\^A~u\S\0\n\0饰pw\4\n\u\\\'̞=\h4\N2UUUӧOʬv\ZL\n\i\\\i\r<_\"މWb#FӋ\f\CP1cd\~Ė.]\N6\?ϣb\@\G[\\"N\(F],?F$M?L2\m\)F;\|\n\%z%\x\'^QMNf遡Qh\\r	#{͒\Sv\ZP\_W\"މw\ň\R\\\\\\(\d\IХb\@\BJ\;N1^\\\bz`h\$Ϳ\\.\3=\1\rIv\NOQQ\VAD\\+1\SNۙZ,	XН\ g.[\tL\lHSv\<sgN\(F}z\K遡Œ\gZ+$ \6 \\:w蕈w\x%F1b4t\\yk\_\C%\7֙Ɇ$H;\h\.\kJ\;N1\\bz=0X?\$H6$A\)F;mv罧u\\+\\;Jb\hz)))\2\n- \NS\f\'J\;N1ںXN4s9\\\$\JzdCb\f\;[g9N\(F>\\\t(\HMN\\Ug\{$ \6 \:\EJ\;N1==}\\#Cಅo;H6$A\)F;mvAu\K蕈w\x%F1b4m\I\8g\C\W\]+	\$H;\h-R(N\(FWD\'[=\gh~\\\}\1kOczdCb\f俶N\J\;N1\Q\Y-W,_\73R\:sH8$A\)Fgݬ|s\W\+\\;Jb\h08\\2Ip\Jw\1\\W֙\0}\9:+$A\)Fg\\|븿W\"މw\ňѴ\n\\>w&%rE$H;\h-^ohJ\;N1^,6\ghrl̕\(|HS\:\|=\W\"މw\ň\֣h\~P\vM\6HĪG3{o=qX\\3CI	\7Iv\YLu\z_\"މw\ňіÄ6&{\\|\sR+\+\\[`$A\)F;m5N1[n6#qA\(F6\\r*L~h\V\TRR%*B#	\N1\i\\~,w\x%F1bF\\:urz\'p,X\.Y\駟\\\˗\;ydw\С\IR-G}ݐ!C^4h\\=z***qFn\~\߿kvޭ\:v\{1 \o\8\9F\(Fփ6\\ڢO>\\ߺj\*wƌ\e]LH\\\\믿[\\\\	g\\o\e˖\w\\\ovu	\\\ge\l$A \	\Z(sn%N\(F6Ǚ(r\\\<\\ٳ\^z\\o\\m\9l+b^׮]0a\'S\0s\Lw\\\cE]t&I#	\N1\i\\r\99M\\+1M\\'\q\ƹ\ےH\s\=EGY!\r\Z\\/Q`Cɘ3gkz\%\\D6\F$	\N1\iZ9%őT\\'\1\x%Fꓫm\Z-\\њ\k~3\\Zqc/ҟ^}\u\_w\ѫJJJ\U Fb\&\s+\1=#މWb#F\\"qͳĳlM\N\O\lB`\sϞ=\\\\?\0TO$	\N1\iF\-\;F\(u}v\NN\\#\\F=]К\\\>O>\J\>M$	\N1\i\\D\\#މWb|)ӉҚ\\\Oы3[i\y\\x\\\§C7I$H;\hi)\[j:g֏D\\;Jb\hc0Z\vKo\\b	\"\"0`\0,ݔ~\nz1 \C@\Q<\:f]S\eFE\;N1\\lc/Zu礶D\Ŵ\r}\@\\YjݶSe\?~N\"	\1\i[\\;\\\\\\u\\֊h\x\'^Qm\r`O>-r\\r\gz\s{\6s\\r7ܰP Fb\vɧmv.\\bܷ\	\g\\ZK\x\'^Qm\|_\b17\\\	u^EEŖ\\ſ,[͜p\\%%~ĵ\$A \(u\Ɋ\d\ߑ\[cI\\+1QTTi$Tu/涘UVqo\\\2ҁcƌ:hР6wX\\ߵ/*31I$H;\hMk\R(\-\k\w,\\x%F\\\ME\\_\fÆ\rK\\= #;\!C2q\\6w\ȑ#gf\4\{M/\( I0b\N\.X7TZ\'<Ec\\+1eWܘvh\o\\\\ɓqߗA\m\ٳg\3\'\3-	&ؤdWsH$A\)F;mZlƴ̺uX74xǲ^@\(]vh\\\/X {ｗ8=7#=zZdI;k\ŋt\\N5Ws!I$H;\hMkM,\\+\\mF1\ܿxǲE@\(]zvh?gLd\Ҍ,2b\r!Gezx5G\\"H$A\)F;mZldEysT\X\\nh\ŲK@\'CיkkB\2\0\Dg\29	~\7\w\}\⟫\\g\'{oŊ)V\\\?\\ \Lku^}_~e\})u\\v\9\fvc\&\zxsQ>s\/%\\Zs\ʕ+\c\o\xm\X\U\\\>9\x\t\Wo\B-2%	t;t\\<geee\\{\]\?w\zaC\\\s{\u\y\G\Z\1\{˴VA\\\\n\^}\\g\Y$\_\5\_\\\\̙3\/\7Zp1\TEE\+\\_\=\q\5mAVUUU#w\eWW;\K\2]\\k\^x\\Z){\\'s~\\\\sϭ{.\\\N0\.\2w-pǏ\q(\g\\\w\\^;\\ |#Ѝl\\Z\ŷ9#Z\lhGb=J#g\+k[Y8\\y$z\+Ď-\GxV\g\nWk\/5d\]%\z5֫W/\\\=&\yA\\xM5V\rtk\jiAц\{Ͽ\+\;\o\F^M\ZpMnݘ\\dǌ,3e\rҥK\5е;Z\2f\OP\>nJf<\\k%/VuVJz\%0\t\\\\<}\K/\Zm)׷o_N>W\\\m>s{\\z衮.ʜu\Y\g\^|\\=\\	\'}\G}\\zo{\1\x\O>dN\}`p۩vt] m\nyy{\)\z\\SNڬ.\aw\w\Ȑ!Cj쪫~\/~%\?g}\'\uqHjz>o\<\\\]9\\\\o\r\-6\x\5\M6\\ku\l\]\Yl{\]w{챇\\s\!\.\)Ey\^\g7J^{ye쬊\i:<{<=S\^n\]/\\y\>\erԐ\[^H\0GY>}\T1(\&\jϡ\\cl\m\\r+sw\rb64+dbo\s\Ջ\h\\O>w!˯\RЭ\ZYF\\	}	U\\=#Y&>Ϯ#Ɉ$8m\4\\n\>\\>\CVQ\_\կ~\=/))\UTS\\fy$QX<\B\F5z8r\H/Yn\6n\=?\kF\rK\v\\^rT$&GJPw\ynǎ\:\ \"\Nձ;ֽ\{)[\r\H@_z\^;\}ݽ4\\_mȿRhK.\j[o\s\\Dsnݼ:n\'\\|Hv\a\r=}t\[c:F\tqG\ow\[o=\o:\\*\'M\搀]6c[\$\\7<-ZQ>\\t+\'aX+\\\\b\&Lnte\Cn\o]牙\/5\\\(M3HGq{\!xߧZ\~6\o	hⵙZ;F\'\w\xielКɡ~77z|\my\Y\\noEjnf\f@+2\>\樛2\0\\nlF%G}\=\ݝv\\KV\Z]\on2i7g\wPb#\\72I {\\k\Myt\Ap_\ʡ%?D\MWV%TZ\\n\,+++\P\5\Ow\\\\@\'\n\ѣG{\2\\4={l\sN<D[nD:iԾV\\\\7\^x;W.\ߩLk]%O,)*uѩw\\5#\*\YdnTl\HRC]Ea\\p_Y\*+\\7\@\\\/\kH4Y^)+\\/Ï\\2ߘ\\\~1eA~+\к`\"K.޹z\kt\\74\B\\\\Ӿx1\M\ տ*~\\4+\9s\\\#\"[?r\1Y[AzDK[ӳg\\\FM\\\芊\nO\SmKhZFU\\D\\E]\M\F\y\w֬Y\M7\TcT	䭶\ʽ˽i=Jz\kG@jT\\ZA\tTd\Q\=\T\Ν;{\\W\1Zk5ETmJEr\0\\\Z>Sk5;\\\~^u\Qޅ\\\#\\\iMvM,\ig?)\\%\\~؞\"{\Yj𚢼2Za\)M4;jL#h\}\7\\`3f\rL\=\\?Lɠ\o\=\5c5[\@kV.Z+\\\\\Щֈ贈\|	:0\r&\z8#h\]tE\\\K\Aߔl0iMd:^[@k֬\6M\\`k\$|\\U{Qk\Oǟ\i\~r\\(Y\Y\N:yhn\ݽi<Jz\kG@J\jz\3\<Sc\DhJ\~\)	hMTi\rږ.H@v\i^\h[nڰ\>&\_i\\;^gue#Xz)~\y\nX\\5\\b<բ\}g\+]*{W\\kWG\'VƆ\.ʭ$\ZBUˌ/=\Ou?\\wG\\"ˠ\o\=k\5c5\\HV`\tZeIֈ\\\'//omХz^oKȪU\\\\_|a\euh3bԨQXGv;¤yS\ZW\%%.)\Z\h]Kf\AQ3i\ZK@+1Sm/e\\k9.\\ZGsV(\\\?In\Z\Uqv\\\\\z_ӻ\\\">\\k\ZS\oz\'\\\ې\\"_(\:.]\{Z\\\\/s\np\n(UFjO\\\.\&+\;0\EyDw+\\ڱ)\Z\7%\y+\L۳4\\{s|p\\7-ǋ,u#<\N)\䟣m\fU\ӣ^\7\\2\ښ\rZ˳TIkbPߙf~iL{H@Z#\"\6\n=\Z˞	h\QƯ0`ӯ_\bo\\\¯3\nC*7\x\'rӨ\ZĊ@Ij\	Jh\L\_\Y<%\nh\^*Zk=t\P\4b\\\\\wj\'\xih60M\-5=˟\h]\pV\5U\\w\\\*fQ34L\Z\VE\\Q+\\Feb\B\[]V{\nh\\Z\\W\\\\6v\\"\C;$)Sk\\ZVU\޺IT\[EEź*ҵ\Wx*\+*\ohE4_\Z\\z\\Q?Q@w\jJ]Ӆ\?\5k?xM3h\ /\\\WOt^\\7K\=\\5c5\M9\X\۟\'\L_2]_N\\r	\\\\\e\\=z,\O7Lo\"\B*\n\zjW\\h\\4V	Qhs...S@\V*4MOS\R<ڰ7M\\zL<\\_$\\{4\v\-芵v\O@\jFiDI\nh\ym阺-fX\\'xk,%*\uHՉK\o\=iuKN]a\k\@\߯\\E:}\)M\\ϯ6\;\\i->=t\TouS\{?\&Q><sy8v[Bt,D^G\'\\\uױt\\yPj*i\\}#\M@Kj=.\\\,H}Fw\uך\5\%ʔK_V\K?Y\Y\\"\kFwQQ\\~LK(kw*5\":}h\\N\}<\\wdJ\<lE^^\\\\nݺ墋.Z4]Xa\\A)T\kcī\-֢\j#`\\n\J\$築\(ď?\S^Ҽ\\­ϓ\\(9\3j~_@e\\\\	h-!\\FjO\\'\}뛦zJ@kJE6\h\'\g}歫WT|hZyPWj\#x\4CSŵ\\B\z\\\i:;\U֘nUdjq:Th\'\&v\ic\\U##Q%\\\	ZfY\TMfi\Y˾\-mV,\\"VsjDt\b\P_^Sm4\}S`\\ȑ#L\T\/\[M\\\\?$ز\\]}Ws2SrE\ Zwi*<lW\DFu\I$\ij~҈چ\f\vMŒ}ұe˖չQk\C\\\߭\\\c[~\_\\'\\ӽ+\tK\-]\\)ZC8\q+\A\,w\5GtmS}\\Ęmjn]4ib3_7Mߟ8d\\v\t\jM\'Y19\@\m\\$!1\i\\im2mx\r4މWb\r\(tqxtߗ\J\\\m:u\\\F\P Fb\&թHɆa\;\N\h@\ݐnКj\<.\u\][zͳmg\\3I$H;\hmB\:sb\6N\(F6\\o&\\\\\\oj\v]#\&v\\ܟ|\\\ުJmkðy&	i\40Eaf+\\\%\\\;Jb\hSPM\~8ZkWZ\\\Z,\Do&\CPO\_^w\uo\_JiDz\\KF=G\\1A\m$HbӌCuݡ\x&މw\ň\\h\~sŭv\\T떚]^^s-fV\Z\ڥ[n\6lV<\\O?$\)˖-\3o\ȑ3{\9\qo4^_I#	\N1\iFrn\6N\(F\T\4\CDwKX,45\-5ρ\\飪\\a\l\\e\^7\&	b$A\)F;McQ\\x\'މWb#F[\ݹ?-z;u\\^\ĉ{x\V@\\D\{\=w\\\a\\\\\_祁\mH\Zf\\x\'މWb#F[\n\rj\4\n-O\"b+4К\@$	\N1\i5nUN\(FQHoi\"z@N\?*Zwa\\$!1\i\6N\(F\"&w\\ؾXz#1\{aIC@cS \1\Q 	bhO\)\/a\;1\n@\HS\)\0N1\0$A$H;\謁xǈwb#FHIv\Nxǈwb#FHIv\Nxǈw FQ\0 	i\wxb#FH\Z\@b\(\0IC@cS_w F1b$iS_\".w F1b$i5\\;1\n@\HS\\Zwx\'F1b$i\wx\'FQb$H 	\N1\)\\(1JISv\n\;F1\0\%\Z,׾$#\\@b\(@0}EK,!ad-\\aKo\N1\)\\(F\0X쬩S\/đ=W\0>1;v\Nxǈw F1b@\8eʔ9uX\M\\\ٖ\0iS_w F1b\0\0\0\0\0\0\0\0\0\0\0\0\0\0\0\0\0\0\0\0\0\0\0\0\0\0\0\0\0\0\0\0\0\0\0\0\0\0\0\0\0\0\0\0\0\0\0\0\0\0\0\0\0\0\0\0\0\0\0\0\0\0\0\0\0\0\0\02z\\R\0\0\0\0IENDB`',1),('27502',1,'/Users/dengfengdecao/develop/tomcat7/webapps/lemon/WEB-INF/classes/bpmn2/.DS_Store','27501','\0\0\0Bud1\0\0\0\0\0\0\0\0\0\0\0\0\0\0\0\0\0\0\0\0\0\0\0\0\0\0\0\0\0\0\0\0\0\0\0\0\0\0\0\0\0\0\0\0\0\0\0\0\0\0\0\0\0\0\0\0\0\0\0\0\0\0\0\0\0\0\0\0\0\0i\0s\0s\0i\0o\0n\0\0\0\0\0\0\0\0\0\0\0\0\0\0\0\0\0\0\0\0\0\0\0\0\0\0\0\0\0\0\0\0\0\0\0\0\0\0\0\0\0\0\0\0\0\0\0\0\0\0\0\0\0\0\0\0\0\0\0\0\0\0\0\0\0\0\0\0\0\0\0\0\0\0\0\0\0\0\0\0\0\0\0\0\0\0\0\0\0\0\0\0\0\0\0\0\0\0\0\0\0\0\0\0\0\0\0\0\0\0\0\0\0\0\0\0\0\0\0\0\0\0\0\0\0\0\0\0\0\0\0\0\0\0\0\0\0\0\0\0\0\0\0\0\0\0\0\0\0\0\0\0\0\0\0\0\0\0\0\0\0\0\0\0\0\0\0\0\0\0\0p\0e\0r\0m\0i\0s\0s\0i\0o\0n\0.\0b\0p\0m\0n\02\00\0.\0x\0m\0lIlocblob\0\0\0\0\0\0F\0\0\0(\0\0\0\0\0\0p\0u\0b\0l\0i\0s\0h\0.\0b\0p\0m\0n\02\00\0.\0x\0m\0lIlocblob\0\0\0\0\0\0\\0\0\0(\0\0\0\0\0\0v\0a\0c\0a\0t\0i\0o\0n\0.\0b\0p\0m\0n\02\00\0.\0x\0m\0lIlocblob\0\0\0\0\0R\0\0\0(\0\0\0\0\0\0\0\0\0\0\0\0\0\0\0\0\0\0\0\0\0\0\0\0\0\0\0\0\0\0\0\0\0\0\0\0\0\0\0\0\0\0\0\0\0\0\0\0\0\0\0\0\0\0\0\0\0\0\0\0\0\0\0\0\0\0\0\0\0\0\0\0\0\0\0\0\0\0\0\0\0\0\0\0\0\0\0\0\0\0\0\0\0\0\0\0\0\0\0\0\0\0\0\0\0\0\0\0\0\0\0\0\0\0\0\0\0\0\0\0\0\0\0\0\0\0\0\0\0\0\0\0\0\0\0\0\0\0\0\0\0\0\0\0\0\0\0\0\0\0\0\0\0\0\0\0\0\0\0\0\0\0\0\0\0\0\0\0\0\0\0\0\0\0\0\0\0\0\0\0\0\0\0\0\0\0\0\0\0\0\0\0\0\0\0\0\0\0\0\0\0\0\0\0\0\0\0\0\0\0\0\0\0\0\0\0\0\0\0\0\0\0\0\0\0\0\0\0\0\0\0\0\0\0\0\0\0\0\0\0\0\0\0\0\0\0\0\0\0\0\0\0\0\0\0\0\0\0\0\0\0\0\0\0\0\0\0\0\0\0\0\0\0\0\0\0\0\0\0\0\0\0\0\0\0\0\0\0\0\0\0\0\0\0\0\0\0\0\0\0\0\0\0\0\0\0\0\0\0\0\0\0\0\0\0\0\0\0\0\0\0\0\0\0\0\0\0\0\0\0\0\0\0\0\0\0\0\0\0\0\0\0\0\0\0\0\0\0\0\0\0\0\0\0\0\0\0\0\0\0\0\0\0\0\0\0\0\0\0\0\0\0\0\0\0\0\0\0\0\0\0\0\0\0\0\0\0\0\0\0\0\0\0\0\0\0\0\0\0\0\0\0\0\0\0\0\0\0\0\0\0\0\0\0\0\0\0\0\0\0\0\0\0\0\0\0\0\0\0\0\0\0\0\0\0\0\0\0\0\0\0\0\0\0\0\0\0\0\0\0\0\0\0\0\0\0\0\0\0\0\0\0\0\0\0\0\0\0\0\0\0\0\0\0\0\0\0\0\0\0\0\0\0\0\0\0\0\0\0\0\0\0\0\0\0\0\0\0\0\0\0\0\0\0\0\0\0\0\0\0\0\0\0\0\0\0\0\0\0\0\0\0\0\0\0\0\0\0\0\0\0\0\0\0\0\0\0\0\0\0\0\0\0\0\0\0\0\0\0\0\0\0\0\0\0\0\0\0\0\0\0\0\0\0\0\0\0\0\0\0\0\0\0\0\0\0\0\0\0\0\0\0\0\0\0\0\0\0\0\0\0\0\0\0\0\0\0\0\0\0\0\0\0\0\0\0\0\0\0\0\0\0\0\0\0\0\0\0\0\0\0\0\0\0\0\0\0\0\0\0\0\0\0\0\0\0\0\0\0\0\0\0\0\0\0\0\0\0\0\0\0\0\0\0\0\0\0\0\0\0\0\0\0\0\0\0\0\0\0\0\0\0\0\0\0\0\0\0\0\0\0\0\0\0\0\0\0\0\0\0\0\0\0\0\0\0\0\0\0\0\0\0\0\0\0\0\0\0\0\0\0\0\0\0\0\0\0\0\0\0\0\0\0\0\0\0\0\0\0\0\0\0\0\0\0\0\0\0\0\0\0\0\0\0\0\0\0\0\0\0\0\0\0\0\0\0\0\0\0\0\0\0\0\0\0\0\0\0\0\0\0\0\0\0\0\0\0\0\0\0\0\0\0\0\0\0\0\0\0\0\0\0\0\0\0\0\0\0\0\0\0\0\0\0\0\0\0\0\0\0\0\0\0\0\0\0\0\0\0\0\0\0\0\0\0\0\0\0\0\0\0\0\0\0\0\0\0\0\0\0\0\0\0\0\0\0\0\0\0\0\0\0\0\0\0\0\0\0\0\0\0\0\0\0\0\0\0\0\0\0\0\0\0\0\0\0\0\0\0\0\0\0\0\0\0\0\0\0\0\0\0\0\0\0\0\0\0\0\0\0\0\0\0\0\0\0\0\0\0\0\0\0\0\0\0\0\0\0\0\0\0\0\0\0\0\0\0\0\0\0\0\0\0\0\0\0\0\0\0\0\0\0\0\0\0\0\0\0\0\0\0\0\0\0\0\0\0\0\0\0\0\0\0\0\0\0\0\0\0\0\0\0\0\0\0\0\0\0\0\0\0\0\0\0\0\0\0\0\0\0\0\0\0\0\0\0\0\0\0\0\0\0\0\0\0\0\0\0\0\0\0\0\0\0\0\0\0\0\0\0\0\0\0\0\0\0\0\0\0\0\0\0\0\0\0\0\0\0\0\0\0\0\0\0\0\0\0\0\0\0\0\0\0\0\0\0\0\0\0\0\0\0\0\0\0\0\0\0\0\0\0\0\0\0\0\0\0\0\0\0\0\0\0\0\0\0\0\0\0\0\0\0\0\0\0\0\0\0\0\0\0\0\0\0\0\0\0\0\0\0\0\0\0\0\0\0\0\0\0\0\0\0\0\0\0\0\0\0\0\0\0\0\0\0\0\0\0\0\0\0\0\0\0\0\0\0\0\0\0\0\0\0\0\0\0\0\0\0\0\0\0\0\0\0\0\0\0\0\0\0\0\0\0\0\0\0\0\0\0\0\0\0\0\0\0\0\0\0\0\0\0\0\0\0\0\0\0\0\0\0\0\0\0\0\0\0\0\0\0\0\0\0\0\0\0\0\0\0\0\0\0\0\0\0\0\0\0\0\0\0\0\0\0\0\0\0\0\0\0\0\0\0\0\0\0\0\0\0\0\0\0\0\0\0\0\0\0\0\0\0\0\0\0\0\0\0\0\0\0\0\0\0\0\0\0\0\0\0\0\0\0\0\0\0\0\0\0\0\0\0\0\0\0\0\0\0\0\0\0\0\0\0\0\0\0\0\0\0\0\0\0\0\0\0\0\0\0\0\0\0\0\0\0\0\0\0\0\0\0\0\0\0\0\0\0\0\0\0\0\0\0\0\0\0\0\0\0\0\0\0\0\0\0\0\0\0\0\0\0\0\0\0\0\0\0\0\0\0\0\0\0\0\0\0\0\0\0\0\0\0\0\0\0\0\0\0\0\0\0\0\0\0\0\0\0\0\0\0\0\0\0\0\0\0\0\0\0\0\0\0\0\0\0\0\0\0\0\0\0\0\0\0\0\0\0\0\0\0\0\0\0\0\0\0\0\0\0\0\0\0\0\0\0\0\0\0\0\0\0\0\0\0\0\0\0\0\0\0\0\0\0\0\0\0\0\0\0\0\0\0\0\0\0\0\0\0\0\0\0\0\0\0\0\0\0\0\0\0\0\0\0\0\0\0\0\0\0\0\0\0\0\0\0\0\0\0\0\0\0\0\0\0\0\0\0\0\0\0\0\0\0\0\0\0\0\0\0\0\0\0\0\0\0\0\0\0\0\0\0\0\0\0\0\0\0\0\0\0\0\0\0\0\0\0\0\0\0\0\0\0\0\0\0\0\0\0\0\0\0\0\0\0\0\0\0\0\0\0\0\0\0\0\0\0\0\0\0\0\0\0\0\0\0\0\0\0\0\0\0\0\0\0\0\0\0\0\0\0\0\0\0\0\0\0\0\0\0\0\0\0\0\0\0\0\0\0\0\0\0\0\0\0\0\0\0\0\0\0\0\0\0\0\0\0\0\0\0\0\0\0\0\0\0\0\0\0\0\0\0\0\0\0\0\0\0\0\0\0\0\0\0\0\0\0\0\0\0\0\0\0\0\0\0\0\0\0\0\0\0\0\0\0\0\0\0\0\0\0\0\0\0\0\0\0\0\0\0\0\0\0\0\0\0\0\0\0\0\0\0\0\0\0\0\0\0\0\0\0\0\0\0\0\0\0\0\0\0\0\0\0\0\0\0\0\0\0\0\0\0\0\0\0\0\0\0\0\0\0\0\0\0\0\0\0\0\0\0\0\0\0\0\0\0\0\0\0\0\0\0\0\0\0\0\0\0\0\0\0\0\0\0\0\0\0\0\0\0\0\0\0\0\0\0\0\0\0\0\0\0\0\0\0\0\0\0\0\0\0\0\0\0\0\0\0\0\0\0\0\0\0\0\0\0\0\0\0\0\0\0\0\0\0\0\0\0\0\0\0\0\0\0\0\0\0\0\0\0\0\0\0\0\0\0\0\0\0\0\0\0\0\0\0\0\0\0\0\0\0\0\0\0\0\0\0\0\0\0\0\0\0\0\0\0\0\0\0\0\0\0\0\0\0\0\0\0\0\0\0\0\0\0\0\0\0\0\0\0\0\0\0\0\0\0\0\0\0\0\0\0\0\0\0\0\0\0\0\0\0\0\0\0\0\0\0\0\0\0\0\0\0\0\0\0\0\0\0\0\0\0\0\0\0\0\0\0\0\0\0\0\0\0\0\0\0\0\0\0\0\0\0\0\0\0\0\0\0\0\0\0\0\0\0\0\0\0\0\0\0\0\0\0\0\0\0\0\0\0\0\0\0\0\0\0\0\0\0\0\0\0\0\0\0\0\0\0\0\0\0\0\0\0\0\0\0\0\0\0\0\0\0\0\0\0\0\0\0\0\0\0\0\0\0\0\0\0\0\0\0\0\0\0\0\0\0\0\0\0\0\0\0\0\0\0\0\0\0\0\0\0\0\0\0\0\0\0\0\0\0\0\0\0\0\0\0\0\0\0\0\0\0\0\0\0\0\0\0\0\0\0\0\0\0\0\0\0\0\0\0\0\0\0\0\0\0\0\0\0\0\0\0\0\0\0\0\0\0\0\0\0\0\0\0\0\0\0\0\0\0\0\0\0\0\0\0\0\0\0\0\0\0\0\0\0\0\0\0\0\0\0\0\0\0\0\0\0\0\0\0\0\0\0\0\0\0\0\0\0\0\0\0\0\0\0\0\0\0\0\0\0\0\0\0\0\0\0\0\0\0\0\0\0\0\0\0\0\0\0\0\0\0\0\0\0\0\0\0\0\0\0\0\0\0\0\0\0\0\0\0\0\0\0\0\0\0\0\0\0\0\0\0\0\0\0\0\0\0\0\0\0\0\0\0\0\0\0\0\0\0\0\0\0\0\0\0\0\0\0\0\0\0\0\0\0\0\0\0\0\0\0\0\0\0\0\0\0\0\0\0\0\0\0\0\0\0\0\0\0\0\0\0\0\0\0\0\0\0\0\0\0\0\0\0\0\0\0\0\0\0\0\0\0\0\0\0\0\0\0\0\0\0\0\0\0\0\0\0\0\0\0\0\0\0\0\0\0\0\0\0\0\0\0\0\0\0\0\0\0\0\0\0\0\0\0\0\0\0\0\0\0\0\0\0\0\0\0\0\0\0\0\0\0\0\0\0\0\0\0\0\0\0\0\0\0\0\0\0\0\0\0\0\0\0\0\0\0\0\0\0\0\0\0\0\0\0\0\0\0\0\0\0\0\0\0\0\0\0\0\0\0\0\0\0\0\0\0\0\0\0\0\0\0\0\0\0\0\0\0\0\0\0\0\0\0\0\0\0\0\0\0\0\0\0\0\0\0\0\0\0\0\0\0\0\0\0\0\0\0\0\0\0\0\0\0\0\0\0\0\0\0\0\0\0\0\0\0\0\0\0\0\0\0\0\0\0\0\0\0\0\0\0\0\0\0\0\0\0\0\0\0\0\0\0\0\0\0\0\0\0\0\0\0\0\0\0\0\0\0\0\0\0\0\0\0\0\0\0\0\0\0\0\0\0\0\0\0\0\0\0\0\0\0\0\0\0\0\0\0\0\0\0\0\0\0\0\0\0\0\0\0\0\0\0\0\0\0\0\0\0\0\0\0\0\0\0\0\0\0\0\0\0\0\0\0\0\0\0\0\0\0\0\0\0\0\0\0\0\0\0\0\0\0\0\0 \0\0\0\0\0\0@\0\0\0\0\0\0\0\0\0\0\0\0\0\0\0\0\0\0\0\0\0\0\0\0\0\0\0\0\0\0\0\0\0\0\0\0\0\0\0 \0\0\0\0\0\0@\0\0\0\0\0\0\0\0\0\0\0\0\0\0\0\0\0\0\0\0\0\0\0\0\0\0\0\0\0\0\0\0\0\0\0\0\0\0\0\0\0 \0\0\0\0\0\0@\0\0\0\0\0\0\0\0\0\0\0\0\0\0\0\0\0\0\0\0\0\0\0\0\0\0\0\0\0\0\0\0\0\0\0\0\0\0\0\0\0 \0\0\0\0\0\0@\0\0\0\0\0\0\0\0\0\0\0\0\0\0\0\0\0\0\0\0\0\0\0\0\0\0\0\0\0\0\0\0\0\0\0\0\0\0\0\0\0\0\0\0\0\0\0\0\0\0\0\0\0\0\0\0\0\0\0\0\0\0\0\0\0\0\0\0\0\0\0\0\0\0\0\0\0\0\0\0\0\0\0\0\0\0\0\0\0\0\0\0\0\0\0\0\0\0\0\0\0\0\0\0\0\0\0\0\0\0\0\0\0\0\0\0\0\0\0\0\0\0\0\0\0\0\0\0\0\0\0\0\0\0\0\0\0\0\0\0\0\0\0\0\0\0\0\0\0\0\0\0\0\0\0\0\0\0\0\0\0\0\0\0\0\0\0\0\0\0\0\0\0\0\0\0\0\0\0\0\0\0\0\0\0\0\0\0\0\0\0\0\0\0\0\0\0\0\0\0\0\0\0\0\0\0\0\0\0\0\0\0\0\0\0\0\0\0\0\0\0\0\0\0\0\0\0\0\0\0\0\0\0\0\0\0\0\0\0\0\0\0\0\0\0\0\0\0\0\0\0\0\0\0\0\0\0\0\0\0\0\0\0\0\0\0\0\0\0\0\0\0\0\0\0\0\0\0\0\0\0\0\0\0\0\0\0\0\0\0\0\0\0\0\0\0\0\0\0\0\0\0\0\0\0\0\0\0\0\0\0\0\0\0\0\0\0\0\0\0\0\0\0\0\0\0\0\0\0\0\0\0\0\0\0\0\0\0\0\0\0\0\0\0\0\0\0\0\0\0\0\0\0\0\0\0\0\0\0\0\0\0\0\0\0\0\0\0\0\0\0\0\0\0\0\0\0\0\0\0\0\0\0\0\0\0\0\0\0\0\0\0\0\0\0\0\0\0\0\0\0\0\0\0\0\0\0\0\0\0\0\0\0\0\0\0\0\0\0\0\0\0\0\0\0\0\0\0\0\0\0\0\0\0\0\0\0\0\0\0\0\0\0\0\0\0\0\0\0\0\0\0\0\0\0\0\0\0\0\0\0\0\0\0\0\0\0\0\0\0\0\0\0\0\0\0\0\0\0\0\0\0\0\0\0\0\0\0\0\0\0\0\0\0\0\0\0\0\0\0\0\0\0\0\0\0\0\0\0\0\0\0\0\0\0\0\0\0\0\0\0\0\0\0\0\0\0\0\0\0\0\0\0\0\0\0\0\0\0\0\0\0\0\0\0\0\0\0\0\0\0\0\0\0\0\0\0\0\0\0\0\0\0\0\0\0\0\0\0\0\0\0\0\0\0\0\0\0\0\0\0\0\0\0\0\0\0\0\0\0\0\0\0\0\0\0\0\0\0\0\0\0\0\0\0\0\0\0\0\0\0\0\0\0\0\0\0\0\0\0\0\0\0\0\0\0\0\0\0\0\0\0\0\0\0\0\0\0\0\0\0\0\0\0\0\0\0\0\0\0\0\0\0\0\0\0\0\0\0\0\0\0\0\0\0\0\0\0\0\0\0\0\0\0\0\0\0\0\0\0\0\0\0\0\0\0\0\0\0\0\0\0\0\0\0\0\0\0\0\0\0\0\0\0\0\0\0\0\0\0\0\0\0\0\0\0\0\0\0\0\0\0\0\0\0\0\0\0\0\0\0\0\0\0\0\0\0\0\0\0\0\0\0\0\0\0\0\0\0\0\0\0\0\0\0\0\0\0\0\0\0\0\0\0\0\0\0\0\0\0\0\0\0\0\0\0\0\0\0\0\0\0\0\0\0\0\0\0\0\0\0\0\0\0\0\0\0\0\0\0\0\0\0E\0\0\0\0\0\0\0\0\0\0\0\0\0\0\0\0\0\0\0\0\0\0\0\0\0\0\0\0\0\0\0\0\0\0\0\0\0\0\0\0\0\0\0\0\0\0\0\0\0\0\0\0\0\0\0\0\0\0\0\0\0\0\0\0\0\0\0\0\0\0\0\0\0\0\0\0\0\0\0\0\0\0\0\0\0\0\0\0\0\0\0\0\0\0\0\0\0\0\0\0\0\0\0\0\0\0\0\0\0\0\0\0\0\0\0\0\0\0\0\0\0\0\0\0\0\0\0\0\0\0\0\0\0\0\0\0\0\0\0\0\0\0\0\0\0\0\0\0\0\0\0\0\0\0\0\0\0\0\0\0\0\0\0\0\0\0\0\0\0\0\0\0\0\0\0\0\0\0\0\0\0\0\0\0\0\0\0\0\0\0\0\0\0\0\0\0\0\0\0\0\0\0\0\0\0\0\0\0\0\0\0\0\0\0\0\0\0\0\0\0\0\0\0\0\0\0\0\0\0\0\0\0\0\0\0\0\0\0\0\0\0\0\0\0\0\0\0\0\0\0\0\0\0\0\0\0\0\0\0\0\0\0\0\0\0\0\0\0\0\0\0\0\0\0\0\0\0\0\0\0\0\0\0\0\0\0\0\0\0\0\0\0\0\0\0\0\0\0\0\0\0\0\0\0\0\0\0\0\0\0\0\0\0\0\0\0\0\0\0\0\0\0\0\0\0\0\0\0\0\0\0\0\0\0\0\0\0\0\0\0\0\0\0\0\0\0\0\0\0\0\0\0\0\0\0\0\0\0\0\0\0\0\0\0\0\0\0\0\0\0\0\0\0\0\0\0\0\0\0\0\0\0\0\0\0\0\0\0\0\0\0\0\0\0\0\0\0\0\0\0\0\0\0\0\0\0\0\0\0\0\0\0\0\0\0\0\0\0\0\0\0\0\0\0\0\0\0\0\0\0\0\0\0\0\0\0\0\0\0\0\0\0\0\0\0\0\0\0\0\0\0\0\0\0\0\0\0\0\0\0\0\0\0\0\0\0\0\0\0\0\0\0\0\0\0\0\0\0\0\0\0\0\0\0\0\0\0\0\0\0\0\0\0\0\0\0\0\0\0\0\0\0\0\0\0\0\0\0\0\0\0\0\0\0\0\0\0\0\0\0\0\0\0\0\0\0\0\0\0\0\0\0\0\0\0\0\0\0\0\0\0\0\0\0\0\0\0\0\0\0\0\0\0\0\0\0\0\0\0\0\0\0\0\0\0\0\0\0\0\0\0\0\0\0\0\0\0\0\0\0\0\0\0\0\0\0\0\0\0\0\0\0\0\0\0\0\0\0\0\0\0\0\0\0\0\0\0\0\0\0\0\0\0\0\0\0\0\0\0\0\0\0\0\0\0\0\0\0\0\0\0\0\0\0\0\0\0\0\0\0\0\0\0\0\0\0\0\0\0\0\0\0\0\0\0\0\0\0\0\0\0\0\0\0\0\0\0\0\0\0\0\0\0\0\0\0\0\0\0\0\0\0\0\0\0\0\0\0\0\0\0\0\0\0\0\0\0\0\0\0\0\0\0\0\0\0\0\0\0\0\0\0\0\0\0\0\0\0\0\0\0\0\0\0\0\0\0\0\0\0\0\0\0\0\0\0\0\0\0\0\0\0\0\0\0\0\0\0\0\0\0\0\0\0\0\0\0\0\0\0\0\0\0\0\0\0\0\0\0\0\0\0\0\0\0\0\0\0\0\0\0\0\0\0\0\0\0\0\0\0\0\0\0\0\0\0\0\0\0\0\0\0\0\0\0\0\0\0\0\0\0\0\0\0\0\0\0\0\0\0\0\0\0\0\0\0\0\0\0\0\0\0\0\0\0\0\0\0\0\0\0\0\0\0\0\0\0\0\0\0\0\0\0\0\0\0\0\0\0\0\0\0\0\0\0\0\0\0\0\0\0\0\0\0\0\0\0\0\0\0\0\0\0\0\0\0\0\0\0\0\0\0\0\0\0\0\0\0\0\0\0\0\0\0\0\0\0\0\0\0\0\0\0\0\0\0\0\0\0\0\0\0\0\0\0\0\0\0\0\0\0\0\0\0\0\0\0\0\0\0\0\0\0\0\0\0\0\0\0\0\0\0\0\0\0\0\0\0\0\0\0\0\0\0\0\0\0\0\0\0\0\0\0\0\0\0\0\0\0\0\0\0\0\0\0\0\0\0\0\0\0\0\0\0\0\0\0\0\0\0\0\0\0\0\0\0\0\0\0\0\0\0\0\0\0\0\0DSDB\0\0\0\0\0\0\0\0\0\0\0\0\0\0\0\0\0\0\0\0\0\0\0\0\0\0\0\0\0 \0\0\0`\0\0\0\0\0\0\0\0\0\0\0\0\0\0\0\0\0\0\0\0\0\0\0\0\0\0\0\0\0\0\0\0\0\0\0\0\0\0\0\0\0\0\0\0 \0\0\0\0\0\0@\0\0\0\0\0\0\0\0\0\0\0\0\0\0\0\0\0\0\0\0\0\0\0\0\0\0\0\0\0\0\0\0\0\0\0\0\0\0\0\0\0 \0\0\0\0\0\0@\0\0\0\0\0\0\0\0\0\0\0\0\0\0\0\0\0\0\0\0\0\0\0\0\0\0\0\0\0\0\0\0\0\0\0\0\0\0\0\0\0 \0\0\0\0\0\0@\0\0\0\0\0\0\0\0\0\0\0\0\0\0\0\0\0\0\0\0\0\0\0\0\0\0\0\0\0\0\0\0\0\0\0\0\0\0\0\0\0\0\0\0\0\0\0\0\0\0\0\0\0\0\0\0\0\0\0\0\0\0\0\0\0\0\0\0\0\0\0\0\0\0\0\0\0\0\0\0\0\0\0\0\0\0\0\0\0\0\0\0\0\0\0\0\0\0\0\0\0\0\0\0\0\0\0\0\0\0\0\0\0\0\0\0\0\0\0\0\0\0\0\0\0\0\0\0\0\0\0\0\0\0\0\0\0\0\0\0\0\0\0\0\0\0\0\0\0\0\0\0\0\0\0\0\0\0\0\0\0\0\0\0\0\0\0\0\0\0\0\0\0\0\0\0\0\0\0\0\0\0\0\0\0\0\0\0\0\0\0\0\0\0\0\0\0\0\0\0\0\0\0\0\0\0\0\0\0\0\0\0\0\0\0\0\0\0\0\0\0\0\0\0\0\0\0\0\0\0\0\0\0\0\0\0\0\0\0\0\0\0\0\0\0\0\0\0\0\0\0\0\0\0\0\0\0\0\0\0\0\0\0\0\0\0\0\0\0\0\0\0\0\0\0\0\0\0\0\0\0\0\0\0\0\0\0\0\0\0\0\0\0\0\0\0\0\0\0\0\0\0\0\0\0\0\0\0\0\0\0\0\0\0\0\0\0\0\0\0\0\0\0\0\0\0\0\0\0\0\0\0\0\0\0\0\0\0\0\0\0\0\0\0\0\0\0\0\0\0\0\0\0\0\0\0\0\0\0\0\0\0\0\0\0\0\0\0\0\0\0\0\0\0\0\0\0\0\0\0\0\0\0\0\0\0\0\0\0\0\0\0\0\0\0\0\0\0\0\0\0\0\0\0\0\0\0\0\0\0\0\0\0\0\0\0\0\0\0\0\0\0\0\0\0\0\0\0\0\0\0\0\0\0\0\0\0\0\0\0\0\0\0\0\0\0\0\0\0\0\0\0\0\0\0\0\0\0\0\0\0\0\0\0\0\0\0\0\0\0\0\0\0\0\0\0\0\0\0\0\0\0\0\0\0\0\0\0\0\0\0\0\0\0\0\0\0\0\0\0\0\0\0\0\0\0\0\0\0\0\0\0\0\0\0\0\0\0\0\0\0\0\0\0\0\0\0\0\0\0\0\0\0\0\0\0\0\0\0\0\0\0\0\0\0\0\0\0\0\0\0\0\0\0\0\0\0\0\0\0\0\0\0\0\0\0\0\0\0\0\0\0\0\0\0\0\0\0\0\0\0\0\0\0\0\0\0\0\0\0\0\0\0\0\0\0\0\0\0\0\0\0\0\0\0\0\0\0\0\0\0\0\0\0\0\0\0\0\0\0\0\0\0\0\0\0\0\0\0\0\0\0\0\0\0\0\0\0\0\0\0\0\0\0\0\0\0\0\0\0\0\0\0\0\0\0\0\0\0\0\0\0\0\0\0\0\0\0\0\0\0\0\0\0\0\0\0\0\0\0\0\0\0\0\0\0\0\0\0\0\0\0\0\0\0\0\0\0\0\0\0\0\0\0\0\0\0\0\0\0\0\0\0\0\0\0\0\0\0\0\0\0\0\0\0\0\0\0\0\0\0\0\0\0\0\0\0\0\0\0\0\0\0\0\0\0\0\0\0\0\0\0\0\0\0\0\0\0\0\0\0\0\0\0\0\0\0\0\0\0\0\0\0\0\0\0\0\0\0\0\0\0',0),('27504',1,'/Users/dengfengdecao/develop/tomcat7/webapps/lemon/WEB-INF/classes/bpmn2/permission.bpmn20.xml','27503','<?xml version=\"1.0\" encoding=\"UTF-8\"?>\r\n<definitions\r\n  xmlns=\"http://www.omg.org/spec/BPMN/20100524/MODEL\"\r\n  xmlns:xsi=\"http://www.w3.org/2001/XMLSchema-instance\"\r\n  xmlns:xsd=\"http://www.w3.org/2001/XMLSchema\"\r\n  xmlns:activiti=\"http://activiti.org/bpmn\"\r\n  xmlns:bpmndi=\"http://www.omg.org/spec/BPMN/20100524/DI\"\r\n  xmlns:omgdc=\"http://www.omg.org/spec/DD/20100524/DC\"\r\n  xmlns:omgdi=\"http://www.omg.org/spec/DD/20100524/DI\"\r\n  typeLanguage=\"http://www.w3.org/2001/XMLSchema\"\r\n  expressionLanguage=\"http://www.w3.org/1999/XPath\"\r\n  targetNamespace=\"http://www.mossle.com\">\r\n  <process id=\"permission\" name=\"审批权限\" isExecutable=\"true\">\r\n    <documentation>审批权限</documentation>\r\n  <dataObject id=\"dObj123\" name=\"StringTest123\" itemSubjectRef=\"xsd:string\">\r\n    <extensionElements>\r\n      <activiti:value>Testing123</activiti:value>\r\n    </extensionElements>\r\n  </dataObject>\r\n    <startEvent id=\"startEvent-1\"></startEvent>\r\n    <userTask id=\"usertask1\" name=\"发起申请\" activiti:assignee=\"常用语:流程发起人\" activiti:formKey=\"permission-request\"></userTask>\r\n    <sequenceFlow id=\"flow1\" sourceRef=\"startEvent-1\" targetRef=\"usertask1\"></sequenceFlow>\r\n    <userTask id=\"usertask2\" name=\"部门经理审批\" activiti:assignee=\"岗位:经理\" activiti:formKey=\"permission-department\"></userTask>\r\n    <sequenceFlow id=\"flow2\" sourceRef=\"usertask1\" targetRef=\"usertask2\"></sequenceFlow>\r\n    <userTask id=\"usertask3\" name=\"总经理审批\" activiti:assignee=\"岗位:总经理\" activiti:formKey=\"permission-manager\"></userTask>\r\n    <sequenceFlow id=\"flow3\" sourceRef=\"usertask2\" targetRef=\"usertask3\"></sequenceFlow>\r\n    <endEvent id=\"endevent1\" name=\"End\"></endEvent>\r\n    <sequenceFlow id=\"flow4\" sourceRef=\"usertask3\" targetRef=\"endevent1\"></sequenceFlow>\r\n  </process>\r\n  <bpmndi:BPMNDiagram id=\"BPMNDiagram_permission\">\r\n    <bpmndi:BPMNPlane bpmnElement=\"permission\" id=\"BPMNPlane_permission\">\r\n      <bpmndi:BPMNShape bpmnElement=\"startEvent-1\" id=\"BPMNShape_startEvent-1\">\r\n        <omgdc:Bounds height=\"35.0\" width=\"35.0\" x=\"40.0\" y=\"60.0\"></omgdc:Bounds>\r\n      </bpmndi:BPMNShape>\r\n      <bpmndi:BPMNShape bpmnElement=\"usertask1\" id=\"BPMNShape_usertask1\">\r\n        <omgdc:Bounds height=\"55.0\" width=\"105.0\" x=\"120.0\" y=\"50.0\"></omgdc:Bounds>\r\n      </bpmndi:BPMNShape>\r\n      <bpmndi:BPMNShape bpmnElement=\"usertask2\" id=\"BPMNShape_usertask2\">\r\n        <omgdc:Bounds height=\"55.0\" width=\"105.0\" x=\"280.0\" y=\"50.0\"></omgdc:Bounds>\r\n      </bpmndi:BPMNShape>\r\n      <bpmndi:BPMNShape bpmnElement=\"usertask3\" id=\"BPMNShape_usertask3\">\r\n        <omgdc:Bounds height=\"55.0\" width=\"105.0\" x=\"440.0\" y=\"50.0\"></omgdc:Bounds>\r\n      </bpmndi:BPMNShape>\r\n      <bpmndi:BPMNShape bpmnElement=\"endevent1\" id=\"BPMNShape_endevent1\">\r\n        <omgdc:Bounds height=\"35.0\" width=\"35.0\" x=\"600.0\" y=\"60.0\"></omgdc:Bounds>\r\n      </bpmndi:BPMNShape>\r\n      <bpmndi:BPMNEdge bpmnElement=\"flow1\" id=\"BPMNEdge_flow1\">\r\n        <omgdi:waypoint x=\"75.0\" y=\"77.0\"></omgdi:waypoint>\r\n        <omgdi:waypoint x=\"120.0\" y=\"77.0\"></omgdi:waypoint>\r\n      </bpmndi:BPMNEdge>\r\n      <bpmndi:BPMNEdge bpmnElement=\"flow2\" id=\"BPMNEdge_flow2\">\r\n        <omgdi:waypoint x=\"225.0\" y=\"77.0\"></omgdi:waypoint>\r\n        <omgdi:waypoint x=\"280.0\" y=\"77.0\"></omgdi:waypoint>\r\n      </bpmndi:BPMNEdge>\r\n      <bpmndi:BPMNEdge bpmnElement=\"flow3\" id=\"BPMNEdge_flow3\">\r\n        <omgdi:waypoint x=\"385.0\" y=\"77.0\"></omgdi:waypoint>\r\n        <omgdi:waypoint x=\"440.0\" y=\"77.0\"></omgdi:waypoint>\r\n      </bpmndi:BPMNEdge>\r\n      <bpmndi:BPMNEdge bpmnElement=\"flow4\" id=\"BPMNEdge_flow4\">\r\n        <omgdi:waypoint x=\"545.0\" y=\"77.0\"></omgdi:waypoint>\r\n        <omgdi:waypoint x=\"600.0\" y=\"77.0\"></omgdi:waypoint>\r\n      </bpmndi:BPMNEdge>\r\n    </bpmndi:BPMNPlane>\r\n  </bpmndi:BPMNDiagram>\r\n</definitions>',0),('27505',1,'/Users/dengfengdecao/develop/tomcat7/webapps/lemon/WEB-INF/classes/bpmn2/permission.permission.png','27503','PNG\r\n\Z\n\0\0\0\rIHDR\0\0\0\0\0s\0\0\0\}x\0\0\IDATx\\pTU\?{WTT\X;ceKQ B%\,(D\QP:7EE\\\pw^\&ow3yo\ے=\sϽ\?\0\0\0\0\0\0\0\0\0\0\0\0\0\0\0\0\0\0\0\0\0\0\0\0\0\0\0\0\0\0\0\0\0\0\0\0\0\0\0\0\0\0\0\0\0\0\0\0\0\0\0\0\0\0\0\0\0\0\0\0\0\0\0\0\0\0\0\0\0\0\0\0\0\0\0\0\0\0\0\0\0\0\0\0\0\0\0\0\0\0\0\0\0\0\0\0\0\0\0\0\0\0\0\0\0\0\0\0\0\0\0\0\0\0\0\0\0\0\0\0\0\0\0\0\0\0\0\0\0\0\0\0\0\0\0\0\0\0\0\0\0\0\0\0\0\0\0\0\0\0\0\0\0\0\0\0\0\0\0\0\0\0\0\0\0\0\0\0\0\0\0\0\0\0\0\0\0\0\0\0\0\0\0\0\0\0\0\0\0\0\0\0\0\0\0\0\0\0\0\0\0\0\0\0\0\0\0\0\0\0\0\0\0\0\0\0\0\0\0\0\0\0\0\0\0\0\0\0\0\0\0\0\0\0\0\0\0\0\0\0\0\0\0\0\0\0\0\0\0\0(1f\E}<}ƍgƌƎk&O\Z:\\C\0s\LbVZe6oތ\V^m&Mu??\01E=db\f\s0\\0\\r\|\m\)nEC\\0b\7p<wa\?\0Sc\r()\љN\\\@8ō\͜\s\=]\\p\?$S\\Z0|\\ׂ8.\"C\C\0\\\NoNQ\p\\8E\\0)\ӡDc8.\"C\C~USSS\t6\Rk&`˭M\\6\չjCU:\\\\\\\YAUV\;v\8W^}ڵkwA!N\C\2W^m\\\(]\V\2jժ/`Ν;\Ҿ}\\\\:t5k[\~۶mƳv\Z3o\<3zh\K/oĥ9zQw\)j]INQ\p\\8E\\\]b-`I6W\ä[hQm۶37n\\삾Ұe\3u\TӮ]V4i\\\dt,\)\\\\_\rwٞ\v\Z\\ҥQ,SPP`/_n6m\U\?2d;aÆ\\뜔aNNNvF0矦\\\niڴ\ДC\)-e\|\~ǡ\p\?\r\\\#\\FFy\\\\W\ZhTEE\\\\o\n۴iӧy\۾\S\&//o\/Z8E\\wpzSD\a\\\\)\0N\n\ȍ9\\OX\h	)mT]\ZOzzoK<3)\\_\q\\>c8.\"C\C{NtP\\9e\<\pSjjj2V0gذa\0\3rZ\%\\\\\C\3\F\ӧ\$nQ\r\\rC\5jRjgΜi*A-KKK\3Kt|x3{3%:Do:G\\k\)?0W\%I%\\MJ\ܹs\rb\"\֤\\_HNqWcz\8E\Ce\\\k\s\xg#4i|jB]TCeg\c\oKKK[vqNqwz\;\5\\p\?\-Le\\\I%Aq&TO6Oe\/& Q\:Do82\"C\C:\3-;S\\&[B\\TݺNw)\\\\-\\e\5X[K2`8E\\.[\i \_Q%\/l\޽hiُ֬K\Z\\C\E-\> ӌ\\\"a\\\\͝1bĈJ\nw\>5LC\ٝ SD\\_\\Oõ5\xg|ᇉ5\$\'\'gY*=(>}L->Z_tM\"Na\p\/Xy*3v	f\n\\}P2\\Yb\r6Qo]\\\SD\\_\\\>\\Y\\\/E\,P\\ZbQFzAq\q\CXםF*-f,q\{.Jk\)jIw	w\\\ʕ+cY\/\\\X6lح\\\"\\\\c\ƍ\/N\r\k\t\!vI0l\x\\n/^\\T@mz\!n\:s\y\ѣG\p~\޽͵\^붗-[f^{\ž\\g\?{\7:ur\={4\{\gжlv\QW?\Zy\g\-\\eo\;\"6v\\H@x\I\'s믿M\`>\\b9\c\2_|III)b\;\\/,KY𽽭Y\ݤ^E\\t\\?\|\GE\rȑ#\Yg\\<Lw@XWh~\\'b[nN-2z={vUgɨ?2	\\Sz\e!)o{\u\梋.r\\\\s[LS\7|+]ݺuݹUVuۃ\r\l)g7\|9\##駟@O֮];\\ZjyL\_}9\\L׮]\s\=gz\)s\\r73\8\ml\\\Si%}\AS\\Oڵk^z\\L8\uD԰뮱V%777b\>{o(_~es׻\o\t\\͙\^{><x\+\Ad\n\\Q\,p\	Nz]uj\oD\o\ԩS]V_~zꮃs\)\?<\5+)\6e\Au4]^=\\\%ΒM\\\ר\\\)!eg\Zt\\psxjӶL2\\Ұ\;\c~aSF\rHP\^q\\\p\,--\\\q~e\\޽9\]੠Tۗ^z)\\'q?\\\8\5ZKg͛7wYSO=՝̠tL\9svx-\\+Jw\0\u\xl\\\Z\\\Ovۏ=\]\裏vo\'Ol\\"C\\\\ǔ\\L߾}]\[Ͻ\whG\Z\.@e7RN;\4\Si?:\JV%}#NR\aX0L	q,\n+*##gLBmG\ܹs]o\\w\5\Z5rNS\zǲ;\sPk\ҥ3S\}=\B\\\^g\H*{\5HP~)\0\Z숾w\~\M6\\\TS\n\Pv\a&==\s\1n8NYG5\\kޗ\\n\U\֨Ajذ{nǎ#\W+\{ӱC9$?`\g\n멱\\\}FT\V\\0\U0ul\zaBw\0//\Ν;WzP=\^\Z!e=\\\XkBw	p!\[o\f5m\\In\\9@\r\<\UTq\\\n0hpB>hS}\\$(4=|,\\.3JBeZT\\@U^,\\'cMT6ҿScFV+6\j1\P:@:k֬YCs\\\\Zk\r5JzN4\/(vy\~0(Lf%l;4\A=\>\(Խ\\\80ޮ_\\\z￿\4t Q\\,d\r5O4\\ﾮ=qO>dQ\&z<8|\?P\r\\!\u\]\&0|\?쳈\\\G2*\?ꨣ\\\4A\N\u$\n.{\1MXC\CuX\T\ -C\~-?T\r=Ѿ|cǻ\\\o\\\m\1o\0n\,\נA>VT%\n\\\n\\'W={a<}q{^WA9\:u\a	9\"_P-x\Tc\n _x\z9\s\9\'23OA\\\ZR\y*\־/.(\0\nF5|,S/0!6\\\\v\\\EB\в\K\s#0^x\Sc̣2\\֐_t\Z\	&a>uFTm2ӾV}2:T)Y\X\L4\\n\\i\܌3\RY\g\n\"\ɪd\_P\ߊFm\\\\6m\\oٲ\?4\rFSԏS,ib2fjU/^_<\$be\n}VH\H\\Eu\Q\\־e#AԌ\+¥eW$(pڴi̯\nUk`P\r\Z\ꨨuɒ%!\b?\<Oﭞf9am߾ N23ږ\-j=n۶m\j\_xOS	\WƏ\to\Z\2X\^k#u!geeU\\4W~[=^P\^\\_\\\\Ί\\\\\n5M\Ԅ<npذaZ1ո(\P2êQ͋zɚA	S>6\r1\#<\\Az\jB|\rYf.\z*\\YP9eQt\\]֬t\\\PҚӶ\\tUm\LÂ\\}̑\\'YƢתI\W\\@\\@ːV\\\5s\\k\"9m\G2uҟF.ɷ\0u۾4\l)QQH\'}SSSp\nnҤ\8*\n^`RRR\)\\\j`t_\UO\(\\jB;\iY\V\G\$\}.F\ĥ\r\nZ\g<h{\\5Aa|\`([|\%\0|*)(\jVՐ\5\hk_\kG[tDqeq3M~_I	SZ41K\Zn\=O\\(˄\\\44mu<\\9/ռFd\Y2\/:[̝X70l\\%\ŵ\'ǳ\"m 󧆍m6N\mW*\\\\5\\\չ\F9i\]\<ŗԡKWj05]\\ē\n\JY,M\	\i}WzTp[\\!\_xˊ]<\,YBa>HSMh,\'\*[kVXۻY<p\-mC-##c[\1\"C\C{JJJJ5\\\\b궲	9d\'ت\r6\\;dȐͱ\n\1\"C\Ce%55>`S͟F+\s\8*C8*K\Jf\\oEy\j\828E\"\\CJj\kʔ\\ee\Q\K01\p\J^d\\e]vF5$\kq8E?bmqZ	G\\q-\tC\IFdmpSN.\\X̡\T젽B\q\CUR9FsnE-E\4K\\ꯂ@e53]~~f\'Ҡ`\^ș?v\\uڄ	qI0\\v\J{Qgv\\}\e[\\N%05N0\_|\-5\\:	\L9dknGY[=zoiֺY2\)\\\K\#978	e7M\N%S\)\(c\dFI\ݶ\'ׯ_\f\58E\"\\C\0S\)??\08E\"\\C\0S\)??\08E\"\\C\0g7\n\d\V?\0 L<yUp>!\\\S0\\0Ĕ\\\5q\\\r+W\'\رcXa\?\09GW\\W\n\w17\"C\KV\0\0\0\0\0\0\0\0\0\0\0\0\0\0\0\0\0\0\0\0\0\0\0\0\0\0\0\0\0\0\0\0\0\0\0\0\0\0\0\0\0\0\0\0\-\jo\)@\0\0\0\0IENDB`',1),('27508',1,'/Users/dengfengdecao/develop/tomcat7/webapps/lemon/WEB-INF/classes/bpmn2/publish.bpmn20.xml','27507','<?xml version=\"1.0\" encoding=\"UTF-8\"?>\r\n<definitions xmlns=\"http://www.omg.org/spec/BPMN/20100524/MODEL\" xmlns:xsi=\"http://www.w3.org/2001/XMLSchema-instance\" xmlns:activiti=\"http://activiti.org/bpmn\" xmlns:bpmndi=\"http://www.omg.org/spec/BPMN/20100524/DI\" xmlns:omgdc=\"http://www.omg.org/spec/DD/20100524/DC\" xmlns:omgdi=\"http://www.omg.org/spec/DD/20100524/DI\" typeLanguage=\"http://www.w3.org/2001/XMLSchema\" expressionLanguage=\"http://www.w3.org/1999/XPath\" targetNamespace=\"http://www.mossle.com\">\r\n  <process id=\"publish\" name=\"公文发布\" isExecutable=\"true\">\r\n    <documentation>公文发布</documentation>\r\n    <userTask id=\"taskuser-1\" name=\"发文\" activiti:assignee=\"常用语:流程发起人\" activiti:formKey=\"publish-request\"></userTask>\r\n    <userTask id=\"taskuser-2\" name=\"部门领导审批\" activiti:assignee=\"常用语:直接上级\" activiti:formKey=\"publish-manager\"></userTask>\r\n    <userTask id=\"taskuser-3\" name=\"会签\" activiti:formKey=\"publish-countersign\">\r\n    <humanPerformer>\r\n      <resourceAssignmentExpression>\r\n        <formalExpression>${countersignUser}</formalExpression>\r\n      </resourceAssignmentExpression>\r\n    </humanPerformer>\r\n    <multiInstanceLoopCharacteristics isSequential=\"false\" activiti:collection=\"${countersignUsers}\" activiti:elementVariable=\"countersignUser\">\r\n      <completionCondition>\r\n	    ${counterSignService.canComplete(\r\n			execution,\r\n			nrOfInstances,\r\n			nrOfActiveInstances,\r\n			nrOfCompletedInstances,\r\n			loopCounter)}\r\n	  </completionCondition>\r\n    </multiInstanceLoopCharacteristics>\r\n	</userTask>\r\n    <userTask id=\"taskuser-6\" name=\"归档\" activiti:assignee=\"常用语:流程发起人\" activiti:formKey=\"publish-finish\"></userTask>\r\n    <endEvent id=\"endnone-2\" name=\"endnone-2\"></endEvent>\r\n    <sequenceFlow id=\"transition-2\" name=\"\" sourceRef=\"taskuser-1\" targetRef=\"taskuser-2\"></sequenceFlow>\r\n    <sequenceFlow id=\"transition-14\" name=\"\" sourceRef=\"taskuser-6\" targetRef=\"endnone-2\"></sequenceFlow>\r\n    <sequenceFlow id=\"flow1\" name=\"\" sourceRef=\"taskuser-2\" targetRef=\"taskuser-3\"></sequenceFlow>\r\n    <sequenceFlow id=\"flow2\" name=\"\" sourceRef=\"taskuser-3\" targetRef=\"taskuser-6\"></sequenceFlow>\r\n    <startEvent id=\"startevent1\" name=\"Start\"></startEvent>\r\n    <sequenceFlow id=\"flow3\" name=\"\" sourceRef=\"startevent1\" targetRef=\"taskuser-1\"></sequenceFlow>\r\n  </process>\r\n  <bpmndi:BPMNDiagram id=\"BPMNDiagram_publish\">\r\n    <bpmndi:BPMNPlane bpmnElement=\"publish\" id=\"BPMNPlane_publish\">\r\n      <bpmndi:BPMNShape bpmnElement=\"taskuser-1\" id=\"BPMNShape_taskuser-1\">\r\n        <omgdc:Bounds height=\"80\" width=\"120\" x=\"109\" y=\"185\"></omgdc:Bounds>\r\n      </bpmndi:BPMNShape>\r\n      <bpmndi:BPMNShape bpmnElement=\"taskuser-2\" id=\"BPMNShape_taskuser-2\">\r\n        <omgdc:Bounds height=\"80\" width=\"120\" x=\"279\" y=\"185\"></omgdc:Bounds>\r\n      </bpmndi:BPMNShape>\r\n      <bpmndi:BPMNShape bpmnElement=\"taskuser-3\" id=\"BPMNShape_taskuser-3\">\r\n        <omgdc:Bounds height=\"80\" width=\"120\" x=\"470\" y=\"185\"></omgdc:Bounds>\r\n      </bpmndi:BPMNShape>\r\n      <bpmndi:BPMNShape bpmnElement=\"taskuser-6\" id=\"BPMNShape_taskuser-6\">\r\n        <omgdc:Bounds height=\"80\" width=\"120\" x=\"660\" y=\"185\"></omgdc:Bounds>\r\n      </bpmndi:BPMNShape>\r\n      <bpmndi:BPMNShape bpmnElement=\"endnone-2\" id=\"BPMNShape_endnone-2\">\r\n        <omgdc:Bounds height=\"40\" width=\"40\" x=\"830\" y=\"206\"></omgdc:Bounds>\r\n      </bpmndi:BPMNShape>\r\n      <bpmndi:BPMNShape bpmnElement=\"startevent1\" id=\"BPMNShape_startevent1\">\r\n        <omgdc:Bounds height=\"35\" width=\"35\" x=\"20\" y=\"207\"></omgdc:Bounds>\r\n      </bpmndi:BPMNShape>\r\n      <bpmndi:BPMNEdge bpmnElement=\"transition-2\" id=\"BPMNEdge_transition-2\">\r\n        <omgdi:waypoint x=\"229\" y=\"225\"></omgdi:waypoint>\r\n        <omgdi:waypoint x=\"279\" y=\"225\"></omgdi:waypoint>\r\n      </bpmndi:BPMNEdge>\r\n      <bpmndi:BPMNEdge bpmnElement=\"transition-14\" id=\"BPMNEdge_transition-14\">\r\n        <omgdi:waypoint x=\"780\" y=\"225\"></omgdi:waypoint>\r\n        <omgdi:waypoint x=\"830\" y=\"226\"></omgdi:waypoint>\r\n      </bpmndi:BPMNEdge>\r\n      <bpmndi:BPMNEdge bpmnElement=\"flow1\" id=\"BPMNEdge_flow1\">\r\n        <omgdi:waypoint x=\"399\" y=\"225\"></omgdi:waypoint>\r\n        <omgdi:waypoint x=\"470\" y=\"225\"></omgdi:waypoint>\r\n      </bpmndi:BPMNEdge>\r\n      <bpmndi:BPMNEdge bpmnElement=\"flow2\" id=\"BPMNEdge_flow2\">\r\n        <omgdi:waypoint x=\"590\" y=\"225\"></omgdi:waypoint>\r\n        <omgdi:waypoint x=\"660\" y=\"225\"></omgdi:waypoint>\r\n      </bpmndi:BPMNEdge>\r\n      <bpmndi:BPMNEdge bpmnElement=\"flow3\" id=\"BPMNEdge_flow3\">\r\n        <omgdi:waypoint x=\"55\" y=\"224\"></omgdi:waypoint>\r\n        <omgdi:waypoint x=\"109\" y=\"225\"></omgdi:waypoint>\r\n      </bpmndi:BPMNEdge>\r\n    </bpmndi:BPMNPlane>\r\n  </bpmndi:BPMNDiagram>\r\n</definitions>',0),('27509',1,'/Users/dengfengdecao/develop/tomcat7/webapps/lemon/WEB-INF/classes/bpmn2/publish.publish.png','27507','PNG\r\n\Z\n\0\0\0\rIHDR\0\0p\0\0\0\0\0w\\n\0\0lIDATx\\\	Wu7\7++;YY\\\\)[,[m\)!騤%\Q\"\\\,r9%ŢB$E*	\BJ(n\\\3w\e`@f~3^\|\~3\\=\\>\)\0\0\0\0\0\0\0\0\0\0\0\0\0\0\0\0\0\0\0\0\0\0\0\0\0\0\0\0\0\0\0\0\0\0\0\0\0\0\0\0\0\0\0\0\0\0\0\0\0\0\0\0\0\0\0\0\0\0\0\0\0\0\0\0\0\0\0\0\0\0\0\0\0\0\0\0\0\0\0\0\0\0\0\0\0\0\0\0\0\0\0\0\0\0\0\0\0\0\0\0\0\0\0\0\0\0\0\0\0\0\0\0\0\0\0\0\0\0\0\0\0\0\0\0\0\0\0\0\0\0\0\0\0\0\0\0\0\0\0\0\0\0\0\0\0\0\0\0\0\0\0\0\0\0\0\0\0\0\0\0\0\0\0\0\0\0\0\0\0\0\0\0\0\0\0\0\0\0\0\0\0\0\0\0\0\0\0\0\0\0\0\0\0\0\0\0\0\0\0\0\0\0\0\0\0\0\0\0\0\0\0\0\0\0\0\0\0\0\0\0\0\0\0\0\0\0\0\0\0\0\0\0\0\0\0\0\0\0\0\0\0\0\0\0\0\0\0\0\0\0\0\0\0\0\0\0\0\0\0\0\0\0\0\0\0\0\0\0\0\0\0\0\0\0\0\0\0\0\0\0\0\0\0\0\0\0\0\0\0\0\0\0\0\0\0\0\0\0\0\0\0\0\0\0\0\0\0\0\0\0\0\0\0\0\0\0\0\0\0\0\0\0\0\0\0\0\0\0\0\0\0\0\0\0\0\0\0\0\0\0\0\0\0\0\0\0\0\0\0\0\0\0\0\0\0\0\0\0\0\0\0\0\0\0\0\0\0\0\0\0\0\0\0\0\0\0\0\0\0\0\0\0\0\0\0\0\0\0\0\0\0\0\0\0\0\0\0\0\0\0\0\0\0\0\0\0\0\0\0\0\0\0\0\0\0\0\0\0\0\0\0\0\0\0\0\0\0\0\0\0\0\0\0\0\0\0\0\0\0\0\0\0\0\0\0\0\0\0\0\0\0\0\0\0\0\0\0\0\0\0\0\0\0\0\0\0\0\0\0\0\0\0\0\0\0\0\0\0\0\0\0\0\0\0\0\0\0\0\0\0\0\0\0\0\0\0\0\0\0\0\0\0\0\0\0\0\0\0\0\0\0\0\0\0\0\0\0\0\0\0\0\0\0\0\0\0\0\0\0\0\0\0\0\0\0\0\0\0\0\0\0\0\0\0\0\0\0\0\0\0\0\0\0\0\0\0\0\0\0\0\0\0\0\0\0\0\0\0\0\0\0\0\0\0\0\0\0\0\0\0\0\0\0\0\0\0\0\0\0\0\0\0\0\0\0\0\0\0\0\0\0\0\0\0\0\0\0\0\0\0\0\0\0\0\0\0\0\0\0\0\0\0\0\0\0\0\0\0\0\0\0\݊\\[n`\ُN62e\\5u\\bƌw\&JNe_ɾ\+>$\rr\̙ŲeˊGyDZ|yq\W\[6\}\Tɩ\+ٗ{%\Gd\\g\#SLNNʾ}Wr}D&h(}\&FNʾ}Wr}D\%k&}Ir\T\˽{\ƚ\{\(nsf`\qU\q>ir\T\˽{h&y\%\?.\\T>iF*9}%r\ZI.^pz\r.D3\$\Tɩ\+ٗ{%\*M\oM2_ӌ4I9Ur*J\^\=H?eLM2_ӌ4I9Ur*J\^\=hJS9գe_\^\\؜&+;u\$5\HS%d_\\C4\g\e\\4#MRNʾ}Wr-\$W,c\_P~._ӌ4I9Ur*J\^\=HL-\\kFIʩS\W/J\\7m\K\\\k&)JNe_ɾ\+h\\R,?]3\\=\Z&)ʛ\+ٗ{%\SMᇋ;n^̛|L\r|O\/MRN7s\W/J\l\\IʩS\W/J\E\\ٳ=^&)ʛ\+ٗ{%\MM6Ⱥ4\'MRN7s\W/J\\7p\ѯ_\ˏs\ZT\Cee)kqkʏ\ߖ\\\dT*9}%r\~\(ʡlXq~Ykۇ\]\\_7|\}}~zaƌ	N8\9z\\C]]N!C=\#Ww\qsO=\\F\ZIjr\T\˽!W9)U;uQu\\\\/\رc:\cikk{܊/\ke˖k׮-j+V(b\\\I\'T\ˁnqk\\\iJS%d_\\onme-\<\r\Z4(\jfY`z3\ʕ+V3˸q\\\ \E>|\G}\8\.\Z\6\\իYfFzl\СK</hJS%d_\\?Q90\:]\<\3\̙3#Flh;\=z\\Yg\/̙3(\tЅ}nm&IʩS\W/JrرC\\ëy퉚={vq衇v\\\-9C9d\UW]UlI\w_1a\\{{^|MRir\T\˽\\\\<\⡇ڢ3K\\4\-j\!.\۰a\\Zѭ\\{\ޖd5IeSrG+ٗ{%l@)\߹5\\t~ܼ[Ie95\E]p9\-\\i*9}%r\k\-K&CT6_\-\%9\m\ܹEw9\so0`\}\n&)JNe_ɾ\+br\\rƭ}\mCG\~9UN\\Z\\v\aݞ\iJS%d_\\7e\bV9\\'s\9\!\_J\V[\jkɒ%kpwI*MRNʾ}Wr\X:9y\-}͹I\7G_ܤ{ҤIEO~\\iJS%d_\ܷ/ܡUДKW]뷲\@3f\6&\[(ܲIjr\T\˽͓Ӭ7\\y{:ꨞ?\n7q\\qG\\\\>I*MRNʾ}Wr_\\ai\E+\\/܍=\\Kz\8\ge\\w\\:5IMRNʾ}Wr\r<xM}\w*6R\\\\\ؐիWso\_ѣG/\k{Ř={\E75\ƥD\\owMRS%d_\\o2וu\\\G\y;vl\JƏ\<ndC]\7\ޔKޑKr\&٨K7\K\$\Tɩ\+ٗ{%9]T_8jC\/vz\VX-\4y\\\\\\\\\pB`\E\\McWYj*9}%r\#˛l\7/hX>S}-5-\\wG~\[E_\{|A\$\Tɩ\+ٗ{%\\ut(]V6\\w^\\\\\ZCN$?Û\UV\&\W2ړo\\s\\{ｷ\\\.\r*=V˗/\k\۝{w2G\}o\o\$u\\_\N)?)\\i?\u{YuSrxUYW5i\\&/)kRY)s\:||ZY_q||xl._>nȲ\)kHo\\\\\\~_.~{?V~n\@x\\kuUf\m\>p\\]s\p\]\+MrѢE\\lذa\7\\\.v\mj-pW|c9\^.9]\\;\^{US\/\5u\Ԏ\mv*&MT-:\\o~sO}\(\\=S^xa\z_\+_J\\wɒ%\\\\Q#F(^\\o\|=\\O*\7Tw\u\*\'>`R\t\MrGo\:\#\\6hO;\\կ~uuSڿ\\m\V|-9\\y*?gz\z\3Y\Η\\\\^\\u\]\\\󟪯_w\u\5\\\S}._\{\\v\\\|/{\\\p\\\ה9إ|\nȀA+9)W\\3e0ˀA|>||LYǖ\O\@.^\\\/\\\.nW>nmy+\\\\\]*3{y\\9u\?ϋw\\=أ8餓\gyf\\>\\o\Ȯk̘1ų\\s\Y\>\nN7\f=\/?\DqꩧO{\ӊ\/\i\OZ򕯬v&U\\\o\1/}\Z\=\\g?Yk!\Ν[}\	\'P\=\)\>\u*WJn\\y\s\]\3b֬YŊ+3\8\y睫׼\5\FNcu\~\W\-o~f\_:&\!\\v\mW/\\r\\\o|c\\\/G\}\\e]V\zя~T\\MozS\y\Uߓy>\\>\1w\%/\؎\ڳ{\%G\\teOq+\.\M\ss\kM|(\W{t\/zJ\wS\\\Q4\\\\_\q]/}\K\\q\\\\Q_\W\R\\ÇWGr3\(\ⵯ}m}97\Y?\\\%g\w^mȐ!UF\a-up\\f\\\p3f\(>#kͣ?\O/Ww\]\\rp^zi5dv\^\m|\&ziӊ\mŻ\\\\o\8rwggH>h\w6d\ǳ$}<?\h6\P\rp\L\_Wtp\ͯ\}7\O~uv\ZftI9\_\\q\\P\[,s\w8aZ\\\nÆ\r_OܽInpV_m9\o}Z.;W\"\ߟF\m\\\\ǖP\i5%#n\\\\?\s\\1r\\\{\s\\\\Ӫe\k\\p~|\#\\jh\~ಁ.\lV\w\_Z}od\{\:u\Y\\p/{\˪Hc\S=zKԉ\'X<O6>3\\\\Y=\g.ߟ/=SN6~ӫ!#\\n=Z\\\0eYM\Y2gΜj5Q\\\eE\\'\C\jFwn|\o?n\*]1bĎ\\c=ywK.+V\r<\}u\ٰ\\ѣGSϳ\R\E\W\\\1\e!\\m\\Pr,C\{\\j)\\pyο%Ծ\[=\\,#Kv\7z\ш,˲Y\ʑvءce~\׽\uղ\\ȟ1ϳ\\\\M\'\\6\n2\\䣜\\[ѿ\/y?]gz]\ M&J\";Lrg~2e#6Gv\}\6s\hO\4e\W_]p,7P&\y\\\'|r~p\\\S\\s\Ļ};\nbGu\MYZ\SN9\\f}d\WRd/n\\=\j\M6\3\Dl\fCxܸq.b\"{E\?!Y˛m\\\\as\:\h\9>e\|\3ՐUp9\n\r\\չk\\X\W/\r\\?;\"G\<K&\.\\\\\Yz\8\\\ȃ>\JϮ\\"=9W\o]yS\XrG\}o\rD$>\Fꨜ]py\ʈ<4hPT\\\\0\2G\VX-ؔ{,\4r\\\=q\<fwo;i\<?+K\\\l\J~m6\nrQ\sy_Mr\\ip%?\\\J=\\Y^%3\W\\\'s\\\;z\\0s\ruz\톎vl\\\.\g\rK\\\|\\\bn]v\XBi]\Qo\q*:íyj\w~\rNGz\-\\n\Y\n\\wlpga=eGF\S<_>׼\I*C\\V\ݓV^?=Vp=:\:t\̙3E(\@r\$[\\Y\zVu\"\it9\n=;be9IdC\0\'\\\+gȪ4\\fX\೹\\~,yի^U\rsH\9˹o9?\"]r{\\\\>\2<O圼\ӧW\{e\ؠ\y	e\\\~֝m\d\\\ޢ\\\\ϛ\ܹ,L\\Q~6rN\V\mLnl\j*Yuy\\K\\@ޓ[A\=iȐ!:Wg\\w\o,7n\\h4\֮\\5/{$2\\r\\/N\\O\\E]\q#\\\7Ym\\\l\0\\NY\\\9r.\\'\\\ಗ4;rA\\rc\\$\(X^߸8GĲ\'6W\KO˯ϑ\A\P]y#\[o2j}ѝl\&\9Z\yD]<;8Q\9W\\0%\\կ~_\\:\\8\T\R\r\\\\'9\߉\'\w\\\b}\,ʎ<\rʋ/\"k\\\ң\\+YΩ7\pCu!\VWΧ~J\\}\!O5+;p-5TKٞlGy䣍\\{E*\\ƽ;RXd\dQ	M+G\r\\\\r4\|-Kɲ-,\%\\T\0Oon`d=G.\k\\0و\\;/kc\\}?\OS)x?\\Ɯ/o\|hYj\\\-5!\\uw\`XotZ4\\\\\>\9/\hO~կ\r\rGoʎ\\\\\\ш\9\rO\|_Bd\򦪾x-\\\\Y\P_-8;\(˹O\.W!΅|\\"&%8,\\z`\h߷y[\ T.9[np,*þzk\-[%VMr+G,|xS{n!]\$ݜf\:WYe,\\\\rC\劧]](eCy\𵱍jWK͟g9?wc\_\\>\F\ӣw_7\}\ރ4\=]m\\n\\\\y\0\7w=!;\G܉\"\0hР&Mzdkyk\\i\Ɓ*9}%r\+\7^\\NY\rD1-\\m]\\ֶ\3\X\y˲\m\ț&IʩS\W/J\\TS\_\\V}v(su\[o\\'{\\m2,\\y\$5I9Ur*J\^\{F7.\\m\\強\[\\\\\r/ְrNw\7o\K.0au\]\\&5IMRNʾ}WrՖR\kq[H\\~N\ۼ[:lL֟2\\\_y\e]}\m\\GX\\rJ{\\'\\Z6l\ʴܗoҭI*S\W/J\\<1\\\\\[%\yK-*g]{\\\\ۇK\_5\\7\;=s\O-R\$\Tɩ\+ٗ{%[j\\r\UN[j\\\h\m^\\$Nɩd_\\\\4dU7>}f\j GrN]&\\s\zͲI4IeSrG+ٗ{%ꔋ;]\r*Ǝ[\\r\%ł{\fYd-]pa1y\bE[[\cܖ\\&\$&)rGˈ\˽\(l\~\D\樛&hr\T\˽7\m_q#ۯTfsW{UoW\G\$\Tɩ\+ٗ{%=\v\0\~\9\\!\a-\\\L\2\mh*9}%r\4IIʩf.VZU̟?d>/r\4IIʩS\\ʕaU\\e_\܃&4I9Ur*8ٗ{%I*MRN7s\7ɾ\4IeSrG\d_\܃&4I9Ur*8ٗ{%I*MRN7sN|=\$Nɩm}Wr\$\Tɩ\\d_\܃&4I9Sp8|=\$5IS\7ɾ\+MRir\T\rp/J\AT\)8\+=Xߴi\4[Mr*9}\˽{\#f̘qǲe\4>XK,9l\ɩS\oZjU5\\\˽{\&M>_~=w\y\\ZK\ٻ9u\\[\\GNʾ}Wr}H)S\\v\%^_5H9S=Ze_\\\0\0\0\0\0\0\0\0\0\0\0\0\0\0\0\0\0\0\0\0\0\0\0\0\0\0\0\0\0\0l\m\\ɾ\0\0\0\0IENDB`',1),('27512',1,'/Users/dengfengdecao/develop/tomcat7/webapps/lemon/WEB-INF/classes/bpmn2/vacation.bpmn20.xml','27511','<definitions\r\n  xmlns=\'http://www.omg.org/spec/BPMN/20100524/MODEL\'\r\n  xmlns:xsi=\'http://www.w3.org/2001/XMLSchema-instance\'\r\n  xmlns:activiti=\'http://activiti.org/bpmn\'\r\n  xmlns:bpmndi=\'http://www.omg.org/spec/BPMN/20100524/DI\'\r\n  xmlns:omgdc=\'http://www.omg.org/spec/DD/20100524/DC\'\r\n  xmlns:omgdi=\'http://www.omg.org/spec/DD/20100524/DI\'\r\n  typeLanguage=\'http://www.w3.org/2001/XMLSchema\'\r\n  expressionLanguage=\'http://www.w3.org/1999/XPath\'\r\n  targetNamespace=\'http://www.mossle.com\'>\r\n<process id=\'vacation\' name=\'请假流程\' isExecutable=\'true\'>\r\n  <documentation>请假流程</documentation>\r\n  <startEvent id=\'vacation_1\' name=\'填写请假单\'/>\r\n  <sequenceFlow id=\'transition-1\' sourceRef=\'vacation_1\' targetRef=\'taskuser-1\'/>\r\n  <userTask id=\'taskuser-1\' name=\'填写请假单\' activiti:formKey=\'vacation-request\'>\r\n    <humanPerformer>\r\n      <resourceAssignmentExpression>\r\n        <formalExpression>常用语:流程发起人</formalExpression>\r\n      </resourceAssignmentExpression>\r\n    </humanPerformer>\r\n  </userTask>\r\n  <sequenceFlow id=\'transition-2\' sourceRef=\'taskuser-1\' targetRef=\'taskuser-2\'/>\r\n  <userTask id=\'taskuser-2\' name=\'部门领导审批\' activiti:formKey=\'vacation-department\'>\r\n    <humanPerformer>\r\n      <resourceAssignmentExpression>\r\n        <formalExpression>常用语:直接上级</formalExpression>\r\n      </resourceAssignmentExpression>\r\n    </humanPerformer>\r\n  </userTask>\r\n  <sequenceFlow id=\'transition-3\' sourceRef=\'taskuser-2\' targetRef=\'exclusive-1\'/>\r\n  <exclusiveGateway id=\'exclusive-1\' name=\'exclusive-1\'/>\r\n  <sequenceFlow id=\'transition-4\' name=\"同意\" sourceRef=\'exclusive-1\' targetRef=\'taskuser-3\'>\r\n    <conditionExpression xsi:type=\'tFormalExpression\'>${leaderComment==&apos;同意&apos;}</conditionExpression>\r\n  </sequenceFlow>\r\n  <sequenceFlow id=\'transition-9\' name=\"不同意\" sourceRef=\'exclusive-1\' targetRef=\'taskuser-5\'>\r\n    <conditionExpression xsi:type=\'tFormalExpression\'>${leaderComment==&apos;不同意&apos;}</conditionExpression>\r\n  </sequenceFlow>\r\n  <userTask id=\'taskuser-3\' name=\'人事审批\' activiti:formKey=\'vacation-hr\'>\r\n    <humanPerformer>\r\n      <resourceAssignmentExpression>\r\n        <formalExpression>7</formalExpression>\r\n      </resourceAssignmentExpression>\r\n    </humanPerformer>\r\n  </userTask>\r\n  <sequenceFlow id=\'transition-8\' sourceRef=\'taskuser-3\' targetRef=\'exclusive-2\'/>\r\n  <exclusiveGateway id=\'exclusive-2\' name=\'exclusive-2\'/>\r\n  <sequenceFlow id=\'transition-10\' name=\"不同意\" sourceRef=\'exclusive-2\' targetRef=\'taskuser-5\'>\r\n    <conditionExpression xsi:type=\'tFormalExpression\'>${hrComment==&apos;不同意&apos;}</conditionExpression>\r\n  </sequenceFlow>\r\n  <sequenceFlow id=\'transition-13\' name=\"同意\" sourceRef=\'exclusive-2\' targetRef=\'taskuser-6\'>\r\n    <conditionExpression xsi:type=\'tFormalExpression\'>${hrComment==&apos;同意&apos;}</conditionExpression>\r\n  </sequenceFlow>\r\n  <userTask id=\'taskuser-5\' name=\'调整申请\' activiti:formKey=\'vacation-modify\'>\r\n    <humanPerformer>\r\n      <resourceAssignmentExpression>\r\n        <formalExpression>常用语:流程发起人</formalExpression>\r\n      </resourceAssignmentExpression>\r\n    </humanPerformer>\r\n  </userTask>\r\n  <sequenceFlow id=\'transition-11\' sourceRef=\'taskuser-5\' targetRef=\'exclusive-3\'/>\r\n  <exclusiveGateway id=\'exclusive-3\' name=\'exclusive-3\'/>\r\n  <sequenceFlow id=\'transition-12\' name=\"重新申请\" sourceRef=\'exclusive-3\' targetRef=\'taskuser-2\'>\r\n    <conditionExpression xsi:type=\'tFormalExpression\'>${initiatorComment==&apos;重新申请&apos;}</conditionExpression>\r\n  </sequenceFlow>\r\n  <sequenceFlow id=\'transition-15\' name=\"撤销申请\" sourceRef=\'exclusive-3\' targetRef=\'endnone-2\'>\r\n    <conditionExpression xsi:type=\'tFormalExpression\'>${initiatorComment==&apos;撤销申请&apos;}</conditionExpression>\r\n  </sequenceFlow>\r\n  <userTask id=\'taskuser-6\' name=\'销假\' activiti:formKey=\'vacation-finish\'>\r\n    <humanPerformer>\r\n      <resourceAssignmentExpression>\r\n        <formalExpression>常用语:流程发起人</formalExpression>\r\n      </resourceAssignmentExpression>\r\n    </humanPerformer>\r\n  </userTask>\r\n  <sequenceFlow id=\'transition-14\' sourceRef=\'taskuser-6\' targetRef=\'endnone-2\'/>\r\n  <endEvent id=\'endnone-2\' name=\'结束\'/>\r\n</process>\r\n<bpmndi:BPMNDiagram id=\'BPMNDiagram_vacation\'>\r\n  <bpmndi:BPMNPlane bpmnElement=\'vacation\' id=\'BPMNPlane_vacation\'>\r\n    <bpmndi:BPMNShape bpmnElement=\'vacation_1\' id=\'BPMNShape_vacation_1\'>\r\n      <omgdc:Bounds height=\'35\' width=\'35\' x=\'29\' y=\'208\'/>\r\n    </bpmndi:BPMNShape>\r\n    <bpmndi:BPMNShape bpmnElement=\'taskuser-1\' id=\'BPMNShape_taskuser-1\'>\r\n      <omgdc:Bounds height=\'80\' width=\'120\' x=\'109\' y=\'185\'/>\r\n    </bpmndi:BPMNShape>\r\n    <bpmndi:BPMNShape bpmnElement=\'taskuser-2\' id=\'BPMNShape_taskuser-2\'>\r\n      <omgdc:Bounds height=\'80\' width=\'120\' x=\'279\' y=\'185\'/>\r\n    </bpmndi:BPMNShape>\r\n    <bpmndi:BPMNShape bpmnElement=\'exclusive-1\' id=\'BPMNShape_exclusive-1\'>\r\n      <omgdc:Bounds height=\'40\' width=\'40\' x=\'445\' y=\'205\'/>\r\n    </bpmndi:BPMNShape>\r\n    <bpmndi:BPMNShape bpmnElement=\'taskuser-3\' id=\'BPMNShape_taskuser-3\'>\r\n      <omgdc:Bounds height=\'80\' width=\'120\' x=\'531\' y=\'185\'/>\r\n    </bpmndi:BPMNShape>\r\n    <bpmndi:BPMNShape bpmnElement=\'exclusive-2\' id=\'BPMNShape_exclusive-2\'>\r\n      <omgdc:Bounds height=\'40\' width=\'40\' x=\'681\' y=\'205\'/>\r\n    </bpmndi:BPMNShape>\r\n    <bpmndi:BPMNShape bpmnElement=\'taskuser-5\' id=\'BPMNShape_taskuser-5\'>\r\n      <omgdc:Bounds height=\'80\' width=\'120\' x=\'531\' y=\'80\'/>\r\n    </bpmndi:BPMNShape>\r\n    <bpmndi:BPMNShape bpmnElement=\'exclusive-3\' id=\'BPMNShape_exclusive-3\'>\r\n      <omgdc:Bounds height=\'40\' width=\'40\' x=\'571\' y=\'12\'/>\r\n    </bpmndi:BPMNShape>\r\n    <bpmndi:BPMNShape bpmnElement=\'taskuser-6\' id=\'BPMNShape_taskuser-6\'>\r\n      <omgdc:Bounds height=\'80\' width=\'120\' x=\'764\' y=\'185\'/>\r\n    </bpmndi:BPMNShape>\r\n    <bpmndi:BPMNShape bpmnElement=\'endnone-2\' id=\'BPMNShape_endnone-2\'>\r\n      <omgdc:Bounds height=\'40\' width=\'40\' x=\'926\' y=\'205\'/>\r\n    </bpmndi:BPMNShape>\r\n    <bpmndi:BPMNEdge bpmnElement=\'transition-1\' id=\'BPMNShape_transition-1\'>\r\n      <omgdi:waypoint x=\'69\' y=\'227\'/>\r\n      <omgdi:waypoint x=\'109\' y=\'226\'/>\r\n    </bpmndi:BPMNEdge>\r\n    <bpmndi:BPMNEdge bpmnElement=\'transition-2\' id=\'BPMNShape_transition-2\'>\r\n      <omgdi:waypoint x=\'229\' y=\'225\'/>\r\n      <omgdi:waypoint x=\'279\' y=\'225\'/>\r\n    </bpmndi:BPMNEdge>\r\n    <bpmndi:BPMNEdge bpmnElement=\'transition-3\' id=\'BPMNShape_transition-3\'>\r\n      <omgdi:waypoint x=\'399\' y=\'225\'/>\r\n      <omgdi:waypoint x=\'445\' y=\'225\'/>\r\n    </bpmndi:BPMNEdge>\r\n    <bpmndi:BPMNEdge bpmnElement=\'transition-4\' id=\'BPMNShape_transition-4\'>\r\n      <omgdi:waypoint x=\'485\' y=\'225\'/>\r\n      <omgdi:waypoint x=\'531\' y=\'225\'/>\r\n	  <bpmndi:BPMNLabel>\r\n        <omgdc:Bounds height=\"11\" width=\"100\" x=\"505\" y=\"225\"></omgdc:Bounds>\r\n      </bpmndi:BPMNLabel>\r\n    </bpmndi:BPMNEdge>\r\n    <bpmndi:BPMNEdge bpmnElement=\'transition-9\' id=\'BPMNShape_transition-9\'>\r\n      <omgdi:waypoint x=\'464\' y=\'205\'/>\r\n      <omgdi:waypoint x=\'464\' y=\'120\'/>\r\n      <omgdi:waypoint x=\'531\' y=\'120\'/>\r\n	  <bpmndi:BPMNLabel>\r\n        <omgdc:Bounds height=\"11\" width=\"100\" x=\"464\" y=\"120\"></omgdc:Bounds>\r\n      </bpmndi:BPMNLabel>\r\n    </bpmndi:BPMNEdge>\r\n    <bpmndi:BPMNEdge bpmnElement=\'transition-8\' id=\'BPMNShape_transition-8\'>\r\n      <omgdi:waypoint x=\'651\' y=\'225\'/>\r\n      <omgdi:waypoint x=\'681\' y=\'225\'/>\r\n    </bpmndi:BPMNEdge>\r\n    <bpmndi:BPMNEdge bpmnElement=\'transition-10\' id=\'BPMNShape_transition-10\'>\r\n      <omgdi:waypoint x=\'700\' y=\'205\'/>\r\n      <omgdi:waypoint x=\'700\' y=\'120\'/>\r\n      <omgdi:waypoint x=\'651\' y=\'120\'/>\r\n	  <bpmndi:BPMNLabel>\r\n        <omgdc:Bounds height=\"11\" width=\"100\" x=\"700\" y=\"120\"></omgdc:Bounds>\r\n      </bpmndi:BPMNLabel>\r\n    </bpmndi:BPMNEdge>\r\n    <bpmndi:BPMNEdge bpmnElement=\'transition-13\' id=\'BPMNShape_transition-13\'>\r\n      <omgdi:waypoint x=\'721\' y=\'225\'/>\r\n      <omgdi:waypoint x=\'764\' y=\'225\'/>\r\n	  <bpmndi:BPMNLabel>\r\n        <omgdc:Bounds height=\"11\" width=\"100\" x=\"740\" y=\"225\"></omgdc:Bounds>\r\n      </bpmndi:BPMNLabel>\r\n    </bpmndi:BPMNEdge>\r\n    <bpmndi:BPMNEdge bpmnElement=\'transition-11\' id=\'BPMNShape_transition-11\'>\r\n      <omgdi:waypoint x=\'591\' y=\'80\'/>\r\n      <omgdi:waypoint x=\'591\' y=\'52\'/>\r\n    </bpmndi:BPMNEdge>\r\n    <bpmndi:BPMNEdge bpmnElement=\'transition-12\' id=\'BPMNShape_transition-12\'>\r\n      <omgdi:waypoint x=\'571\' y=\'32\'/>\r\n      <omgdi:waypoint x=\'338\' y=\'32\'/>\r\n      <omgdi:waypoint x=\'338\' y=\'185\'/>\r\n	  <bpmndi:BPMNLabel>\r\n        <omgdc:Bounds height=\"11\" width=\"100\" x=\"338\" y=\"32\"></omgdc:Bounds>\r\n      </bpmndi:BPMNLabel>\r\n    </bpmndi:BPMNEdge>\r\n    <bpmndi:BPMNEdge bpmnElement=\'transition-15\' id=\'BPMNShape_transition-15\'>\r\n      <omgdi:waypoint x=\'611\' y=\'32\'/>\r\n      <omgdi:waypoint x=\'945\' y=\'32\'/>\r\n      <omgdi:waypoint x=\'945\' y=\'205\'/>\r\n	  <bpmndi:BPMNLabel>\r\n        <omgdc:Bounds height=\"11\" width=\"100\" x=\"945\" y=\"32\"></omgdc:Bounds>\r\n      </bpmndi:BPMNLabel>\r\n    </bpmndi:BPMNEdge>\r\n    <bpmndi:BPMNEdge bpmnElement=\'transition-14\' id=\'BPMNShape_transition-14\'>\r\n      <omgdi:waypoint x=\'884\' y=\'225\'/>\r\n      <omgdi:waypoint x=\'926\' y=\'225\'/>\r\n    </bpmndi:BPMNEdge>\r\n  </bpmndi:BPMNPlane>\r\n</bpmndi:BPMNDiagram>\r\n</definitions>',0),('27513',1,'/Users/dengfengdecao/develop/tomcat7/webapps/lemon/WEB-INF/classes/bpmn2/vacation.vacation.png','27511','PNG\r\n\Z\n\0\0\0\rIHDR\0\0\\0\0\0\0\0\M\\\0\0D\IDATx\\	xT\q_k\Z\B]ZTM&7	QH Q(*↻\\n*\Ai\r\w\M0Y&\d\\>\yf\\\$9\ۮ\0\0\0\0\0\0\0\0\0\0\0\0\0\0\0\0\0\0\0\0\0\0\0\0\0\0\0\0\0\0\0\0\0\0\0\0\0\0\0\0\0\0\0\0\0\0\0\0\0\0\0\0\0\0\0\0\0\0\0\0\0\0\0\0\0\0\0\0\0\0\0\0\0\0\0\0\0\0\0\0\0\0\0\0\0\0\0-q\0\0\0\0\0\0@t0s\0\0\0\0\0\0 	-7Q\\0\0\0\0\0\0\0$Ͼh\RD4\0\0\0\0\0\0@\⹡\\0\0\0\0\0\0\09GD>k\0\0\0\0\0 \\sC☑h\0\0\0\0\0\0\YNi\\r\\0\0\0\0\0\0dx\؄[\0\0\0\0\0\0\s\<\0\0\0\0\0\0@\\Іa\\0\0\0\0\0\0\-5h\0\0\0\0\0\0\:jo\0Y\\Tsl,\0\0\0\0\0\0Y\';&\;\\\\Ɗ\~\r\0\0\0\0\0\0Y\'Ej\ ųo\gM4\0\0\0\0\0\0Dm21\\NvI\gM4\0\0\0\0\0\0V<wHA\'эϵE4ӹ\0\0\0\0\0 \imHD*\vD\0\0\0\0\0@\0\sc\k]\"z\&g\D\0\0\0\0\0@ֈ\D\\\{\0\0\0\0\0\0\0Z\&\\ϵE4k\0\0\0 7(((p\5\qNk\\.\y~ㅝ/wŮS\\moð1\\uMۮ=n\0\\0IyݣW8+*\o\?\?~>횘l/;\׵pو\;֗{F߉J\0\/N\[V\ǔcV\T\Jñku$zZi8ztTcp\~e\^\Cv쉲\Xd\ދ&=>\":=ͮ/G\'蘞\w-A\Ю\\rQ\tc\]@\04\~v#w\gy8zFY8ly\\H\\\{^\\\i7j-\]GR\\j\^\0\0м$\Ebj2ZaI5E\'UTTk\QV\Z\Z\ґ#-\?^KT^Ofu\Ek\CϵϺ\>\>X{<\\RbZ\\i-xbuE\Y\\\Zh\0\^?[pye\{N/\^\7Gb\&Gbf\Zwe\P&G`u\\be#!\\\0\0\\\J\$5\\\PMҔ\"\WY>\\ϓ\Ht@\ϵ}Y騪Suu<D\v\\D+ӒzWF$w\^֣g\_܄o	`\r\\\ߺnUl\TD4p\04ڣ2@Y$zf򙀮\we+b7jdOe՟53\\W6݉痆=UO5\0\\'6\ULK\\\Kԏz\zգ#\\\\zzzD;\^wıc\VN\I\sMWNuUEyej-%\\\}\\v\\Z\0תnݺmP^td\ZƊgқ\\\ZUu*\{z,\\~,\\7\0\\'\KJJ6\t #W\\f\&\\#\Tn{\%K\x\#~\K\v\侑\ez\\'?-\\\4­\\y<\%y\ӏ\0jhh!ܮ\"ڟF~6_\0@j\\]-5\<\D&_\vW[\Ct.\\Ԉtm\g4wu\ٌTk/\0\0h^ΒfXߪY\,]<6Į7ZWEcG\\8\ךT=H\\\T3{>\^\Z\rf	h#Yݙܭ+|C\0u\d\"\9U\>\3\0@3)\\\f\\Sv[=0uϽ\\na;lk\b/V/P\X\\\Tk/\0\0h\!\n\M\~\cWo\\-vo\\^\\\\Nّx{mv\	\H\\ZQz\\I;zu\n3z<K\t$εvG\\\0 )\Z=K\\LDw{X\0\r׷V{oѕ\'bL\^\\}ddl_{FT=ۯZ\\\}^nR\0\08_K\gYBD]\Ltd\\&toкel\\+}oo\\\Z\\Hv\]><%\\\e&\\#\K|\\\04JD\'n,(#\5sܪ\n\0\7n\H쯞h\\A8~yye\\\x\'\vǢz\\<,a\V\fTS\0\0t\=\\{/\z{d>T_{\\\#\#Bo8\\#\\+\~ks\n/\WƓ\ZS+՝7\\\\\5|;\0tnPۥ~k\?\\O\0@ګ\?\$\rPh\\~?ZJS%\\=4O8\'-\];YǫoU5Y;sR{\0@3	B\KJJ\Z.Fҽkױd\\DtsI6=\0\0Zm\'\0\0ė\\\m\'\0ѭ$\\0 T/\0\0 W;w\\ZO\0d͝vʹm\0֯.,,\r\0\0f_-\0\:\2\0b\0@b\q\\0YEӰ\r\0\k\^\\	\0`&Eyyy;\	ч0;\0b\0@B@VҡZw\g\0\^\\0ph<\5ʹm\0\0\$ٮx D4\\0\j/f\08\\XX;\0\=\0Ц\\yyy;\	\0`&-\\'\0\vۭ=\U\0@[\^\\0pWaa\^x \'\}\9\\o\~}\0\f\\0@0\\'\0P(t\f\8@\0]\\x\0 I]+\0Y/x9x\0\j/\\0\qޱ$/\0\\b\0\7\l\"\0\69\{\	\0`&,O\0duOL\(4k\0\$\'|\0 I|\8\\0Y\k>f6\0H{^f\0@\\\0Y㓒\j\0\0\\\\0\0]\\n@<]\\3k\0\,7|\0 X[XXx\0\\\"mb}\\0ҏ\8\\0\0,_3;O\0\L̻x\0M0\\\0\0\_),,<O\0 \01FQQ\x\0 \˖\\\0h\0\0HKgן\0@0KG\	\04\0\0>\?\0\bz%\0\Z\0\0Ғ_\\<\0\$>\\<\0\a\0p!??X<\0\a\0pnv<\0@@\0@Z0\\0\08Ou\D<\0\\\fG\	\0`&x~~\0\Z\0\0Ғ_t\h<\0\$$~\0@@\0@Z0\0\SO\0h\0\0HKa\qx\0 IP(<\0\a6p\0*&\'O\0 \0 -y\r\\\0ğ5}\Z\0@@\0@Zpܬ=\0\0f\\t<\0\a6p\0p\n:\	\04\0\0%W\'\0\0ğ4;O\0 \0 -yy\qN\\0\0$\n=nIl<\\\fϞs4\ZuL\&\cUU;}̊i\\0;\0\08?fw<\3\%K?%t\Rwڴi11}\02\8N<\0@B\#\\\h\\")SM+\\\0 xoI<O@iۈ\\5\?\\ \4w@\0p?\xrEhff\4\0ȴڋ;\0\0\Y/߾\"\9\\U\z\:HE@\0(\n\0@fx\uۊ\\\\rr_\5L\B\r\0B\D(:O\0\0\q\$^\'\0]}ੵĳo/PE@\0\"\n\0@f 붷\7\)B\r\0B\h(:O\0\03\\8N<\m:\C\"\0R&qz\0&qf%x\h4\0@\\-D\0-\4\0O\0nӮ\u	hPE@\0P{=l\\0\0$\n\\8NW<\\\\z\0h,\B\0 \fv\0tݶl\\\=}ێ\=*\Z\0 ڋ[\0P(O\q.\\>z\޵!R\\0\0-D\0LAAĻ\	@@\c+W\8f\\\vL\!T\\0\0)\^.\\0\0\\hK\= ۊ\\fF\\\tb\r\0\\\\\x\0 D,\^{\y\1\\W\)}\9:\h4\0@#jMDw\0\0L\f ?\\h4\Z\0x+\n\'\0\0\GZ/\5fԹ\h+\Z\0.\n\n\n\4\0O\0\037+\5U<pE@\0\E(\qx\0 IfK\} 14\0@\SPPp\Ex\0 I&~x\\Z\0	Bt\b<\0\$~%x\\Z\0)((cv	\0\0 &\'\0!\0ZF[\O\0\0XO\0\ZC@\0\Zev)\0\0 &BW\	@@ch\0\\ꮰ\_\0@\0)((\l\04\0HK\Ui\O\0\0\q	BW\	@@ch\0\\\V\	\0\0RPP0جO\0\ZC@\0\ZnV\'\0\0\i\Z7\04\0h}B\͎\\\0\0\͆\	@@ch\0\^7\\0\0L\W]\'\0!\0ZP(t\8\0@0\0K\C 14\0@\SPPp\\x\0 Ir%r<h\r\0\\\\\\'\0\0H(̒0<ن\)f\!\\rY|4\n\뵄O\0\0Sd\nx@qe\\ƏB@#kgf?1\0\i6q\\0\0ĄE\	\V`H#sK@\ξ1\0\\Z\FO\0\0e&G\	\]3\"(й!5ASkg4\0ATa6O\0\036\+:qDZ\n:و3\Z\0ڰ\Z,\'\0\0\8LD\\\q\\/v\a\$\;\oyr\\V=\|Mt୵sB\\U\\j\0\0R\9\\QQnYe\ڲp\4\SY(Ğ)Nmv\s\\:,;,\Yet\Y\Ȫ3\\"+^:o\~}\zȐ!\\7\\=\\\o[\\̙\N4\\֭{\	\'쳏r\Ν;SN\\/\\\w,Y\]o܏?8\\p\5׸\]w|ԨQ\#\s\9\\\\{/\p\\\b\ @\B\X<P\	\0\0bB%[D\uޫLdm\\~u\)<\\F\q\Ǟ\~vdUv/UQ_<2\\0+/\^)G\\p\z\Az^6bm(\\>,_|Ew뭷vǍ\n\&n$q\	\|\\e]\ɓ\'\\w/\O@\\\\\Jw\u\uO<D\ۺf\>駟Dl\nk\}ox饗\\\\6l{\W}uO:\$w\\\\]`A`6s\Y\09V{]e\:<\0@,_lx\"\%%%}e+\'ݱ\f[=a\r\[1~Gp|+B\2~\\\ZG_Ͳv~vm\-8^|\'o\\󄳄\'|\\\N\Ȱ\?\\\w\\]gu܇~ص\\=zt\gJx\n׮]j	\\\B﵎\ĿA#̋-rG\\\^\6\l\n\\\?<\nc\\\0\0R\\\≜޿\ԩ\fzQ++o3Y:\T+\\3zڮ*UtWo)\%U\\\i\ZϪL4+\\\vi8E@k\\\\'콖r{\\w\q\h/\c\[l\\}y#\\Z\\\_\(g}\	t	\_~\{㾀c=\}\\\s\=׳:\\q\k^\q\\	Fgm\0M,\\0\0\xWK\㉜\)**ڢtd+\/QFʇOުwe;6G\E2vVy$zI\xG;=\MĞ\4Q\5yeB}ie|hٱW3\*%h\n\V5SNq_o7\\\x<\\\\\m\\C=\\\zkM\;wn\x\\\\7\[n\	h=굎ZC8v7\h#oZ\\{굆]y\\oXM+^\o׍x\0 \fw\ܢs\\_Ox\۴\Qk!b:\k!{\\\";vҊ\ޕCc#\\x\ښN,\r][Q:uӨo~\=*?~|\Zim6&]ZZꭕ\\27y\"{\5\\}\DL\\DL\p\[\sM\\~WnX뫵XpWl\e&\	\0`&-߅\'r\\\R\u)Oު<xV\ކDw+\\ڱ)\Z\7$\y\Z	\gi$\\6\\\\rnc\'nZ!.uk\r6\\\#<\[Ӭ˾w\\4n\\b\3\Xc\n\\o\\=\k\\kO&{O@k:p˴x԰\_7\	\0`&.Vݍ\'rN@/\~{\Rjgs5ZS\\7\:Vp\\njg`\3\с\ѽWo\\X>*Gt\ZS5={\\r7t\\.#p;u괖v\in4\ZY׬|\\:\3\<\}\\\n\;W\zm\\\Y;Q@K\YW]uA\СC=;\\+\0\>ӷ\	\0`f\\\9/4\\b\\Ey\ʇGwֆEIӵ4}\{T:2o;\]\ί\\N\4\ޕutjv{S5\{w+)\\\\jŊ\ҥK\C9\}\G\ٳg{\[ow\y\;/\}\%L\m\<\_\MO\\\\h\\0R\\s\x\0 I\\nD\	\O\jv\\\T\"D\̙3{?k/67Ͻ\\\6۬A\y\nh\\yĈ5kZϟz\)oC.\0M@\nx.k$\0\0faVh\0ȹ\#=D\\\7N|-\\\XSl\ʕ\gisC\J\\\=\\\ŋg߲D@\0Y\^&\x\0 X/D\9}{\\h,4\n]WO\\0\0fa2{O\\u\\	4x\8N\\x\0 XϳD>O䜀~˾?\	4x\^\-o\\0\0\\\9\'ߴ\}<F@\0\\b\\	\0\0b	+\\9\'\\w\'<F@\0\f6O\0\0\qζ\\q<s\'\h\\0\^{uO\0\00;\\I<s\\\y\'\h\\0\\݁\'\0\0\8gXaȹ\{}\G\	4xb|\_w\	\0`f=\'r\{!??X<F@\0.1\'\0\0H(:͒x\"pgىx&^ \Wg\{\0@0&\'ቜ\cf\'\	4xbuW\'{\0@\0	B$ȹ\y+\O\h4\n\0\\\\\~<\0@O$>O䜀\x&^ \1]h\0\0\0f?٬\nO\\6\h4\n\0\\1,\\0\0$??\Z_\'rN@?{\	4x\t\\a<\0@%x\"\:\\\\'\h\\0\^{\[L\0\0 \'\)x\"\\ZM@\c<\5\0\0 &$>O\\\\\	4x\^\BG\0@0c\f≜\\.x&^ \1w-\\0\0\q-\'r׬@@#W\0H{\uv(zO\0\00;\l6ȹ\}Y	@@#W\0H{L\\0@\0	B[O\\\\}مx&^ 8s\_O\	\0`f\95\\'\h\\0\ӧ=\'\0\0H(:Ēx\"\:\[\\\'\h\\0\Kaa\\,\0\0L\Y\'rN@G\{\\'\h\\0ҋ\8,\'\	\0\0bEٟ,\\9\y\OkF\kߛxLӓ\0@\0)**:x\"\-\\M>}ђ%KYh.|\\\+\0dXLZPP<\0\0f%x\"\aV_\'ڵ\bgM:\_~\w\\yx\\<\\02S,\	\0\0%x\"\P+\\՘\\8eʔ9\5X\M\\\\ W\O*((\	\0`&\[O\\~\W\	\0\\0\K~~-cx\0 XQ	\wD\\\\w5\0 ^ \1}\^S\0@\0),,%Dnb\\E9\0 ^ \\\`1=\rO\0\00\\x\"\4-O\0\0^,\k\0\0 yyy{ZO\\\A>@\	\0\\0\K~~V{\'\0\0%=\>\9W_[\\	\0\\0ҋ\\V{\'\0\0H^^\n\?9W<@@\c(f\	\0\0RTT%\D\uޥV\\0\+\04\'\0\0H^^\Ζ\?\9W\=\'\0W\0H{Ln12\0\0 \\\;ZO\\\\\ݾ[\0\n\0\\\09x\0 8%\x\"\:\nfc\0\n\0\%\nb1*\0\0 :u\Βx\"\\n\\\0\+\0=6{\rO\0\0\q$O\\\\]b6O\0\0^BП,\\	\0\0%ex\"\\nNf\	\0\\0ҋ\8ZL\'\0\0Qi\6`TַB\0\n\0\%\n\zO\0\0\0\q\nH@+㩬/\Cf\	\0\\0\^\bz>\0\0N1V\(%PNi\0@@	B~O\0\0K*\C9\n\0 ^ 8{\\0@\nYID<3\fO\	\0\\0\K(\\b]<\0 \\dqx&g\n\͞\\0\+\0\\\\YL\'\0\0W\H\SH\P}e\0 ^ B-?\0\0\\F\㑜*\O\y<@@z),,\\b_x\0 B,\'r ?ɾ(\0 ^ X<\a\0\0 yyyF@\^A~u\S\0\n\0饰pw\4\n\u\\\'̞=\h4\N2UUUӧOʬv\ZL\n\i\\\i\r<_\"މWb#FӋ\f\CP1cd\~Ė.]\N6\?ϣb\@\G[\\"N\(F],?F$M?L2\m\)F;\|\n\%z%\x\'^QMNf遡Qh\\r	#{͒\Sv\ZP\_W\"މw\ň\R\\\\\\(\d\IХb\@\BJ\;N1^\\\bz`h\$Ϳ\\.\3=\1\rIv\NOQQ\VAD\\+1\SNۙZ,	XН\ g.[\tL\lHSv\<sgN\(F}z\K遡Œ\gZ+$ \6 \\:w蕈w\x%F1b4t\\yk\_\C%\7֙Ɇ$H;\h\.\kJ\;N1\\bz=0X?\$H6$A\)F;mv罧u\\+\\;Jb\hz)))\2\n- \NS\f\'J\;N1ںXN4s9\\\$\JzdCb\f\;[g9N\(F>\\\t(\HMN\\Ug\{$ \6 \:\EJ\;N1==}\\#Cಅo;H6$A\)F;mvAu\K蕈w\x%F1b4m\I\8g\C\W\]+	\$H;\h-R(N\(FWD\'[=\gh~\\\}\1kOczdCb\f俶N\J\;N1\Q\Y-W,_\73R\:sH8$A\)Fgݬ|s\W\+\\;Jb\h08\\2Ip\Jw\1\\W֙\0}\9:+$A\)Fg\\|븿W\"މw\ňѴ\n\\>w&%rE$H;\h-^ohJ\;N1^,6\ghrl̕\(|HS\:\|=\W\"މw\ň\֣h\~P\vM\6HĪG3{o=qX\\3CI	\7Iv\YLu\z_\"މw\ňіÄ6&{\\|\sR+\+\\[`$A\)F;m5N1[n6#qA\(F6\\r*L~h\V\TRR%*B#	\N1\i\\~,w\x%F1bF\\:urz\'p,X\.Y\駟\\\˗\;ydw\С\IR-G}ݐ!C^4h\\=z***qFn\~\߿kvޭ\:v\{1 \o\8\9F\(Fփ6\\ڢO>\\ߺj\*wƌ\e]LH\\\\믿[\\\\	g\\o\e˖\w\\\ovu	\\\ge\l$A \	\Z(sn%N\(F6Ǚ(r\\\<\\ٳ\^z\\o\\m\9l+b^׮]0a\'S\0s\Lw\\\cE]t&I#	\N1\i\\r\99M\\+1M\\'\q\ƹ\ےH\s\=EGY!\r\Z\\/Q`Cɘ3gkz\%\\D6\F$	\N1\iZ9%őT\\'\1\x%Fꓫm\Z-\\њ\k~3\\Zqc/ҟ^}\u\_w\ѫJJJ\U Fb\&\s+\1=#މWb#F\\"qͳĳlM\N\O\lB`\sϞ=\\\\?\0TO$	\N1\iF\-\;F\(u}v\NN\\#\\F=]К\\\>O>\J\>M$	\N1\i\\D\\#މWb|)ӉҚ\\\Oы3[i\y\\x\\\§C7I$H;\hi)\[j:g֏D\\;Jb\hc0Z\vKo\\b	\"\"0`\0,ݔ~\nz1 \C@\Q<\:f]S\eFE\;N1\\lc/Zu礶D\Ŵ\r}\@\\YjݶSe\?~N\"	\1\i[\\;\\\\\\u\\֊h\x\'^Qm\r`O>-r\\r\gz\s{\6s\\r7ܰP Fb\vɧmv.\\bܷ\	\g\\ZK\x\'^Qm\|_\b17\\\	u^EEŖ\\ſ,[͜p\\%%~ĵ\$A \(u\Ɋ\d\ߑ\[cI\\+1QTTi$Tu/涘UVqo\\\2ҁcƌ:hР6wX\\ߵ/*31I$H;\hMk\R(\-\k\w,\\x%F\\\ME\\_\fÆ\rK\\= #;\!C2q\\6w\ȑ#gf\4\{M/\( I0b\N\.X7TZ\'<Ec\\+1eWܘvh\o\\\\ɓqߗA\m\ٳg\3\'\3-	&ؤdWsH$A\)F;mZlƴ̺uX74xǲ^@\(]vh\\\/X {ｗ8=7#=zZdI;k\ŋt\\N5Ws!I$H;\hMkM,\\+\\mF1\ܿxǲE@\(]zvh?gLd\Ҍ,2b\r!Gezx5G\\"H$A\)F;mZldEysT\X\\nh\ŲK@\'CיkkB\2\0\Dg\29	~\7\w\}\⟫\\g\'{oŊ)V\\\?\\ \Lku^}_~e\})u\\v\9\fvc\&\zxsQ>s\/%\\Zs\ʕ+\c\o\xm\X\U\\\>9\x\t\Wo\B-2%	t;t\\<geee\\{\]\?w\zaC\\\s{\u\y\G\Z\1\{˴VA\\\\n\^}\\g\Y$\_\5\_\\\\̙3\/\7Zp1\TEE\+\\_\=\q\5mAVUUU#w\eWW;\K\2]\\k\^x\\Z){\\'s~\\\\sϭ{.\\\N0\.\2w-pǏ\q(\g\\\w\\^;\\ |#Ѝl\\Z\ŷ9#Z\lhGb=J#g\+k[Y8\\y$z\+Ď-\GxV\g\nWk\/5d\]%\z5֫W/\\\=&\yA\\xM5V\rtk\jiAц\{Ͽ\+\;\o\F^M\ZpMnݘ\\dǌ,3e\rҥK\5е;Z\2f\OP\>nJf<\\k%/VuVJz\%0\t\\\\<}\K/\Zm)׷o_N>W\\\m>s{\\z衮.ʜu\Y\g\^|\\=\\	\'}\G}\\zo{\1\x\O>dN\}`p۩vt] m\nyy{\)\z\\SNڬ.\aw\w\Ȑ!Cj쪫~\/~%\?g}\'\uqHjz>o\<\\\]9\\\\o\r\-6\x\5\M6\\ku\l\]\Yl{\]w{챇\\s\!\.\)Ey\^\g7J^{ye쬊\i:<{<=S\^n\]/\\y\>\erԐ\[^H\0GY>}\T1(\&\jϡ\\cl\m\\r+sw\rb64+dbo\s\Ջ\h\\O>w!˯\RЭ\ZYF\\	}	U\\=#Y&>Ϯ#Ɉ$8m\4\\n\>\\>\CVQ\_\կ~\=/))\UTS\\fy$QX<\B\F5z8r\H/Yn\6n\=?\kF\rK\v\\^rT$&GJPw\ynǎ\:\ \"\Nձ;ֽ\{)[\r\H@_z\^;\}ݽ4\\_mȿRhK.\j[o\s\\Dsnݼ:n\'\\|Hv\a\r=}t\[c:F\tqG\ow\[o=\o:\\*\'M\搀]6c[\$\\7<-ZQ>\\t+\'aX+\\\\b\&Lnte\Cn\o]牙\/5\\\(M3HGq{\!xߧZ\~6\o	hⵙZ;F\'\w\xielКɡ~77z|\my\Y\\noEjnf\f@+2\>\樛2\0\\nlF%G}\=\ݝv\\KV\Z]\on2i7g\wPb#\\72I {\\k\Myt\Ap_\ʡ%?D\MWV%TZ\\n\,+++\P\5\Ow\\\\@\'\n\ѣG{\2\\4={l\sN<D[nD:iԾV\\\\7\^x;W.\ߩLk]%O,)*uѩw\\5#\*\YdnTl\HRC]Ea\\p_Y\*+\\7\@\\\/\kH4Y^)+\\/Ï\\2ߘ\\\~1eA~+\к`\"K.޹z\kt\\74\B\\\\Ӿx1\M\ տ*~\\4+\9s\\\#\"[?r\1Y[AzDK[ӳg\\\FM\\\芊\nO\SmKhZFU\\D\\E]\M\F\y\w֬Y\M7\TcT	䭶\ʽ˽i=Jz\kG@jT\\ZA\tTd\Q\=\T\Ν;{\\W\1Zk5ETmJEr\0\\\Z>Sk5;\\\~^u\Qޅ\\\#\\\iMvM,\ig?)\\%\\~؞\"{\Yj𚢼2Za\)M4;jL#h\}\7\\`3f\rL\=\\?Lɠ\o\=\5c5[\@kV.Z+\\\\\Щֈ贈\|	:0\r&\z8#h\]tE\\\K\Aߔl0iMd:^[@k֬\6M\\`k\$|\\U{Qk\Oǟ\i\~r\\(Y\Y\N:yhn\ݽi<Jz\kG@J\jz\3\<Sc\DhJ\~\)	hMTi\rږ.H@v\i^\h[nڰ\>&\_i\\;^gue#Xz)~\y\nX\\5\\b<բ\}g\+]*{W\\kWG\'VƆ\.ʭ$\ZBUˌ/=\Ou?\\wG\\"ˠ\o\=k\5c5\\HV`\tZeIֈ\\\'//omХz^oKȪU\\\\_|a\euh3bԨQXGv;¤yS\ZW\%%.)\Z\h]Kf\AQ3i\ZK@+1Sm/e\\k9.\\ZGsV(\\\?In\Z\Uqv\\\\\z_ӻ\\\">\\k\ZS\oz\'\\\ې\\"_(\:.]\{Z\\\\/s\np\n(UFjO\\\.\&+\;0\EyDw+\\ڱ)\Z\7%\y+\L۳4\\{s|p\\7-ǋ,u#<\N)\䟣m\fU\ӣ^\7\\2\ښ\rZ˳TIkbPߙf~iL{H@Z#\"\6\n=\Z˞	h\QƯ0`ӯ_\bo\\\¯3\nC*7\x\'rӨ\ZĊ@Ij\	Jh\L\_\Y<%\nh\^*Zk=t\P\4b\\\\\wj\'\xih60M\-5=˟\h]\pV\5U\\w\\\*fQ34L\Z\VE\\Q+\\Feb\B\[]V{\nh\\Z\\W\\\\6v\\"\C;$)Sk\\ZVU\޺IT\[EEź*ҵ\Wx*\+*\ohE4_\Z\\z\\Q?Q@w\jJ]Ӆ\?\5k?xM3h\ /\\\WOt^\\7K\=\\5c5\M9\X\۟\'\L_2]_N\\r	\\\\\e\\=z,\O7Lo\"\B*\n\zjW\\h\\4V	Qhs...S@\V*4MOS\R<ڰ7M\\zL<\\_$\\{4\v\-芵v\O@\jFiDI\nh\ym阺-fX\\'xk,%*\uHՉK\o\=iuKN]a\k\@\߯\\E:}\)M\\ϯ6\;\\i->=t\TouS\{?\&Q><sy8v[Bt,D^G\'\\\uױt\\yPj*i\\}#\M@Kj=.\\\,H}Fw\uך\5\%ʔK_V\K?Y\Y\\"\kFwQQ\\~LK(kw*5\":}h\\N\}<\\wdJ\<lE^^\\\\nݺ墋.Z4]Xa\\A)T\kcī\-֢\j#`\\n\J\$築\(ď?\S^Ҽ\\­ϓ\\(9\3j~_@e\\\\	h-!\\FjO\\'\}뛦zJ@kJE6\h\'\g}歫WT|hZyPWj\#x\4CSŵ\\B\z\\\i:;\U֘nUdjq:Th\'\&v\ic\\U##Q%\\\	ZfY\TMfi\Y˾\-mV,\\"VsjDt\b\P_^Sm4\}S`\\ȑ#L\T\/\[M\\\\?$ز\\]}Ws2SrE\ Zwi*<lW\DFu\I$\ij~҈چ\f\vMŒ}ұe˖չQk\C\\\߭\\\c[~\_\\'\\ӽ+\tK\-]\\)ZC8\q+\A\,w\5GtmS}\\Ęmjn]4ib3_7Mߟ8d\\v\t\jM\'Y19\@\m\\$!1\i\\im2mx\r4މWb\r\(tqxtߗ\J\\\m:u\\\F\P Fb\&թHɆa\;\N\h@\ݐnКj\<.\u\][zͳmg\\3I$H;\hmB\:sb\6N\(F6\\o&\\\\\\oj\v]#\&v\\ܟ|\\\ުJmkðy&	i\40Eaf+\\\%\\\;Jb\hSPM\~8ZkWZ\\\Z,\Do&\CPO\_^w\uo\_JiDz\\KF=G\\1A\m$HbӌCuݡ\x&މw\ň\\h\~sŭv\\T떚]^^s-fV\Z\ڥ[n\6lV<\\O?$\)˖-\3o\ȑ3{\9\qo4^_I#	\N1\iFrn\6N\(F\T\4\CDwKX,45\-5ρ\\飪\\a\l\\e\^7\&	b$A\)F;McQ\\x\'މWb#F[\ݹ?-z;u\\^\ĉ{x\V@\\D\{\=w\\\a\\\\\_祁\mH\Zf\\x\'މWb#F[\n\rj\4\n-O\"b+4К\@$	\N1\i5nUN\(FQHoi\"z@N\?*Zwa\\$!1\i\6N\(F\"&w\\ؾXz#1\{aIC@cS \1\Q 	bhO\)\/a\;1\n@\HS\)\0N1\0$A$H;\謁xǈwb#FHIv\Nxǈwb#FHIv\Nxǈw FQ\0 	i\wxb#FH\Z\@b\(\0IC@cS_w F1b$iS_\".w F1b$i5\\;1\n@\HS\\Zwx\'F1b$i\wx\'FQb$H 	\N1\)\\(1JISv\n\;F1\0\%\Z,׾$#\\@b\(@0}EK,!ad-\\aKo\N1\)\\(F\0X쬩S\/đ=W\0>1;v\Nxǈw F1b@\8eʔ9uX\M\\\ٖ\0iS_w F1b\0\0\0\0\0\0\0\0\0\0\0\0\0\0\0\0\0\0\0\0\0\0\0\0\0\0\0\0\0\0\0\0\0\0\0\0\0\0\0\0\0\0\0\0\0\0\0\0\0\0\0\0\0\0\0\0\0\0\0\0\0\0\0\0\0\0\0\02z\\R\0\0\0\0IENDB`',1),('3',1,'D:\\OpenSource\\LemonOA\\lemon-master\\webapp\\WEB-INF\\classes\\bpmn2\\permission.permission.png','1','PNG\r\n\Z\n\0\0\0\rIHDR\0\0\0\0\0s\0\0\0\}x\0\0\IDATx\\\rle\ZǛ\Z5ѨQ\!ƘѨ4\\95ZVJѪbJ4 \j\WP\΂>(\\b PZZ=s\ҷyw\-ݶ;%O:ݙ\ng\}ޏ\\\0\0\0\0\0\0\0\0\0\0\0\0\0\0\0\0\0\0\0\0\0\0\0\0\0\0\0\0\0\0\0\0\0\0\0\0\0\0\0\0\0\0\0\0\0\0\0\0\0\0\0\0\0\0\0\0\0\0\0\0\0\0\0\0\0\0\0\0\0\0\0\0\0\0\0\0\0\0\0\0\0\0\0\0\0\0\0\0\0\0\0\0\0\0\0\0\0\0\0\0\0\0\0\0\0\0\0\0\0\0\0\0\0\0\0\0\0\0\0\0\0\0\0\0\0\0\0\0\0\0\0\0\0\0\0\0\0\0\0\0\0\0\0\0\0\0\0\0\0\0\0\0\0\0\0\0\0\0\0\0\0\0\0\0\0\0\0\0\0\0\0\0\0\0\0\0\0\0\0\0\0\0\0\0\0\0\0\0\0\0\0\0\0\0\0\0\0\0\0\0\0\0\0\0\0\0\0\0\0\0\0\0\0\0\0\0\0\0\0\0\0\0\0\0\0\0\0\0\0\0\0\0\0\0\0\0\0\0\0\0\0\0\0\0\0\0\0\0\0\0\w\\1\Zoɒ%Db\ҥުU~0Q\\0\\ի\\ѣD\[r\Ac??\0)E-d1\\xԴ7??\0)E]&OØ\1G?\0 h\zS\\P\\?5y;־\5,臶)?S<|\\\r\GŅ\>SD\\ \NhcO\<SD\\ \ny\a\\\"C\@\00\MK&$4E\ø0E\Rǐ!C΍\b\Z^6\\nM&֘c\1\7ۗq\N	ήTQQm\С\'\\?`\ĉo\[\ƍ#I!)?\\\$zsLr$()I4Q4p\\\0&O<h_nAo\ܹކ\rU\?\Y\\\mٲ\[h\+x:\$\sJr\5\.)jƅ)?\d\:kL\fU#9c\\>ٳgI_2y޸q\~/--m...kMq[\\	MQ0.L?G~\*\^\\H\ԫ9e\OLCC\\\\9r#WQk\֭^uuܰaúJsq$\\{\\|\\/^_Yvg¶#F\\\\?#Jqi\]\'\1\ø0E\r\\QQ\I_2(\Q\ȑ#\\X,vp̘1o=\ǿK?9t\WUU\f>\û *عnf\'S\c\#\_$\N\\T\\Z\"`ϝ?aⰉ\"lVf\)\?\;wǴ\\\C\=\n\9}\5j\bw\|*L-}ٯ&1l\\LQ+opL?\#\_\hCؑ\\ե$o\D7t+\\\Iդ!\\G}\l\Mi\2o㢿%4D:F\\j\\CKBx;D\TI)\'O[\Pk \bFM*I7\<\\X,VKx\1fL?\_\1\W\\\2\n~Dqq;\9uR\Yƽ\?^PPcf\]bOZ\ݵ12L?G\\\\\,\N*IM\\rL<,gN\\<⥗^jИ\\1\\\Z\rSD\\\]\lbegҍn\\$/\\Iխ\t\d\\jaI\n\Ʊ=]\C\Իho]\b\1A6\\\\\/,**:;\O\\ӧ>\<\ߘϘ\")?wڄL33\a\\[QQn޼yO\n+++k\ԅl\˒$\"G\Oݵ\q\|InM8)//oݰaCƓºz->\n6_b>\1EL\p\\]z˖-\]\JᒬO\nKKK\2\I\Mj`\"#\ҫ?\n?|qkf}R\Xק\'褆X-W\"G\\}\\w\Z\Z\\}/Y\ِ-1EL\@\՟{rI\n\V)̶Ȥ)\\\x.\\(!%M\ZZre\\r\)\\Ó~9s\x\\rI\_?#\\￟QS\F]eJN\ZwA)((нʽ3\<\۴iSǾ{\\m۶yw\u:VZy\\\ŋ\Hz\?V\\³h\r\s\\\Z,\}\\kp_Kn5\ձQ\YG0\\\rBkMnbB}	d*\ׯ\\n\믏3A\\d\'to:f\Νޝw\\?~\wx#F{\駟\\ײE\s\/\k֬\d~_|񅟬\DB͘1\\O\={\RԐ\\UQQ\Nx\C\_\"\˽nع\	\\\W_\t;vl\\\\\\m\\\M7\\\\^\gΜ\v\i޿\\z\r.N\\\w\\\\ߴ\\_\z΁\\\ڄ\EQgQ\c\nS\\\\\ǫC,\83\\\J\TT\O%uA3\\YnHkDnk\>j\Yg\\\f͚\o\o^z\qfM\$~2\&d\p\\\\qY\~Ϊj}̭*\\\&ҩ}z\\ѣ;\\N\\]T\\YI㺈\\\Bn56o֎t\\~\k\/\J\;\\N=T\O=\ZQ\Y\\\\u\n,Xu\n\tGk ed*)tjO\\\\jdJn.u\-\{SRx\\&Rd\cw\U=\9$\ӟ\b\]vu$u,z,\\I\jhj[ە6tc؆MJ\{RRF\hߣ>\o+\\\\Vp\?GU{\\҈\\jĺuEMfߴ0S\v\ﴬO\n^Qi\\\6:0D\e0\\UKDF\\5\\\\\'znG\1J2c\dJރ\\\J:mR.7 )}FW_}7m\4?ӅU*It\Z=J_҅=]tuAw\T\\]L-MT\1}WUp{\ZK\֭m&4)΢?,\&Fr\>)4\?ﺐgpB\碢?d\\tR\L\nמ\F\q\=\b-k0\${&2K7~_z5IaH$O	Cp\V\\M\nm4mv	\jm\_۾Up_̠n\N`\\\c\'\1a?;Nc\\'}.\:z{\\Cez<\ݏ9\'N\\ѣ]bEƒ\\_}i)\O\#TH\\rVBcu\*bkĶx\>\\vfHR>\\"\Z8\F\\\n\'\X\06\\r[\\X\\=\o\zzV׷f\r݋\cb\[hx\~6/d-DYgQԟ;:\\\\ݤ9cƌbZ4ebi\Z=VPP~L1PkB\Ǐ\4\52%2$kP6P\7\\4\9ϙmxu\flB0;g+&\\\&jph\\9٤ЭhxCO\êF\Z\L~ꪢ\Յ^\\"\\nm\\\]ߕ`\\n\\eҘt\Owx(%\\؊΢?4K\466J&SN\\sBu\N7ypfB;Z_6\Ƴ3\\\5&\\n\\R7]^0)L\\֗\nk\\\Z\\П]\\6	&(	C\\bF\l\j4\\>ut׎\LD҅\VWJutqKر^v\\X\OW	M\\Z{az\r,w	^\ru+q+,,\\.\΢i6\\l\ܹi\]&Nؑ\b99wrKJJR\\\\ܦCX~6\\\\kc٥BdnuPK\\\dj\\\Օu\ne֬jI\5{_z]\,\rV\& f\:ߵO\\>[\X\Dklr\\\\v;\?\&٥\\>\qKnh\/X-T\\\Ky\[n\c&):\'OX:M\\u\\vL\C\\r&1gg}\K\\Yb\nc#rĪ\#\9sf[*\EEE{M?S$0E\zK~~&9k\\\\R\\99R\Æ\r\_]]}4U\p\nH`\?X,v6aӘ?\r\\.\@pa6}K\n\.,,l1cFs!Tq.T1EL\P\k*T\\m\:\X݋NB\VMf%\ڵ\׾.;YƚT\c1EL\p\$m\$Nw<I\ZZ\~q\\@I\$&Mq\IUu9=O$)?\/TE&\\H漧z\\5s5Kَ;\O%*j\4\\Z|f\dP2gN\䒒oNf\\\I\\&\\gNj}eee\e[\\N%ٺ05)??y\.	C\\C\\q\ٳ=yM&֘x\\l1)??\#\\\\\r\N%)b\\	\_Q}\\\E`rӐ!C\k&|P*8k)b\@\\0)??\0\"\\0`\"#\C\0)b\@\@﨩x\G)CC\\0RʪUZZZ0Fcc\?)nFC\\0Rʲe\\Yb\O\&q\ҥL<\\0۴\֪LD(B\\(\"C菈\0\0\0\0\0\0\0\0\0\0\0\0\0\0\0\0\0\0\0\0\0\0\0\0\0\0\0\0\0\0\0\0\0\0\0\0\0\0\0\0\0\0\0\0\0\52yZ2\0\0\0\0IENDB`',1),('5105',1,'hist.var-countersignUsers',NULL,'\\0sr\0java.util.ArrayListx\\a\0I\0sizexp\0\0\0w\0\0\0t\0247688773386240t\0247689637478400x',NULL),('6',1,'D:\\OpenSource\\LemonOA\\lemon-master\\webapp\\WEB-INF\\classes\\bpmn2\\publish.bpmn20.xml','5','<?xml version=\"1.0\" encoding=\"UTF-8\"?>\r\n<definitions xmlns=\"http://www.omg.org/spec/BPMN/20100524/MODEL\" xmlns:xsi=\"http://www.w3.org/2001/XMLSchema-instance\" xmlns:activiti=\"http://activiti.org/bpmn\" xmlns:bpmndi=\"http://www.omg.org/spec/BPMN/20100524/DI\" xmlns:omgdc=\"http://www.omg.org/spec/DD/20100524/DC\" xmlns:omgdi=\"http://www.omg.org/spec/DD/20100524/DI\" typeLanguage=\"http://www.w3.org/2001/XMLSchema\" expressionLanguage=\"http://www.w3.org/1999/XPath\" targetNamespace=\"http://www.mossle.com\">\r\n  <process id=\"publish\" name=\"公文发布\" isExecutable=\"true\">\r\n    <documentation>公文发布</documentation>\r\n    <userTask id=\"taskuser-1\" name=\"发文\" activiti:assignee=\"常用语:流程发起人\" activiti:formKey=\"publish-request\"></userTask>\r\n    <userTask id=\"taskuser-2\" name=\"部门领导审批\" activiti:assignee=\"常用语:直接上级\" activiti:formKey=\"publish-manager\"></userTask>\r\n    <userTask id=\"taskuser-3\" name=\"会签\" activiti:formKey=\"publish-countersign\">\r\n    <humanPerformer>\r\n      <resourceAssignmentExpression>\r\n        <formalExpression>${countersignUser}</formalExpression>\r\n      </resourceAssignmentExpression>\r\n    </humanPerformer>\r\n    <multiInstanceLoopCharacteristics isSequential=\"false\" activiti:collection=\"${countersignUsers}\" activiti:elementVariable=\"countersignUser\">\r\n      <completionCondition>\r\n	    ${counterSignService.canComplete(\r\n			execution,\r\n			nrOfInstances,\r\n			nrOfActiveInstances,\r\n			nrOfCompletedInstances,\r\n			loopCounter)}\r\n	  </completionCondition>\r\n    </multiInstanceLoopCharacteristics>\r\n	</userTask>\r\n    <userTask id=\"taskuser-6\" name=\"归档\" activiti:assignee=\"常用语:流程发起人\" activiti:formKey=\"publish-finish\"></userTask>\r\n    <endEvent id=\"endnone-2\" name=\"endnone-2\"></endEvent>\r\n    <sequenceFlow id=\"transition-2\" name=\"\" sourceRef=\"taskuser-1\" targetRef=\"taskuser-2\"></sequenceFlow>\r\n    <sequenceFlow id=\"transition-14\" name=\"\" sourceRef=\"taskuser-6\" targetRef=\"endnone-2\"></sequenceFlow>\r\n    <sequenceFlow id=\"flow1\" name=\"\" sourceRef=\"taskuser-2\" targetRef=\"taskuser-3\"></sequenceFlow>\r\n    <sequenceFlow id=\"flow2\" name=\"\" sourceRef=\"taskuser-3\" targetRef=\"taskuser-6\"></sequenceFlow>\r\n    <startEvent id=\"startevent1\" name=\"Start\"></startEvent>\r\n    <sequenceFlow id=\"flow3\" name=\"\" sourceRef=\"startevent1\" targetRef=\"taskuser-1\"></sequenceFlow>\r\n  </process>\r\n  <bpmndi:BPMNDiagram id=\"BPMNDiagram_publish\">\r\n    <bpmndi:BPMNPlane bpmnElement=\"publish\" id=\"BPMNPlane_publish\">\r\n      <bpmndi:BPMNShape bpmnElement=\"taskuser-1\" id=\"BPMNShape_taskuser-1\">\r\n        <omgdc:Bounds height=\"80\" width=\"120\" x=\"109\" y=\"185\"></omgdc:Bounds>\r\n      </bpmndi:BPMNShape>\r\n      <bpmndi:BPMNShape bpmnElement=\"taskuser-2\" id=\"BPMNShape_taskuser-2\">\r\n        <omgdc:Bounds height=\"80\" width=\"120\" x=\"279\" y=\"185\"></omgdc:Bounds>\r\n      </bpmndi:BPMNShape>\r\n      <bpmndi:BPMNShape bpmnElement=\"taskuser-3\" id=\"BPMNShape_taskuser-3\">\r\n        <omgdc:Bounds height=\"80\" width=\"120\" x=\"470\" y=\"185\"></omgdc:Bounds>\r\n      </bpmndi:BPMNShape>\r\n      <bpmndi:BPMNShape bpmnElement=\"taskuser-6\" id=\"BPMNShape_taskuser-6\">\r\n        <omgdc:Bounds height=\"80\" width=\"120\" x=\"660\" y=\"185\"></omgdc:Bounds>\r\n      </bpmndi:BPMNShape>\r\n      <bpmndi:BPMNShape bpmnElement=\"endnone-2\" id=\"BPMNShape_endnone-2\">\r\n        <omgdc:Bounds height=\"40\" width=\"40\" x=\"830\" y=\"206\"></omgdc:Bounds>\r\n      </bpmndi:BPMNShape>\r\n      <bpmndi:BPMNShape bpmnElement=\"startevent1\" id=\"BPMNShape_startevent1\">\r\n        <omgdc:Bounds height=\"35\" width=\"35\" x=\"20\" y=\"207\"></omgdc:Bounds>\r\n      </bpmndi:BPMNShape>\r\n      <bpmndi:BPMNEdge bpmnElement=\"transition-2\" id=\"BPMNEdge_transition-2\">\r\n        <omgdi:waypoint x=\"229\" y=\"225\"></omgdi:waypoint>\r\n        <omgdi:waypoint x=\"279\" y=\"225\"></omgdi:waypoint>\r\n      </bpmndi:BPMNEdge>\r\n      <bpmndi:BPMNEdge bpmnElement=\"transition-14\" id=\"BPMNEdge_transition-14\">\r\n        <omgdi:waypoint x=\"780\" y=\"225\"></omgdi:waypoint>\r\n        <omgdi:waypoint x=\"830\" y=\"226\"></omgdi:waypoint>\r\n      </bpmndi:BPMNEdge>\r\n      <bpmndi:BPMNEdge bpmnElement=\"flow1\" id=\"BPMNEdge_flow1\">\r\n        <omgdi:waypoint x=\"399\" y=\"225\"></omgdi:waypoint>\r\n        <omgdi:waypoint x=\"470\" y=\"225\"></omgdi:waypoint>\r\n      </bpmndi:BPMNEdge>\r\n      <bpmndi:BPMNEdge bpmnElement=\"flow2\" id=\"BPMNEdge_flow2\">\r\n        <omgdi:waypoint x=\"590\" y=\"225\"></omgdi:waypoint>\r\n        <omgdi:waypoint x=\"660\" y=\"225\"></omgdi:waypoint>\r\n      </bpmndi:BPMNEdge>\r\n      <bpmndi:BPMNEdge bpmnElement=\"flow3\" id=\"BPMNEdge_flow3\">\r\n        <omgdi:waypoint x=\"55\" y=\"224\"></omgdi:waypoint>\r\n        <omgdi:waypoint x=\"109\" y=\"225\"></omgdi:waypoint>\r\n      </bpmndi:BPMNEdge>\r\n    </bpmndi:BPMNPlane>\r\n  </bpmndi:BPMNDiagram>\r\n</definitions>',0),('7',1,'D:\\OpenSource\\LemonOA\\lemon-master\\webapp\\WEB-INF\\classes\\bpmn2\\publish.publish.png','5','PNG\r\n\Z\n\0\0\0\rIHDR\0\0p\0\0\0\0\0w\\n\0\0\Z4IDATx\\\l\u%\y%\S#1\p58\)\v9˔I\n\\2n\Ldclv;\M\ͱ1Zg\\r\\w\\s6=k\u}J>\\\yڵ\\<\\\	\0\0\0\0\0\0\0\0\0\0\0\0\0\0\0\0\0\0\0\0\0\0\0\0\0\0\0\0\0\0\0\0\0\0\0\0\0\0\0\0\0\0\0\0\0\0\0\0\0\0\0\0\0\0\0\0\0\0\0\0\0\0\0\0\0\0\0\0\0\0\0\0\0\0\0\0\0\0\0\0\0\0\0\0\0\0\0\0\0\0\0\0\0\0\0\0\0\0\0\0\0\0\0\0\0\0\0\0\0\0\0\0\0\0\0\0\0\0\0\0\0\0\0\0\0\0\0\0\0\0\0\0\0\0\0\0\0\0\0\0\0\0\0\0\0\0\0\0\0\0\0\0\0\0\0\0\0\0\0\0\0\0\0\0\0\0\0\0\0\0\0\0\0\0\0\0\0\0\0\0\0\0\0\0\0\0\0\0\0\0\0\0\0\0\0\0\0\0\0\0\0\0\0\0\0\0\0\0\0\0\0\0\0\0\0\0\0\0\0\0\0\0\0\0\0\0\0\0\0\0\0\0\0\0\0\0\0\0\0\0\0\0\0\0\0\0\0\0\0\0\0\0\0\0\0\0\0\0\0\0\0\0\0\0\0\0\0\0\0\0\0\0\0\0\0\0\0\0\0\0\0\0\0\0\0\0\0\0\0\0\0\0\0\0\0\0\0\0\0\0\0\0\0\0\0\0\0\0\0\0\0\0\0\0\0\0\0\0\0\0\0\0\0\0\0\0\0\0\0\0\0\0\0\0\0\0\0\0\0\0\0\0\0\0\0\0\0\0\0\0\0\0\0\0\0\0\0\0\0\0\0\0\0\0\0\0\0\0\0\0\0\0\0\0\0\0\0\0\0\0\0\0\0\0\0\0\0\0\0\0\0\0\0\0\0\0\0\0\0\0\0\0\0\0\0\0\0\0\0\0\0\0\0\0\0\0\0\0\0\0\0\0\0\0\0\0\0\0\0\0\0\0\0\0\0\0\0\0\0\0\0\0\0\0\0\0\0\0\0\0\0\0\0\0\0\0\0\0\0\0\0\0\0\0\0\0\0\0\0\0\0\0\0\0\0\0\0\0\0\0\0\0\0\0\0\0\0\0\0\0\0\0\0\0\0\0\0\0\0\0\0\0\0\0\0\0\0\0\0\0\0\0\0\0\0\0\0\0\0\0\0\0\0\0\0\0\0\0\0\0\0\0\0\0\0\0\0\0\0\0\0\0\0\0\0\0\0\0\0\0\0\0\0\0\0\0\0\0\0\0\0\0\0\0\0\0\0\0\0\0\0\0\0\0\0\0\0\0\0\0\0\0\0\0\0\0\0\0\0\0\0\0\0\0\0\0\0\0\0\0\0\0\0\0\0\0\0\0\0\0\0\0\0\0\0\0\0\0\0\0\0\0\0\0\0\0\0\0\0\0\00֊\{n\r^[zuj\*\\\=\\S˩S\W/JD\\n]\\\UꫪIx\G_J\rr\T\˽{hvKl\F\US%d_\\C]4\\$˩S\W/J\I\~ɚIS7\BNʾ}Wr\I\\s\Rq;\ӈ4I9Ur*J\^\=\Q<г\\<0\1\HS%d_\\C4\\\\?A\z~\\n\HS%d_\\C4ɧ\\M2ӌ4I9Ur*J\^\=\IܺjM2ӌ4I9Ur*J\^\=hJS9գe_\^\\N3;\r\$\1\HS%d_\\C4\\oI\c&)JNe_ɾ\+:il.>4\\]\}fIʩS\W/J\Nd\\\'n?I\}\Z&)JNe_ɾ\+zjR\\[\E!\iF*9}%r\\I\\Sl_\c\rIS\\\\\˽{U|\\k-+5h\ω\Z\Iʩf.J\^\=qj͖5^*9}%r\\IȚ\Ҝ4I9U\\e_ɾ\+1j\'\ siN*o沯d_\\kҤI\\puKK\\Ǎv:Hu8\\د\\[[[[\\C6IIʩS\W/J\GF\Z\&lz5Ցa\+u3.\nf.]<\\\\\\\ћ&\_|\ԩGf͚\s\u\m\ws\~@\$5I9Ur*J\^\h+\!\upC\ u ՍSL9_?o޼_\\{\-6o\\\tuuG)\<Lr\\⦛n*\i۝f\\\$\Tɩ\+ٗ{%#խ=՞\!l\\E_*3˶mێYzzz\۷WfEU? םjJý(3f\xߵ\^\\.{}\m8z{{\\s\\}c\\_O\$\Tɩ\+ٗ{%\'+6\k\C\UW]U\_~\a\,\֭+fΜ9\ a\uvvN\Wr\?_lܸH\\\i\\m}K5IMRNʾ}Wr?\\\\\\r\!kƌ\dmذ׿^=\mI\\u\̞={W\\qő\'|IӟK)vo\$\Tɩ\+ٗ{%\\<\\-[8t\Ј\,1\F!ng\q1M>\Wt\y睯T&pJNh%r\^v<Pŉ\M\Rw{\n\m4\\{%\rq{\Ö8MRS%d_\ܟ1o1\.c!v,u?\yQ\%q\ۦMӟto[[\\~JMRS%d_\ܟ8\dyw\\\6Ж~\\e\\-\X\+\E4IIʩS\W/J\\b\☷Z\;\C\5ߕ2\nMמ={!I*MRNʾ}Wr_\ur~l#}\\$\7/L\\{\)j\nؖE\$\Tɩ\+ٗ{%}NNLu0Mq}\Z\\\\\\\S\rP\\?\^{\u\\z,&IʩS\W/J\\'*_{$F]s\5\\nw뭷.\\\}\7i;MRir\T\˽4l\\Қ5kzg,\rp;j\,X\+V\\Xd\Fۍ2Nd\\$5I9Ur*J\^\2eʩC=gҤI\NY>R\\\\Hoo\Q׆kkk;k\_\\\\͛7\\ذaæ\"m&Y:誖i*9}%r\~Ȝ>\\\\rr\s.\\Xԓŋ=\/`GGG\X\\{(\{!N\وMT\K\$\Tɩ\+ٗ{%9ݙO>\\\\\\ނe+W,d\_x=\Eh&ٿ֫\,5IMRNʾ}Wrߟ\\r>)\\Z\7\Ƿm\VW\\\\?j^/e+\4IMRNʾ}Wr?dNnmm\Vz\[3w-p\ZIVdԛג}ٗ{\l>\ϩط\ko]~R\Z\7Oz<\cVV+Rݓ\}\Hu[T\-}8\^\O\I\J5#}~E\K\\\\v\/\mmm秏\Ή\'\z\26\cົ61p6p~6on&z\⥗^*|kq\С\~ɏ>\_Ͽ曭\\J\\0\k{q\}o{\ۊ[?w\\\\;v\g*\}\{\S|\?\{?\3\\\=\\%\\R/~񋕯\\_\_袋3\=n\!s\WWn\u\]|w\!z]{\\}\ڵkx\\dz\7Z\\n#˗/?W}\+\}__pu\noo?-\\Ϙ4i\ߦ\g\rT\ĀV\$}~Qt{Rd1ŀZ|fT\\\\@]x1\\r|?ITw\\\W\r\0wy=\\07gΜ\\\~}g\\\\M\\lǛ|4z8Ӌ|\#G5\?\~T^ xތ3*\G?|~\"ß\\i_\*1ФR1pU61\Bf\\s\\\\rַ\E\o.N9\81Rsx\\\w\wހo\VsO;\\sΩ܎\|o\˩=ҕW@\Jb#w\|\\'>\߳\>kX	Gr_Q\r\\˱r0>׿~܏銆\\\{Ρ\wx\_\/~񋺸\\NA\㭭\\\IJS\^O}ꨅ\X0\yozӛ*g|\/(֯_\yl\-\cַzh\W=\\o\1x<\En\W]u\1[\\\\V]y\\1oعsg\\'?\Ci\[)Gъ+^V\}\\ӟtt\\{?G\}ìx\{\\\Wc\pd\\\~\?Xyϙ3gN\\\\\\\{C\GOqjh;[RY\F9nK.0}y\n&9\Zfmys[\[\\k&ټ9\\]Z\Z[sc+Z\7\\V=\soTW|߯~b߼!\_o1`U\&A\b\F\c_+c7\}\kz\\wVҸ[\\j8\\U\K\\7p\gW//\Fc5-T>\s\\{G\n\\\zޅ<CZ\?>I\\c-vr?\}_\\se\Y(1s\\w}\K_zW7Oi]\?\\)Si\g,\\bAx\\5±\\07r\Z[\\"+gyf\X\bYq\\c8\\7\\+bW\n\-]6m:f3\\?^\2keca7>\-oܮ\r^@\y0o\\O<qԚ\	c|L\x\\SdRm݄\"ϑ\i,Vg4D\\Ym?~MG~cE]d9z^Xx,.\Y^\+\ʻ\&\~T+Nrx\rp76\u\n\y\5\Gًp\-<\\$\\qyW	}Ƕ\`8\Ä8\&ټ9,\5v9\M2/dw-o}\:\\0e\"r1śxmQykEy\ح1ꭂ\[\\xX`\ϋ+N^R\\\\=9N-ձpw\\ĉ\\w\+\"rsNc-0EO\=\.om,\\u\p\yH\\Dlk,\\={vkZ\x\mmm4iһ5\\9Y4\آY_p-V\5CS4|\5\a-\\ow+\$.o3XN:6.?\n&縴\b:T\}<\\},\xf!{t\]\"c%Fl\\Bl\n8\oEz8^3\#⽠z%E\0Yޞo|W\U-u..PL<\ނeE{{\y\\\ѱ/\ZX[`A\\\fM1*N\^^H7o\1[(;>\d}\4d<\0\\jc؊\:\A\dX`-/o\l\i\\o\򜇳؅3\\;.ȿ{\\CS=D+lŠ\'&\gx-/Ж&N䐏t\7\\\\\.5\lʺ\\n\Ɂ5k\\\\0RM+:u\?\\~\Ѽ\\SO=q6\ZM+oňf\.}\C\?^\oFwW\E\"\\;\|ϱXx\$\#y\0Q>}slu+/X\B_>YC\>t\Wy6V2\\pW8\-O\\'9-\na5h9\>y\P\\S=D*oэ\\c\`g\wgĮqj3,\cP:#p2\`\'1\F\ϼ n\\\p\\̙3\b5k\k\\'g\E6m\,Y\X\J\^]\'/䒿\$\b;wO[y[g\^\\\\\\"2\\x,\j\;9M(@ע\[\Jk`\͹z<aXZ^\Ϛz\\TN\\R\S[m\\\\J\⺉B$+\1\\$\o \[\E|M\tN\\}W\n8\9\\;\~\	[ZZzˏ5nu\%\b#Tr\K/ݙ\Zy\h]]]G\\޺Z5IIʩZgyh=d_\\\}\iڴiU\\+|4\XO/\\ɓ\'\\{^-o}\\\"MRir\T\˽]{w-[V.R(\ro\C]a\\\T\\\\v\mF\mrly\$5I9Ur*J\^\\\^\Z*\X栗R/\\4l\gܵk\+oRq\8a\x8\M\$\Tɩ\+ٗ{%#\']:uǽ\Hix[\/\4Ƚx\oy\gEn߾}]K.\[\\*\\~IMRS%d_\܏ڮ[\C\ho\_5m]\'x\\SN\\ŋ_v\S\\v\\MK,Y?}cZn\tk\\0\T\˽\3EGvwgc\\\\#}cޢv\F\|a\p\{\{7:7NEj*9}%r\~vySƮ#\\7\ת-\r;I*S=Zɾ\+Ykk\W\rY}Yfؗ\Z-xqL]\"\\c\\ZfI4IeSrG+ٗ{%\씻ɓ\'.,VXQl۶-A]\-2\\\)o\^\\Xxq\\\\0[wݞmMRir*zȾ\+oDq\V\\\\\3v2u \M\L4I9Ur*J\^\\\rr!nvߙ*wp\\\Z\\h*9}%r\&\0vfc}׎\ط;d\b\\w\"[c7\~\|4IMRNʾ}Wr\$\Ty3[n||#˾\+MRir\TGbKZ\\_\^\=hJS%o}Wr\$\Ty3}\\J\AT8%zN\^\=hJS%o}Wr\$\Ty37\d_\\MR\\\8ٗ{%I*MRNʾN\^\=hJS9\\0gC\\MR4)9}\˽{\$&)JNe\\0\'r\4IIʩb3ɽ\c^Z3i\:\a9Ur*8ٗ{%\${\4&={,5ɧ\Tɩ\\S<x2\\7r\˽{֬Ys\#<\_|\\ZK݊\\Jy9Ur*J\^\=4\UVmMڱ_jǧAʩ\Ѳ/r\\0\0\0\0\0\0\0\0\0\0\0\0\0\0\0\0\0\0\0\0\0\0\0\0\0\0\0\0\0\0`Hzߖ\?\ʱ\0\0\0\0IENDB`',1),('7526',1,'hist.var-countersignUsers',NULL,'\\0sr\0java.util.ArrayListx\\a\0I\0sizexp\0\0\0w\0\0\0t\0247689637478400x',NULL);
/*!40000 ALTER TABLE `act_ge_bytearray` ENABLE KEYS */;
UNLOCK TABLES;

--
-- Table structure for table `act_ge_property`
--

DROP TABLE IF EXISTS `act_ge_property`;
/*!40101 SET @saved_cs_client     = @@character_set_client */;
/*!40101 SET character_set_client = utf8 */;
CREATE TABLE `act_ge_property` (
  `NAME_` varchar(64) COLLATE utf8_bin NOT NULL DEFAULT '',
  `VALUE_` varchar(300) COLLATE utf8_bin DEFAULT NULL,
  `REV_` int(11) DEFAULT NULL,
  PRIMARY KEY (`NAME_`)
) ENGINE=InnoDB DEFAULT CHARSET=utf8 COLLATE=utf8_bin;
/*!40101 SET character_set_client = @saved_cs_client */;

--
-- Dumping data for table `act_ge_property`
--

LOCK TABLES `act_ge_property` WRITE;
/*!40000 ALTER TABLE `act_ge_property` DISABLE KEYS */;
INSERT INTO `act_ge_property` VALUES ('next.dbid','30001',13),('schema.history','create(5.18.0.0)',1),('schema.version','5.18.0.0',1);
/*!40000 ALTER TABLE `act_ge_property` ENABLE KEYS */;
UNLOCK TABLES;

--
-- Table structure for table `act_hi_actinst`
--

DROP TABLE IF EXISTS `act_hi_actinst`;
/*!40101 SET @saved_cs_client     = @@character_set_client */;
/*!40101 SET character_set_client = utf8 */;
CREATE TABLE `act_hi_actinst` (
  `ID_` varchar(64) COLLATE utf8_bin NOT NULL,
  `PROC_DEF_ID_` varchar(64) COLLATE utf8_bin NOT NULL,
  `PROC_INST_ID_` varchar(64) COLLATE utf8_bin NOT NULL,
  `EXECUTION_ID_` varchar(64) COLLATE utf8_bin NOT NULL,
  `ACT_ID_` varchar(255) COLLATE utf8_bin NOT NULL,
  `TASK_ID_` varchar(64) COLLATE utf8_bin DEFAULT NULL,
  `CALL_PROC_INST_ID_` varchar(64) COLLATE utf8_bin DEFAULT NULL,
  `ACT_NAME_` varchar(255) COLLATE utf8_bin DEFAULT NULL,
  `ACT_TYPE_` varchar(255) COLLATE utf8_bin NOT NULL,
  `ASSIGNEE_` varchar(255) COLLATE utf8_bin DEFAULT NULL,
  `START_TIME_` datetime(3) NOT NULL,
  `END_TIME_` datetime(3) DEFAULT NULL,
  `DURATION_` bigint(20) DEFAULT NULL,
  `TENANT_ID_` varchar(255) COLLATE utf8_bin DEFAULT '',
  PRIMARY KEY (`ID_`),
  KEY `ACT_IDX_HI_ACT_INST_START` (`START_TIME_`),
  KEY `ACT_IDX_HI_ACT_INST_END` (`END_TIME_`),
  KEY `ACT_IDX_HI_ACT_INST_PROCINST` (`PROC_INST_ID_`,`ACT_ID_`),
  KEY `ACT_IDX_HI_ACT_INST_EXEC` (`EXECUTION_ID_`,`ACT_ID_`)
) ENGINE=InnoDB DEFAULT CHARSET=utf8 COLLATE=utf8_bin;
/*!40101 SET character_set_client = @saved_cs_client */;

--
-- Dumping data for table `act_hi_actinst`
--

LOCK TABLES `act_hi_actinst` WRITE;
/*!40000 ALTER TABLE `act_hi_actinst` DISABLE KEYS */;
INSERT INTO `act_hi_actinst` VALUES ('15003','vacation:1:12','15001','15001','vacation_1',NULL,NULL,'填写请假单','startEvent',NULL,'2016-08-23 11:09:18.547','2016-08-23 11:09:18.588',41,'1'),('15010','vacation:1:12','15001','15001','taskuser-1','15011',NULL,'填写请假单','userTask','1','2016-08-23 11:09:18.588','2016-08-23 11:09:18.878',290,'1'),('15013','vacation:1:12','15001','15001','taskuser-2','15014',NULL,'部门领导审批','userTask','247689637478400','2016-08-23 11:09:18.878','2016-08-23 11:10:38.275',79397,'1'),('15018','vacation:1:12','15001','15001','exclusive-1',NULL,NULL,'exclusive-1','exclusiveGateway',NULL,'2016-08-23 11:10:38.275','2016-08-23 11:10:38.279',4,'1'),('15019','vacation:1:12','15001','15001','taskuser-3','15020',NULL,'人事审批','userTask','7','2016-08-23 11:10:38.279','2016-08-23 11:13:15.472',157193,'1'),('15024','publish:1:8','15022','15022','startevent1',NULL,NULL,'Start','startEvent',NULL,'2016-08-23 11:13:08.154','2016-08-23 11:13:08.164',10,'1'),('15030','publish:1:8','15022','15022','taskuser-1','15031',NULL,'发文','userTask','1','2016-08-23 11:13:08.164','2016-08-23 11:13:08.191',27,'1'),('15033','publish:1:8','15022','15022','taskuser-2','15034',NULL,'部门领导审批','userTask','247689637478400','2016-08-23 11:13:08.191','2016-08-23 11:14:35.669',87478,'1'),('15039','publish:1:8','15022','15038','taskuser-3','15046',NULL,'会签','userTask','247689637478400','2016-08-23 11:14:35.670','2016-08-23 15:11:57.269',14241599,'1'),('15061','vacation:1:12','15059','15059','vacation_1',NULL,NULL,'填写请假单','startEvent',NULL,'2016-08-23 13:29:05.013','2016-08-23 13:29:05.013',0,'1'),('15068','vacation:1:12','15059','15059','taskuser-1','15069',NULL,'填写请假单','userTask','1','2016-08-23 13:29:05.013','2016-08-23 13:29:05.044',31,'1'),('15071','vacation:1:12','15059','15059','taskuser-2','15072',NULL,'部门领导审批','userTask','247689637478400','2016-08-23 13:29:05.044','2016-08-23 15:11:58.496',6173452,'1'),('15079','vacation:1:12','15077','15077','vacation_1',NULL,NULL,'填写请假单','startEvent',NULL,'2016-08-23 15:12:25.772','2016-08-23 15:12:25.774',2,'1'),('15086','vacation:1:12','15077','15077','taskuser-1','15087',NULL,'填写请假单','userTask','1','2016-08-23 15:12:25.774','2016-08-23 15:12:25.802',28,'1'),('15089','vacation:1:12','15077','15077','taskuser-2','15090',NULL,'部门领导审批','userTask','247689637478400','2016-08-23 15:12:25.802','2016-08-23 15:12:51.315',25513,'1'),('15096','vacation:1:12','15077','15077','exclusive-1',NULL,NULL,'exclusive-1','exclusiveGateway',NULL,'2016-08-23 15:12:51.315','2016-08-23 15:12:51.318',3,'1'),('15097','vacation:1:12','15077','15077','taskuser-3','15098',NULL,'人事审批','userTask','7','2016-08-23 15:12:51.318','2016-08-23 15:16:23.315',211997,'1'),('15101','vacation:1:12','15077','15077','exclusive-2',NULL,NULL,'exclusive-2','exclusiveGateway',NULL,'2016-08-23 15:16:23.315','2016-08-23 15:16:23.317',2,'1'),('15102','vacation:1:12','15077','15077','taskuser-6','15103',NULL,'销假','userTask','1','2016-08-23 15:16:23.317','2016-08-23 15:17:33.569',70252,'1'),('15104','vacation:1:12','15077','15077','endnone-2',NULL,NULL,'结束','endEvent',NULL,'2016-08-23 15:17:33.569','2016-08-23 15:17:33.570',1,'1'),('15107','publish:1:8','15105','15105','startevent1',NULL,NULL,'Start','startEvent',NULL,'2016-08-23 15:19:19.770','2016-08-23 15:19:19.799',29,'1'),('15113','publish:1:8','15105','15105','taskuser-1','15114',NULL,'发文','userTask','1','2016-08-23 15:19:19.799','2016-08-23 15:19:19.823',24,'1'),('15116','publish:1:8','15105','15105','taskuser-2','15117',NULL,'部门领导审批','userTask','247689637478400','2016-08-23 15:19:19.823','2016-08-23 15:20:50.160',90337,'1'),('15122','publish:1:8','15105','15121','taskuser-3','15129',NULL,'会签','userTask','4','2016-08-23 15:20:50.161','2016-08-23 15:31:07.512',617351,'1'),('15176','process:4:15173','15174','15174','sid-A96C3AAA-D6D7-4DB5-A1E3-73D49BA0CA60',NULL,NULL,NULL,'startEvent',NULL,'2016-08-23 17:31:59.853','2016-08-23 17:31:59.855',2,'1'),('15183','process:4:15173','15174','15174','sid-B42805EC-3B82-4E88-BCEB-E93869BF5284','15184',NULL,'请假','userTask','1','2016-08-23 17:31:59.855','2016-08-23 17:31:59.912',57,'1'),('15186','process:4:15173','15174','15174','sid-62CC9B4B-804C-44D6-AC40-9E4DD72CCA0D','15187',NULL,'上级审批','userTask','247688773386240','2016-08-23 17:31:59.913','2016-08-23 17:32:48.131',48218,'1'),('15193','process:4:15173','15174','15174','sid-AE528184-10E4-4D80-ADDE-21ED7729462E',NULL,NULL,NULL,'endEvent',NULL,'2016-08-23 17:32:48.131','2016-08-23 17:32:48.132',1,'1'),('15196','process:4:15173','15194','15194','sid-A96C3AAA-D6D7-4DB5-A1E3-73D49BA0CA60',NULL,NULL,NULL,'startEvent',NULL,'2016-08-23 17:36:37.805','2016-08-23 17:36:37.808',3,'1'),('15203','process:4:15173','15194','15194','sid-B42805EC-3B82-4E88-BCEB-E93869BF5284','15204',NULL,'请假','userTask','1','2016-08-23 17:36:37.808','2016-08-23 17:36:37.834',26,'1'),('15206','process:4:15173','15194','15194','sid-62CC9B4B-804C-44D6-AC40-9E4DD72CCA0D','15207',NULL,'上级审批','userTask','247688773386240','2016-08-23 17:36:37.834','2016-08-24 10:34:19.215',61061381,'1'),('15212','vacation:1:12','15210','15210','vacation_1',NULL,NULL,'填写请假单','startEvent',NULL,'2016-08-23 17:37:21.080','2016-08-23 17:37:21.083',3,'1'),('15219','vacation:1:12','15210','15210','taskuser-1','15220',NULL,'填写请假单','userTask','1','2016-08-23 17:37:21.083','2016-08-23 17:37:21.109',26,'1'),('15222','vacation:1:12','15210','15210','taskuser-2','15223',NULL,'部门领导审批','userTask','247689637478400','2016-08-23 17:37:21.109','2016-08-24 09:32:05.721',57284612,'1'),('17503','vacation:1:12','17501','17501','vacation_1',NULL,NULL,'填写请假单','startEvent',NULL,'2016-08-24 09:31:00.312','2016-08-24 09:31:00.344',32,'1'),('17510','vacation:1:12','17501','17501','taskuser-1','17511',NULL,'填写请假单','userTask','1','2016-08-24 09:31:00.344','2016-08-24 09:31:00.609',265,'1'),('17513','vacation:1:12','17501','17501','taskuser-2','17514',NULL,'部门领导审批','userTask','247689637478400','2016-08-24 09:31:00.609','2016-08-28 10:05:15.061',347654452,'1'),('17518','vacation:1:12','15210','15210','exclusive-1',NULL,NULL,'exclusive-1','exclusiveGateway',NULL,'2016-08-24 09:32:05.721','2016-08-24 09:32:05.726',5,'1'),('17519','vacation:1:12','15210','15210','taskuser-3','17520',NULL,'人事审批','userTask','7','2016-08-24 09:32:05.726','2016-08-28 10:05:13.638',347587912,'1'),('17524','process:4:15173','17522','17522','sid-A96C3AAA-D6D7-4DB5-A1E3-73D49BA0CA60',NULL,NULL,NULL,'startEvent',NULL,'2016-08-24 10:33:49.517','2016-08-24 10:33:49.520',3,'1'),('17525','process:4:15173','17522','17522','sid-B42805EC-3B82-4E88-BCEB-E93869BF5284','17526',NULL,'请假','userTask','1','2016-08-24 10:33:49.520','2016-08-24 10:33:49.561',41,'1'),('17528','process:4:15173','17522','17522','sid-62CC9B4B-804C-44D6-AC40-9E4DD72CCA0D','17529',NULL,'上级审批','userTask','247688773386240','2016-08-24 10:33:49.561','2016-08-28 10:05:16.642',343887081,'1'),('17534','process:4:15173','15194','15194','sid-AE528184-10E4-4D80-ADDE-21ED7729462E',NULL,NULL,NULL,'endEvent',NULL,'2016-08-24 10:34:19.215','2016-08-24 10:34:19.215',0,'1'),('17537','process:4:15173','17535','17535','sid-A96C3AAA-D6D7-4DB5-A1E3-73D49BA0CA60',NULL,NULL,NULL,'startEvent',NULL,'2016-08-24 10:36:50.721','2016-08-24 10:36:50.721',0,'1'),('17545','process:4:15173','17535','17535','sid-B42805EC-3B82-4E88-BCEB-E93869BF5284','17546',NULL,'请假','userTask','1','2016-08-24 10:36:50.721','2016-08-24 10:36:50.752',31,'1'),('17548','process:4:15173','17535','17535','sid-62CC9B4B-804C-44D6-AC40-9E4DD72CCA0D','17549',NULL,'上级审批','userTask','247688773386240','2016-08-24 10:36:50.752','2016-08-28 10:05:17.663',343706911,'1'),('17554','process:4:15173','17552','17552','sid-A96C3AAA-D6D7-4DB5-A1E3-73D49BA0CA60',NULL,NULL,NULL,'startEvent',NULL,'2016-08-24 10:43:52.526','2016-08-24 10:43:52.526',0,'1'),('17562','process:4:15173','17552','17552','sid-B42805EC-3B82-4E88-BCEB-E93869BF5284','17563',NULL,'请假','userTask','1','2016-08-24 10:43:52.526','2016-08-24 10:43:52.542',16,'1'),('17565','process:4:15173','17552','17552','sid-62CC9B4B-804C-44D6-AC40-9E4DD72CCA0D','17566',NULL,'上级审批','userTask','247688773386240','2016-08-24 10:43:52.542','2016-08-28 10:05:18.620',343286078,'1'),('17571','process:4:15173','17569','17569','sid-A96C3AAA-D6D7-4DB5-A1E3-73D49BA0CA60',NULL,NULL,NULL,'startEvent',NULL,'2016-08-24 10:59:48.694','2016-08-24 10:59:48.710',16,'1'),('17579','process:4:15173','17569','17569','sid-B42805EC-3B82-4E88-BCEB-E93869BF5284','17580',NULL,'请假','userTask','1','2016-08-24 10:59:48.710','2016-08-24 10:59:48.725',15,'1'),('17582','process:4:15173','17569','17569','sid-62CC9B4B-804C-44D6-AC40-9E4DD72CCA0D','17583',NULL,'上级审批','userTask','247688773386240','2016-08-24 10:59:48.725','2016-08-28 10:05:19.784',342331059,'1'),('17588','process:4:15173','17586','17586','sid-A96C3AAA-D6D7-4DB5-A1E3-73D49BA0CA60',NULL,NULL,NULL,'startEvent',NULL,'2016-08-24 11:46:47.139','2016-08-24 11:46:47.154',15,'1'),('17596','process:4:15173','17586','17586','sid-B42805EC-3B82-4E88-BCEB-E93869BF5284','17597',NULL,'请假','userTask','1','2016-08-24 11:46:47.154','2016-08-24 11:46:47.186',32,'1'),('17599','process:4:15173','17586','17586','sid-62CC9B4B-804C-44D6-AC40-9E4DD72CCA0D','17600',NULL,'上级审批','userTask','247688773386240','2016-08-24 11:46:47.186','2016-08-28 10:05:20.598',339513412,'1'),('20047','vacation:1:12','20045','20045','vacation_1',NULL,NULL,'填写请假单','startEvent',NULL,'2016-08-28 10:08:28.049','2016-08-28 10:08:28.052',3,'1'),('20054','vacation:1:12','20045','20045','taskuser-1','20055',NULL,'填写请假单','userTask','1','2016-08-28 10:08:28.052','2016-08-28 10:08:28.082',30,'1'),('20057','vacation:1:12','20045','20045','taskuser-2','20058',NULL,'部门领导审批','userTask','247689637478400','2016-08-28 10:08:28.082','2016-08-28 10:14:07.122',339040,'1'),('20120','vacation-student:4:20117','20118','20118','sid-4CAE5CD3-1F38-40AF-833F-337531C9AA04',NULL,NULL,NULL,'startEvent',NULL,'2016-08-28 10:48:29.607','2016-08-28 10:48:29.610',3,'1'),('20128','vacation-student:4:20117','20118','20118','sid-92464D4A-380E-4D73-875E-E77E82399CEC','20129',NULL,'填写请假单','userTask','1','2016-08-28 10:48:29.610','2016-08-28 10:48:29.636',26,'1'),('20131','vacation-student:4:20117','20118','20118','sid-2A5BFF60-DE0C-4DB9-954A-BA57F5611EE5','20132',NULL,'辅导员审批','userTask','247689637478400','2016-08-28 10:48:29.636','2016-08-28 10:48:42.560',12924,'1'),('20136','vacation-student:4:20117','20118','20118','sid-828C823A-98DD-4590-A7B3-4BFEC1CA6898',NULL,NULL,NULL,'exclusiveGateway',NULL,'2016-08-28 10:48:42.560','2016-08-28 10:48:42.562',2,'1'),('20137','vacation-student:4:20117','20118','20118','sid-F9CD4D4E-CC32-483C-A056-3BEB1F240A04',NULL,NULL,NULL,'exclusiveGateway',NULL,'2016-08-28 10:48:42.562','2016-08-28 10:48:42.564',2,'1'),('20138','vacation-student:4:20117','20118','20118','sid-19ABB7E8-A781-4964-83DE-CBD2598A1C66','20139',NULL,'院系领导审批','userTask','岗位:书记','2016-08-28 10:48:42.564','2016-08-28 10:51:54.369',191805,'1'),('20143','vacation-student:4:20117','20141','20141','sid-4CAE5CD3-1F38-40AF-833F-337531C9AA04',NULL,NULL,NULL,'startEvent',NULL,'2016-08-28 10:53:09.249','2016-08-28 10:53:09.252',3,'1'),('20151','vacation-student:4:20117','20141','20141','sid-92464D4A-380E-4D73-875E-E77E82399CEC','20152',NULL,'填写请假单','userTask','1','2016-08-28 10:53:09.252','2016-08-28 10:53:09.274',22,'1'),('20154','vacation-student:4:20117','20141','20141','sid-2A5BFF60-DE0C-4DB9-954A-BA57F5611EE5','20155',NULL,'辅导员审批','userTask','247689637478400','2016-08-28 10:53:09.274','2016-08-28 10:53:34.193',24919,'1'),('20159','vacation-student:4:20117','20141','20141','sid-828C823A-98DD-4590-A7B3-4BFEC1CA6898',NULL,NULL,NULL,'exclusiveGateway',NULL,'2016-08-28 10:53:34.193','2016-08-28 10:53:34.195',2,'1'),('20160','vacation-student:4:20117','20141','20141','sid-F9CD4D4E-CC32-483C-A056-3BEB1F240A04',NULL,NULL,NULL,'exclusiveGateway',NULL,'2016-08-28 10:53:34.195','2016-08-28 10:53:34.197',2,'1'),('20161','vacation-student:4:20117','20141','20141','sid-19ABB7E8-A781-4964-83DE-CBD2598A1C66','20162',NULL,'院系领导审批','userTask','4','2016-08-28 10:53:34.197','2016-08-28 10:54:12.174',37977,'1'),('20166','vacation-student:4:20117','20141','20141','sid-B488C7ED-61FC-4E3A-AAEF-AFAA5B4971C7',NULL,NULL,NULL,'exclusiveGateway',NULL,'2016-08-28 10:54:12.174','2016-08-28 10:54:12.176',2,'1'),('20167','vacation-student:4:20117','20141','20141','sid-5732769D-2626-4CE0-98E5-40B1E96645C9','20168',NULL,'销假','userTask','1','2016-08-28 10:54:12.176','2016-08-28 10:54:39.547',27371,'1'),('20169','vacation-student:4:20117','20141','20141','sid-23B845EA-CBD0-4089-91D8-5A593FD8D038',NULL,NULL,NULL,'endEvent',NULL,'2016-08-28 10:54:39.547','2016-08-28 10:54:39.548',1,'1'),('5003','vacation:1:12','5001','5001','vacation_1',NULL,NULL,'填写请假单','startEvent',NULL,'2016-08-11 11:17:36.579','2016-08-11 11:17:36.598',19,'1'),('5010','vacation:1:12','5001','5001','taskuser-1','5011',NULL,'填写请假单','userTask','247688773386240','2016-08-11 11:17:36.598','2016-08-11 11:52:40.281',2103683,'1'),('5014','vacation:1:12','5001','5001','taskuser-2','5015',NULL,'部门领导审批','userTask','4','2016-08-11 11:52:40.281','2016-08-11 14:18:45.508',8765227,'1'),('5020','vacation:1:12','5018','5018','vacation_1',NULL,NULL,'填写请假单','startEvent',NULL,'2016-08-11 12:03:05.849','2016-08-11 12:03:05.852',3,'1'),('5027','vacation:1:12','5018','5018','taskuser-1','5028',NULL,'填写请假单','userTask','247688773386240','2016-08-11 12:03:05.852','2016-08-11 12:03:44.843',38991,'1'),('5031','vacation:1:12','5018','5018','taskuser-2','5032',NULL,'部门领导审批','userTask','247689000714240','2016-08-11 12:03:44.843','2016-08-12 15:00:10.898',96986055,'1'),('5049','vacation:1:12','5047','5047','vacation_1',NULL,NULL,'填写请假单','startEvent',NULL,'2016-08-11 14:15:28.046','2016-08-11 14:15:28.049',3,'1'),('5056','vacation:1:12','5047','5047','taskuser-1','5057',NULL,'填写请假单','userTask','247688773386240','2016-08-11 14:15:28.049','2016-08-11 14:18:47.509',199460,'1'),('5062','vacation:1:12','5060','5060','vacation_1',NULL,NULL,'填写请假单','startEvent',NULL,'2016-08-11 15:42:49.200','2016-08-11 15:42:49.203',3,'1'),('5069','vacation:1:12','5060','5060','taskuser-1','5070',NULL,'填写请假单','userTask','247688773386240','2016-08-11 15:42:49.203','2016-08-23 11:09:26.260',1020397057,'1'),('5087','vacation:1:12','5085','5085','vacation_1',NULL,NULL,'填写请假单','startEvent',NULL,'2016-08-11 17:07:45.328','2016-08-11 17:07:45.328',0,'1'),('5094','vacation:1:12','5085','5085','taskuser-1','5095',NULL,'填写请假单','userTask','247688773386240','2016-08-11 17:07:45.328','2016-08-23 11:09:28.551',1015303223,'1'),('5100','publish:1:8','5098','5098','startevent1',NULL,NULL,'Start','startEvent',NULL,'2016-08-11 17:12:15.045','2016-08-11 17:12:15.062',17,'1'),('5106','publish:1:8','5098','5098','taskuser-1','5107',NULL,'发文','userTask','1','2016-08-11 17:12:15.062','2016-08-11 17:12:15.077',15,'1'),('5109','publish:1:8','5098','5098','taskuser-2','5110',NULL,'部门领导审批','userTask','4','2016-08-11 17:12:15.077','2016-08-23 11:09:27.381',1015032304,'1'),('7503','vacation:1:12','7501','7501','vacation_1',NULL,NULL,'填写请假单','startEvent',NULL,'2016-08-12 14:13:23.940','2016-08-12 14:13:23.956',16,'1'),('7510','vacation:1:12','7501','7501','taskuser-1','7511',NULL,'填写请假单','userTask','247689000714240','2016-08-12 14:13:23.956','2016-08-12 14:13:24.057',101,'1'),('7513','vacation:1:12','7501','7501','taskuser-2','7514',NULL,'部门领导审批','userTask','247688416968704','2016-08-12 14:13:24.057','2016-08-12 14:14:23.130',59073,'1'),('7521','publish:1:8','7519','7519','startevent1',NULL,NULL,'Start','startEvent',NULL,'2016-08-12 14:56:20.106','2016-08-12 14:56:20.120',14,'1'),('7527','publish:1:8','7519','7519','taskuser-1','7528',NULL,'发文','userTask','1','2016-08-12 14:56:20.120','2016-08-12 14:56:20.180',60,'1'),('7530','publish:1:8','7519','7519','taskuser-2','7531',NULL,'部门领导审批','userTask','247689637478400','2016-08-12 14:56:20.180','2016-08-12 14:57:39.283',79103,'1'),('7536','publish:1:8','7519','7535','taskuser-3','7543',NULL,'会签','userTask','247689637478400','2016-08-12 14:57:39.284','2016-08-23 11:09:30.033',936710749,'1');
/*!40000 ALTER TABLE `act_hi_actinst` ENABLE KEYS */;
UNLOCK TABLES;

--
-- Table structure for table `act_hi_attachment`
--

DROP TABLE IF EXISTS `act_hi_attachment`;
/*!40101 SET @saved_cs_client     = @@character_set_client */;
/*!40101 SET character_set_client = utf8 */;
CREATE TABLE `act_hi_attachment` (
  `ID_` varchar(64) COLLATE utf8_bin NOT NULL,
  `REV_` int(11) DEFAULT NULL,
  `USER_ID_` varchar(255) COLLATE utf8_bin DEFAULT NULL,
  `NAME_` varchar(255) COLLATE utf8_bin DEFAULT NULL,
  `DESCRIPTION_` varchar(4000) COLLATE utf8_bin DEFAULT NULL,
  `TYPE_` varchar(255) COLLATE utf8_bin DEFAULT NULL,
  `TASK_ID_` varchar(64) COLLATE utf8_bin DEFAULT NULL,
  `PROC_INST_ID_` varchar(64) COLLATE utf8_bin DEFAULT NULL,
  `URL_` varchar(4000) COLLATE utf8_bin DEFAULT NULL,
  `CONTENT_ID_` varchar(64) COLLATE utf8_bin DEFAULT NULL,
  `TIME_` datetime(3) DEFAULT NULL,
  PRIMARY KEY (`ID_`)
) ENGINE=InnoDB DEFAULT CHARSET=utf8 COLLATE=utf8_bin;
/*!40101 SET character_set_client = @saved_cs_client */;

--
-- Dumping data for table `act_hi_attachment`
--

LOCK TABLES `act_hi_attachment` WRITE;
/*!40000 ALTER TABLE `act_hi_attachment` DISABLE KEYS */;
/*!40000 ALTER TABLE `act_hi_attachment` ENABLE KEYS */;
UNLOCK TABLES;

--
-- Table structure for table `act_hi_comment`
--

DROP TABLE IF EXISTS `act_hi_comment`;
/*!40101 SET @saved_cs_client     = @@character_set_client */;
/*!40101 SET character_set_client = utf8 */;
CREATE TABLE `act_hi_comment` (
  `ID_` varchar(64) COLLATE utf8_bin NOT NULL,
  `TYPE_` varchar(255) COLLATE utf8_bin DEFAULT NULL,
  `TIME_` datetime(3) NOT NULL,
  `USER_ID_` varchar(255) COLLATE utf8_bin DEFAULT NULL,
  `TASK_ID_` varchar(64) COLLATE utf8_bin DEFAULT NULL,
  `PROC_INST_ID_` varchar(64) COLLATE utf8_bin DEFAULT NULL,
  `ACTION_` varchar(255) COLLATE utf8_bin DEFAULT NULL,
  `MESSAGE_` varchar(4000) COLLATE utf8_bin DEFAULT NULL,
  `FULL_MSG_` longblob,
  PRIMARY KEY (`ID_`)
) ENGINE=InnoDB DEFAULT CHARSET=utf8 COLLATE=utf8_bin;
/*!40101 SET character_set_client = @saved_cs_client */;

--
-- Dumping data for table `act_hi_comment`
--

LOCK TABLES `act_hi_comment` WRITE;
/*!40000 ALTER TABLE `act_hi_comment` DISABLE KEYS */;
/*!40000 ALTER TABLE `act_hi_comment` ENABLE KEYS */;
UNLOCK TABLES;

--
-- Table structure for table `act_hi_detail`
--

DROP TABLE IF EXISTS `act_hi_detail`;
/*!40101 SET @saved_cs_client     = @@character_set_client */;
/*!40101 SET character_set_client = utf8 */;
CREATE TABLE `act_hi_detail` (
  `ID_` varchar(64) COLLATE utf8_bin NOT NULL,
  `TYPE_` varchar(255) COLLATE utf8_bin NOT NULL,
  `PROC_INST_ID_` varchar(64) COLLATE utf8_bin DEFAULT NULL,
  `EXECUTION_ID_` varchar(64) COLLATE utf8_bin DEFAULT NULL,
  `TASK_ID_` varchar(64) COLLATE utf8_bin DEFAULT NULL,
  `ACT_INST_ID_` varchar(64) COLLATE utf8_bin DEFAULT NULL,
  `NAME_` varchar(255) COLLATE utf8_bin NOT NULL,
  `VAR_TYPE_` varchar(255) COLLATE utf8_bin DEFAULT NULL,
  `REV_` int(11) DEFAULT NULL,
  `TIME_` datetime(3) NOT NULL,
  `BYTEARRAY_ID_` varchar(64) COLLATE utf8_bin DEFAULT NULL,
  `DOUBLE_` double DEFAULT NULL,
  `LONG_` bigint(20) DEFAULT NULL,
  `TEXT_` varchar(4000) COLLATE utf8_bin DEFAULT NULL,
  `TEXT2_` varchar(4000) COLLATE utf8_bin DEFAULT NULL,
  PRIMARY KEY (`ID_`),
  KEY `ACT_IDX_HI_DETAIL_PROC_INST` (`PROC_INST_ID_`),
  KEY `ACT_IDX_HI_DETAIL_ACT_INST` (`ACT_INST_ID_`),
  KEY `ACT_IDX_HI_DETAIL_TIME` (`TIME_`),
  KEY `ACT_IDX_HI_DETAIL_NAME` (`NAME_`),
  KEY `ACT_IDX_HI_DETAIL_TASK_ID` (`TASK_ID_`)
) ENGINE=InnoDB DEFAULT CHARSET=utf8 COLLATE=utf8_bin;
/*!40101 SET character_set_client = @saved_cs_client */;

--
-- Dumping data for table `act_hi_detail`
--

LOCK TABLES `act_hi_detail` WRITE;
/*!40000 ALTER TABLE `act_hi_detail` DISABLE KEYS */;
/*!40000 ALTER TABLE `act_hi_detail` ENABLE KEYS */;
UNLOCK TABLES;

--
-- Table structure for table `act_hi_identitylink`
--

DROP TABLE IF EXISTS `act_hi_identitylink`;
/*!40101 SET @saved_cs_client     = @@character_set_client */;
/*!40101 SET character_set_client = utf8 */;
CREATE TABLE `act_hi_identitylink` (
  `ID_` varchar(64) COLLATE utf8_bin NOT NULL DEFAULT '',
  `GROUP_ID_` varchar(255) COLLATE utf8_bin DEFAULT NULL,
  `TYPE_` varchar(255) COLLATE utf8_bin DEFAULT NULL,
  `USER_ID_` varchar(255) COLLATE utf8_bin DEFAULT NULL,
  `TASK_ID_` varchar(64) COLLATE utf8_bin DEFAULT NULL,
  `PROC_INST_ID_` varchar(64) COLLATE utf8_bin DEFAULT NULL,
  PRIMARY KEY (`ID_`),
  KEY `ACT_IDX_HI_IDENT_LNK_USER` (`USER_ID_`),
  KEY `ACT_IDX_HI_IDENT_LNK_TASK` (`TASK_ID_`),
  KEY `ACT_IDX_HI_IDENT_LNK_PROCINST` (`PROC_INST_ID_`)
) ENGINE=InnoDB DEFAULT CHARSET=utf8 COLLATE=utf8_bin;
/*!40101 SET character_set_client = @saved_cs_client */;

--
-- Dumping data for table `act_hi_identitylink`
--

LOCK TABLES `act_hi_identitylink` WRITE;
/*!40000 ALTER TABLE `act_hi_identitylink` DISABLE KEYS */;
INSERT INTO `act_hi_identitylink` VALUES ('15002',NULL,'starter','1',NULL,'15001'),('15012',NULL,'participant','常用语:流程发起人',NULL,'15001'),('15015',NULL,'participant','常用语:直接上级',NULL,'15001'),('15016',NULL,'participant','247689637478400',NULL,'15001'),('15021',NULL,'participant','7',NULL,'15001'),('15023',NULL,'starter','1',NULL,'15022'),('15032',NULL,'participant','常用语:流程发起人',NULL,'15022'),('15035',NULL,'participant','常用语:直接上级',NULL,'15022'),('15036',NULL,'participant','247689637478400',NULL,'15022'),('15060',NULL,'starter','1',NULL,'15059'),('15070',NULL,'participant','常用语:流程发起人',NULL,'15059'),('15073',NULL,'participant','常用语:直接上级',NULL,'15059'),('15074',NULL,'participant','247689637478400',NULL,'15059'),('15078',NULL,'starter','1',NULL,'15077'),('15088',NULL,'participant','常用语:流程发起人',NULL,'15077'),('15091',NULL,'participant','常用语:直接上级',NULL,'15077'),('15092',NULL,'participant','247689637478400',NULL,'15077'),('15099',NULL,'participant','7',NULL,'15077'),('15106',NULL,'starter','1',NULL,'15105'),('15115',NULL,'participant','常用语:流程发起人',NULL,'15105'),('15118',NULL,'participant','常用语:直接上级',NULL,'15105'),('15119',NULL,'participant','247689637478400',NULL,'15105'),('15130',NULL,'participant','4',NULL,'15105'),('15175',NULL,'starter','1',NULL,'15174'),('15185',NULL,'participant','常用语:流程发起人',NULL,'15174'),('15188',NULL,'participant','岗位:院长',NULL,'15174'),('15189',NULL,'participant','247688773386240',NULL,'15174'),('15195',NULL,'starter','1',NULL,'15194'),('15205',NULL,'participant','常用语:流程发起人',NULL,'15194'),('15208',NULL,'participant','岗位:院长',NULL,'15194'),('15209',NULL,'participant','247688773386240',NULL,'15194'),('15211',NULL,'starter','1',NULL,'15210'),('15221',NULL,'participant','常用语:流程发起人',NULL,'15210'),('15224',NULL,'participant','常用语:直接上级',NULL,'15210'),('15225',NULL,'participant','247689637478400',NULL,'15210'),('17502',NULL,'starter','1',NULL,'17501'),('17512',NULL,'participant','常用语:流程发起人',NULL,'17501'),('17515',NULL,'participant','常用语:直接上级',NULL,'17501'),('17516',NULL,'participant','247689637478400',NULL,'17501'),('17521',NULL,'participant','7',NULL,'15210'),('17523',NULL,'starter','1',NULL,'17522'),('17527',NULL,'participant','常用语:流程发起人',NULL,'17522'),('17530',NULL,'participant','岗位:院长',NULL,'17522'),('17531',NULL,'participant','247688773386240',NULL,'17522'),('17536',NULL,'starter','1',NULL,'17535'),('17547',NULL,'participant','常用语:流程发起人',NULL,'17535'),('17550',NULL,'participant','岗位:院长',NULL,'17535'),('17551',NULL,'participant','247688773386240',NULL,'17535'),('17553',NULL,'starter','1',NULL,'17552'),('17564',NULL,'participant','常用语:流程发起人',NULL,'17552'),('17567',NULL,'participant','岗位:院长',NULL,'17552'),('17568',NULL,'participant','247688773386240',NULL,'17552'),('17570',NULL,'starter','1',NULL,'17569'),('17581',NULL,'participant','常用语:流程发起人',NULL,'17569'),('17584',NULL,'participant','岗位:院长',NULL,'17569'),('17585',NULL,'participant','247688773386240',NULL,'17569'),('17587',NULL,'starter','1',NULL,'17586'),('17598',NULL,'participant','常用语:流程发起人',NULL,'17586'),('17601',NULL,'participant','岗位:院长',NULL,'17586'),('17602',NULL,'participant','247688773386240',NULL,'17586'),('20046',NULL,'starter','1',NULL,'20045'),('20056',NULL,'participant','常用语:流程发起人',NULL,'20045'),('20059',NULL,'participant','常用语:直接上级',NULL,'20045'),('20060',NULL,'participant','247689637478400',NULL,'20045'),('20119',NULL,'starter','1',NULL,'20118'),('20130',NULL,'participant','常用语:流程发起人',NULL,'20118'),('20133',NULL,'participant','常用语:直接上级',NULL,'20118'),('20134',NULL,'participant','247689637478400',NULL,'20118'),('20140',NULL,'participant','岗位:书记',NULL,'20118'),('20142',NULL,'starter','1',NULL,'20141'),('20153',NULL,'participant','常用语:流程发起人',NULL,'20141'),('20156',NULL,'participant','常用语:直接上级',NULL,'20141'),('20157',NULL,'participant','247689637478400',NULL,'20141'),('20163',NULL,'participant','岗位:书记',NULL,'20141'),('20164',NULL,'participant','4',NULL,'20141'),('5002',NULL,'starter','1',NULL,'5001'),('5012',NULL,'participant','常用语:流程发起人',NULL,'5001'),('5013',NULL,'participant','247688773386240',NULL,'5001'),('5016',NULL,'participant','常用语:直接上级',NULL,'5001'),('5017',NULL,'participant','4',NULL,'5001'),('5019',NULL,'starter','247689637478400',NULL,'5018'),('5029',NULL,'participant','常用语:流程发起人',NULL,'5018'),('5030',NULL,'participant','247688773386240',NULL,'5018'),('5033',NULL,'participant','常用语:直接上级',NULL,'5018'),('5034',NULL,'participant','247689000714240',NULL,'5018'),('5048',NULL,'starter','1',NULL,'5047'),('5058',NULL,'participant','常用语:流程发起人',NULL,'5047'),('5059',NULL,'participant','247688773386240',NULL,'5047'),('5061',NULL,'starter','1',NULL,'5060'),('5071',NULL,'participant','常用语:流程发起人',NULL,'5060'),('5072',NULL,'participant','247688773386240',NULL,'5060'),('5086',NULL,'starter','1',NULL,'5085'),('5096',NULL,'participant','常用语:流程发起人',NULL,'5085'),('5097',NULL,'participant','247688773386240',NULL,'5085'),('5099',NULL,'starter','1',NULL,'5098'),('5108',NULL,'participant','常用语:流程发起人',NULL,'5098'),('5111',NULL,'participant','常用语:直接上级',NULL,'5098'),('5112',NULL,'participant','4',NULL,'5098'),('7502',NULL,'starter','247689000714240',NULL,'7501'),('7512',NULL,'participant','常用语:流程发起人',NULL,'7501'),('7515',NULL,'participant','常用语:直接上级',NULL,'7501'),('7516',NULL,'participant','247688416968704',NULL,'7501'),('7520',NULL,'starter','1',NULL,'7519'),('7529',NULL,'participant','常用语:流程发起人',NULL,'7519'),('7532',NULL,'participant','常用语:直接上级',NULL,'7519'),('7533',NULL,'participant','247689637478400',NULL,'7519');
/*!40000 ALTER TABLE `act_hi_identitylink` ENABLE KEYS */;
UNLOCK TABLES;

--
-- Table structure for table `act_hi_procinst`
--

DROP TABLE IF EXISTS `act_hi_procinst`;
/*!40101 SET @saved_cs_client     = @@character_set_client */;
/*!40101 SET character_set_client = utf8 */;
CREATE TABLE `act_hi_procinst` (
  `ID_` varchar(64) COLLATE utf8_bin NOT NULL,
  `PROC_INST_ID_` varchar(64) COLLATE utf8_bin NOT NULL,
  `BUSINESS_KEY_` varchar(255) COLLATE utf8_bin DEFAULT NULL,
  `PROC_DEF_ID_` varchar(64) COLLATE utf8_bin NOT NULL,
  `START_TIME_` datetime(3) NOT NULL,
  `END_TIME_` datetime(3) DEFAULT NULL,
  `DURATION_` bigint(20) DEFAULT NULL,
  `START_USER_ID_` varchar(255) COLLATE utf8_bin DEFAULT NULL,
  `START_ACT_ID_` varchar(255) COLLATE utf8_bin DEFAULT NULL,
  `END_ACT_ID_` varchar(255) COLLATE utf8_bin DEFAULT NULL,
  `SUPER_PROCESS_INSTANCE_ID_` varchar(64) COLLATE utf8_bin DEFAULT NULL,
  `DELETE_REASON_` varchar(4000) COLLATE utf8_bin DEFAULT NULL,
  `TENANT_ID_` varchar(255) COLLATE utf8_bin DEFAULT '',
  `NAME_` varchar(255) COLLATE utf8_bin DEFAULT NULL,
  PRIMARY KEY (`ID_`),
  UNIQUE KEY `PROC_INST_ID_` (`PROC_INST_ID_`),
  KEY `ACT_IDX_HI_PRO_INST_END` (`END_TIME_`),
  KEY `ACT_IDX_HI_PRO_I_BUSKEY` (`BUSINESS_KEY_`)
) ENGINE=InnoDB DEFAULT CHARSET=utf8 COLLATE=utf8_bin;
/*!40101 SET character_set_client = @saved_cs_client */;

--
-- Dumping data for table `act_hi_procinst`
--

LOCK TABLES `act_hi_procinst` WRITE;
/*!40000 ALTER TABLE `act_hi_procinst` DISABLE KEYS */;
INSERT INTO `act_hi_procinst` VALUES ('15001','15001','270376238874624','vacation:1:12','2016-08-23 11:09:18.547','2016-08-23 11:13:15.473',236926,'1','vacation_1',NULL,NULL,'人工终止','1','请假流程-临远-2016-08-23 11:09'),('15022','15022','270380001509376','publish:1:8','2016-08-23 11:13:08.154','2016-08-23 15:11:57.272',14329118,'1','startevent1',NULL,NULL,'人工终止','1','公文发布-临远-2016-08-23 11:13'),('15059','15059','270513642176512','vacation:1:12','2016-08-23 13:29:05.013','2016-08-23 15:11:58.496',6173483,'1','vacation_1',NULL,NULL,'人工终止','1','请假流程-临远-2016-08-23 13:29'),('15077','15077','270615236689920','vacation:1:12','2016-08-23 15:12:25.772','2016-08-23 15:17:33.572',307800,'1','vacation_1','endnone-2',NULL,NULL,'1','请假流程-临远-2016-08-23 15:12'),('15105','15105','270622027038720','publish:1:8','2016-08-23 15:19:19.770','2016-08-23 15:31:07.515',707745,'1','startevent1',NULL,NULL,'人工终止','1','公文发布-临远-2016-08-23 15:19'),('15174','15174','270752438255616','process:4:15173','2016-08-23 17:31:59.853','2016-08-23 17:32:48.133',48280,'1','sid-A96C3AAA-D6D7-4DB5-A1E3-73D49BA0CA60','sid-AE528184-10E4-4D80-ADDE-21ED7729462E',NULL,NULL,'1','null-临远-2016-08-23 17:31'),('15194','15194','270756993302528','process:4:15173','2016-08-23 17:36:37.805','2016-08-24 10:34:19.215',61061410,'1','sid-A96C3AAA-D6D7-4DB5-A1E3-73D49BA0CA60','sid-AE528184-10E4-4D80-ADDE-21ED7729462E',NULL,NULL,'1','null-临远-2016-08-23 17:36'),('15210','15210','270757515640832','vacation:1:12','2016-08-23 17:37:21.080','2016-08-28 10:05:13.639',404872559,'1','vacation_1',NULL,NULL,'人工终止','1','请假流程-临远-2016-08-23 17:37'),('17501','17501','271695178579968','vacation:1:12','2016-08-24 09:31:00.312','2016-08-28 10:05:15.062',347654750,'1','vacation_1',NULL,NULL,'人工终止','1','请假流程-临远-2016-08-24 09:31'),('17522','17522','271756963692544','process:4:15173','2016-08-24 10:33:49.517','2016-08-28 10:05:16.642',343887125,'1','sid-A96C3AAA-D6D7-4DB5-A1E3-73D49BA0CA60',NULL,NULL,'人工终止','1','null-临远-2016-08-24 10:33'),('17535','17535','271759910174720','process:4:15173','2016-08-24 10:36:50.721','2016-08-28 10:05:17.664',343706943,'1','sid-A96C3AAA-D6D7-4DB5-A1E3-73D49BA0CA60',NULL,NULL,'人工终止','1','null-临远-2016-08-24 10:36'),('17552','17552','271766822633472','process:4:15173','2016-08-24 10:43:52.526','2016-08-28 10:05:18.621',343286095,'1','sid-A96C3AAA-D6D7-4DB5-A1E3-73D49BA0CA60',NULL,NULL,'人工终止','1','null-临远-2016-08-24 10:43'),('17569','17569','271782491504640','process:4:15173','2016-08-24 10:59:48.694','2016-08-28 10:05:19.784',342331090,'1','sid-A96C3AAA-D6D7-4DB5-A1E3-73D49BA0CA60',NULL,NULL,'人工终止','1','null-临远-2016-08-24 10:59'),('17586','17586','271828669497344','process:4:15173','2016-08-24 11:46:47.139','2016-08-28 10:05:20.598',339513459,'1','sid-A96C3AAA-D6D7-4DB5-A1E3-73D49BA0CA60',NULL,NULL,'人工终止','1','null-临远-2016-08-24 11:46'),('20045','20045','277394326110208','vacation:1:12','2016-08-28 10:08:28.049','2016-08-28 10:14:07.122',339073,'1','vacation_1',NULL,NULL,'人工终止','1','请假流程-临远-2016-08-28 10:08'),('20118','20118','277433676251136','vacation-student:4:20117','2016-08-28 10:48:29.607','2016-08-28 10:51:54.369',204762,'1','sid-4CAE5CD3-1F38-40AF-833F-337531C9AA04',NULL,NULL,'人工终止','1','学生请假流程-临远-2016-08-28 10:48'),('20141','20141','277438255661056','vacation-student:4:20117','2016-08-28 10:53:09.249','2016-08-28 10:54:39.550',90301,'1','sid-4CAE5CD3-1F38-40AF-833F-337531C9AA04','sid-23B845EA-CBD0-4089-91D8-5A593FD8D038',NULL,NULL,'1','学生请假流程-临远-2016-08-28 10:53'),('5001','5001','253397469265920','vacation:1:12','2016-08-11 11:17:36.579','2016-08-11 14:18:45.508',10868929,'1','vacation_1',NULL,NULL,'人工终止','1','请假流程-临远-2016-08-11 11:17'),('5018','5018','253442188607488','vacation:1:12','2016-08-11 12:03:05.849','2016-08-12 15:00:10.899',97025050,'247689637478400','vacation_1',NULL,NULL,'人工终止','1','请假流程-tt-2016-08-11 12:03'),('5047','5047','253572155539456','vacation:1:12','2016-08-11 14:15:28.046','2016-08-11 14:18:47.509',199463,'1','vacation_1',NULL,NULL,'人工终止','1','请假流程-临远-2016-08-11 14:15'),('5060','5060','253585567006720','vacation:1:12','2016-08-11 15:42:49.200','2016-08-23 11:09:26.261',1020397061,'1','vacation_1',NULL,NULL,'人工终止','1','请假流程-临远-2016-08-11 15:42'),('5085','5085','253741680312320','vacation:1:12','2016-08-11 17:07:45.328','2016-08-23 11:09:28.551',1015303223,'1','vacation_1',NULL,NULL,'人工终止','1','请假流程-临远-2016-08-11 17:07'),('5098','5098','253746096472064','publish:1:8','2016-08-11 17:12:15.045','2016-08-23 11:09:27.382',1015032337,'1','startevent1',NULL,NULL,'人工终止','1','公文发布-临远-2016-08-11 17:12'),('7501','7501','254985839607808','vacation:1:12','2016-08-12 14:13:23.940','2016-08-12 14:14:23.130',59190,'247689000714240','vacation_1',NULL,NULL,'人工终止','1','请假流程-ee-2016-08-12 14:13'),('7519','7519','255028049969152','publish:1:8','2016-08-12 14:56:20.106','2016-08-23 11:09:30.037',936789931,'1','startevent1',NULL,NULL,'人工终止','1','公文发布-临远-2016-08-12 14:56');
/*!40000 ALTER TABLE `act_hi_procinst` ENABLE KEYS */;
UNLOCK TABLES;

--
-- Table structure for table `act_hi_taskinst`
--

DROP TABLE IF EXISTS `act_hi_taskinst`;
/*!40101 SET @saved_cs_client     = @@character_set_client */;
/*!40101 SET character_set_client = utf8 */;
CREATE TABLE `act_hi_taskinst` (
  `ID_` varchar(64) COLLATE utf8_bin NOT NULL,
  `PROC_DEF_ID_` varchar(64) COLLATE utf8_bin DEFAULT NULL,
  `TASK_DEF_KEY_` varchar(255) COLLATE utf8_bin DEFAULT NULL,
  `PROC_INST_ID_` varchar(64) COLLATE utf8_bin DEFAULT NULL,
  `EXECUTION_ID_` varchar(64) COLLATE utf8_bin DEFAULT NULL,
  `NAME_` varchar(255) COLLATE utf8_bin DEFAULT NULL,
  `PARENT_TASK_ID_` varchar(64) COLLATE utf8_bin DEFAULT NULL,
  `DESCRIPTION_` varchar(4000) COLLATE utf8_bin DEFAULT NULL,
  `OWNER_` varchar(255) COLLATE utf8_bin DEFAULT NULL,
  `ASSIGNEE_` varchar(255) COLLATE utf8_bin DEFAULT NULL,
  `START_TIME_` datetime(3) NOT NULL,
  `CLAIM_TIME_` datetime(3) DEFAULT NULL,
  `END_TIME_` datetime(3) DEFAULT NULL,
  `DURATION_` bigint(20) DEFAULT NULL,
  `DELETE_REASON_` varchar(4000) COLLATE utf8_bin DEFAULT NULL,
  `PRIORITY_` int(11) DEFAULT NULL,
  `DUE_DATE_` datetime(3) DEFAULT NULL,
  `FORM_KEY_` varchar(255) COLLATE utf8_bin DEFAULT NULL,
  `CATEGORY_` varchar(255) COLLATE utf8_bin DEFAULT NULL,
  `TENANT_ID_` varchar(255) COLLATE utf8_bin DEFAULT '',
  PRIMARY KEY (`ID_`),
  KEY `ACT_IDX_HI_TASK_INST_PROCINST` (`PROC_INST_ID_`)
) ENGINE=InnoDB DEFAULT CHARSET=utf8 COLLATE=utf8_bin;
/*!40101 SET character_set_client = @saved_cs_client */;

--
-- Dumping data for table `act_hi_taskinst`
--

LOCK TABLES `act_hi_taskinst` WRITE;
/*!40000 ALTER TABLE `act_hi_taskinst` DISABLE KEYS */;
INSERT INTO `act_hi_taskinst` VALUES ('15011','vacation:1:12','taskuser-1','15001','15001','填写请假单',NULL,NULL,NULL,'1','2016-08-23 11:09:18.591',NULL,'2016-08-23 11:09:18.875',284,'发起流程',50,NULL,'vacation-request',NULL,'1'),('15014','vacation:1:12','taskuser-2','15001','15001','部门领导审批',NULL,NULL,NULL,'247689637478400','2016-08-23 11:09:18.881',NULL,'2016-08-23 11:10:38.271',79390,'完成',50,NULL,'vacation-department',NULL,'1'),('15020','vacation:1:12','taskuser-3','15001','15001','人事审批',NULL,NULL,NULL,'7','2016-08-23 11:10:38.280',NULL,'2016-08-23 11:13:15.468',157188,'人工终止',50,NULL,'vacation-hr',NULL,'1'),('15031','publish:1:8','taskuser-1','15022','15022','发文',NULL,NULL,NULL,'1','2016-08-23 11:13:08.165',NULL,'2016-08-23 11:13:08.189',24,'发起流程',50,NULL,'publish-request',NULL,'1'),('15034','publish:1:8','taskuser-2','15022','15022','部门领导审批',NULL,NULL,NULL,'247689637478400','2016-08-23 11:13:08.193',NULL,'2016-08-23 11:14:35.663',87470,'完成',50,NULL,'publish-manager',NULL,'1'),('15046','publish:1:8','taskuser-3','15022','15043','会签',NULL,NULL,NULL,'247689637478400','2016-08-23 11:14:35.676',NULL,'2016-08-23 15:11:57.260',14241584,'人工终止',50,NULL,'publish-countersign',NULL,'1'),('15069','vacation:1:12','taskuser-1','15059','15059','填写请假单',NULL,NULL,NULL,'1','2016-08-23 13:29:05.013',NULL,'2016-08-23 13:29:05.044',31,'发起流程',50,NULL,'vacation-request',NULL,'1'),('15072','vacation:1:12','taskuser-2','15059','15059','部门领导审批',NULL,NULL,NULL,'247689637478400','2016-08-23 13:29:05.044',NULL,'2016-08-23 15:11:58.494',6173450,'人工终止',50,NULL,'vacation-department',NULL,'1'),('15087','vacation:1:12','taskuser-1','15077','15077','填写请假单',NULL,NULL,NULL,'1','2016-08-23 15:12:25.775',NULL,'2016-08-23 15:12:25.801',26,'发起流程',50,NULL,'vacation-request',NULL,'1'),('15090','vacation:1:12','taskuser-2','15077','15077','部门领导审批',NULL,NULL,NULL,'247689637478400','2016-08-23 15:12:25.804',NULL,'2016-08-23 15:12:51.312',25508,'完成',50,NULL,'vacation-department',NULL,'1'),('15098','vacation:1:12','taskuser-3','15077','15077','人事审批',NULL,NULL,NULL,'7','2016-08-23 15:12:51.320',NULL,'2016-08-23 15:16:23.312',211992,'完成',50,NULL,'vacation-hr',NULL,'1'),('15103','vacation:1:12','taskuser-6','15077','15077','销假',NULL,NULL,NULL,'1','2016-08-23 15:16:23.318',NULL,'2016-08-23 15:17:33.566',70248,'完成',50,NULL,'vacation-finish',NULL,'1'),('15114','publish:1:8','taskuser-1','15105','15105','发文',NULL,NULL,NULL,'1','2016-08-23 15:19:19.800',NULL,'2016-08-23 15:19:19.822',22,'发起流程',50,NULL,'publish-request',NULL,'1'),('15117','publish:1:8','taskuser-2','15105','15105','部门领导审批',NULL,NULL,NULL,'247689637478400','2016-08-23 15:19:19.824',NULL,'2016-08-23 15:20:50.157',90333,'完成',50,NULL,'publish-manager',NULL,'1'),('15129','publish:1:8','taskuser-3','15105','15126','会签',NULL,NULL,NULL,'4','2016-08-23 15:20:50.164',NULL,'2016-08-23 15:31:07.483',617319,'人工终止',50,NULL,'publish-countersign',NULL,'1'),('15184','process:4:15173','sid-B42805EC-3B82-4E88-BCEB-E93869BF5284','15174','15174','请假',NULL,NULL,NULL,'1','2016-08-23 17:31:59.856',NULL,'2016-08-23 17:31:59.911',55,'发起流程',50,NULL,NULL,NULL,'1'),('15187','process:4:15173','sid-62CC9B4B-804C-44D6-AC40-9E4DD72CCA0D','15174','15174','上级审批',NULL,NULL,NULL,'247688773386240','2016-08-23 17:31:59.914',NULL,'2016-08-23 17:32:48.128',48214,'完成',50,NULL,NULL,NULL,'1'),('15204','process:4:15173','sid-B42805EC-3B82-4E88-BCEB-E93869BF5284','15194','15194','请假',NULL,NULL,NULL,'1','2016-08-23 17:36:37.809',NULL,'2016-08-23 17:36:37.833',24,'发起流程',50,NULL,NULL,NULL,'1'),('15207','process:4:15173','sid-62CC9B4B-804C-44D6-AC40-9E4DD72CCA0D','15194','15194','上级审批',NULL,NULL,NULL,'247688773386240','2016-08-23 17:36:37.836',NULL,'2016-08-24 10:34:19.215',61061379,'完成',50,NULL,NULL,NULL,'1'),('15220','vacation:1:12','taskuser-1','15210','15210','填写请假单',NULL,NULL,NULL,'1','2016-08-23 17:37:21.083',NULL,'2016-08-23 17:37:21.108',25,'发起流程',50,NULL,'vacation-request',NULL,'1'),('15223','vacation:1:12','taskuser-2','15210','15210','部门领导审批',NULL,NULL,NULL,'247689637478400','2016-08-23 17:37:21.110',NULL,'2016-08-24 09:32:05.714',57284604,'完成',50,NULL,'vacation-department',NULL,'1'),('17511','vacation:1:12','taskuser-1','17501','17501','填写请假单',NULL,NULL,NULL,'1','2016-08-24 09:31:00.344',NULL,'2016-08-24 09:31:00.594',250,'发起流程',50,NULL,'vacation-request',NULL,'1'),('17514','vacation:1:12','taskuser-2','17501','17501','部门领导审批',NULL,NULL,NULL,'247689637478400','2016-08-24 09:31:00.609',NULL,'2016-08-28 10:05:15.057',347654448,'人工终止',50,NULL,'vacation-department',NULL,'1'),('17520','vacation:1:12','taskuser-3','15210','15210','人事审批',NULL,NULL,NULL,'7','2016-08-24 09:32:05.728',NULL,'2016-08-28 10:05:13.636',347587908,'人工终止',50,NULL,'vacation-hr',NULL,'1'),('17526','process:4:15173','sid-B42805EC-3B82-4E88-BCEB-E93869BF5284','17522','17522','请假',NULL,NULL,NULL,'1','2016-08-24 10:33:49.522',NULL,'2016-08-24 10:33:49.559',37,'发起流程',50,NULL,NULL,NULL,'1'),('17529','process:4:15173','sid-62CC9B4B-804C-44D6-AC40-9E4DD72CCA0D','17522','17522','上级审批',NULL,NULL,NULL,'247688773386240','2016-08-24 10:33:49.562',NULL,'2016-08-28 10:05:16.640',343887078,'人工终止',50,NULL,NULL,NULL,'1'),('17546','process:4:15173','sid-B42805EC-3B82-4E88-BCEB-E93869BF5284','17535','17535','请假',NULL,NULL,NULL,'1','2016-08-24 10:36:50.721',NULL,'2016-08-24 10:36:50.752',31,'发起流程',50,NULL,NULL,NULL,'1'),('17549','process:4:15173','sid-62CC9B4B-804C-44D6-AC40-9E4DD72CCA0D','17535','17535','上级审批',NULL,NULL,NULL,'247688773386240','2016-08-24 10:36:50.752',NULL,'2016-08-28 10:05:17.662',343706910,'人工终止',50,NULL,NULL,NULL,'1'),('17563','process:4:15173','sid-B42805EC-3B82-4E88-BCEB-E93869BF5284','17552','17552','请假',NULL,NULL,NULL,'1','2016-08-24 10:43:52.526',NULL,'2016-08-24 10:43:52.542',16,'发起流程',50,NULL,NULL,NULL,'1'),('17566','process:4:15173','sid-62CC9B4B-804C-44D6-AC40-9E4DD72CCA0D','17552','17552','上级审批',NULL,NULL,NULL,'247688773386240','2016-08-24 10:43:52.542',NULL,'2016-08-28 10:05:18.618',343286076,'人工终止',50,NULL,NULL,NULL,'1'),('17580','process:4:15173','sid-B42805EC-3B82-4E88-BCEB-E93869BF5284','17569','17569','请假',NULL,NULL,NULL,'1','2016-08-24 10:59:48.710',NULL,'2016-08-24 10:59:48.725',15,'发起流程',50,NULL,NULL,NULL,'1'),('17583','process:4:15173','sid-62CC9B4B-804C-44D6-AC40-9E4DD72CCA0D','17569','17569','上级审批',NULL,NULL,NULL,'247688773386240','2016-08-24 10:59:48.725',NULL,'2016-08-28 10:05:19.782',342331057,'人工终止',50,NULL,NULL,NULL,'1'),('17597','process:4:15173','sid-B42805EC-3B82-4E88-BCEB-E93869BF5284','17586','17586','请假',NULL,NULL,NULL,'1','2016-08-24 11:46:47.154',NULL,'2016-08-24 11:46:47.186',32,'发起流程',50,NULL,NULL,NULL,'1'),('17600','process:4:15173','sid-62CC9B4B-804C-44D6-AC40-9E4DD72CCA0D','17586','17586','上级审批',NULL,NULL,NULL,'247688773386240','2016-08-24 11:46:47.186',NULL,'2016-08-28 10:05:20.596',339513410,'人工终止',50,NULL,NULL,NULL,'1'),('20055','vacation:1:12','taskuser-1','20045','20045','填写请假单',NULL,NULL,NULL,'1','2016-08-28 10:08:28.053',NULL,'2016-08-28 10:08:28.081',28,'发起流程',50,NULL,'vacation-request',NULL,'1'),('20058','vacation:1:12','taskuser-2','20045','20045','部门领导审批',NULL,NULL,NULL,'247689637478400','2016-08-28 10:08:28.083',NULL,'2016-08-28 10:14:07.120',339037,'人工终止',50,NULL,'vacation-department',NULL,'1'),('20129','vacation-student:4:20117','sid-92464D4A-380E-4D73-875E-E77E82399CEC','20118','20118','填写请假单',NULL,NULL,NULL,'1','2016-08-28 10:48:29.611',NULL,'2016-08-28 10:48:29.634',23,'发起流程',50,NULL,NULL,NULL,'1'),('20132','vacation-student:4:20117','sid-2A5BFF60-DE0C-4DB9-954A-BA57F5611EE5','20118','20118','辅导员审批',NULL,NULL,NULL,'247689637478400','2016-08-28 10:48:29.637',NULL,'2016-08-28 10:48:42.557',12920,'完成',50,NULL,NULL,NULL,'1'),('20139','vacation-student:4:20117','sid-19ABB7E8-A781-4964-83DE-CBD2598A1C66','20118','20118','院系领导审批',NULL,NULL,NULL,'岗位:书记','2016-08-28 10:48:42.565',NULL,'2016-08-28 10:51:54.367',191802,'人工终止',50,NULL,NULL,NULL,'1'),('20152','vacation-student:4:20117','sid-92464D4A-380E-4D73-875E-E77E82399CEC','20141','20141','填写请假单',NULL,NULL,NULL,'1','2016-08-28 10:53:09.253',NULL,'2016-08-28 10:53:09.273',20,'发起流程',50,NULL,NULL,NULL,'1'),('20155','vacation-student:4:20117','sid-2A5BFF60-DE0C-4DB9-954A-BA57F5611EE5','20141','20141','辅导员审批',NULL,NULL,NULL,'247689637478400','2016-08-28 10:53:09.275',NULL,'2016-08-28 10:53:34.190',24915,'完成',50,NULL,NULL,NULL,'1'),('20162','vacation-student:4:20117','sid-19ABB7E8-A781-4964-83DE-CBD2598A1C66','20141','20141','院系领导审批',NULL,NULL,NULL,'4','2016-08-28 10:53:34.199',NULL,'2016-08-28 10:54:12.172',37973,'完成',50,NULL,NULL,NULL,'1'),('20168','vacation-student:4:20117','sid-5732769D-2626-4CE0-98E5-40B1E96645C9','20141','20141','销假',NULL,NULL,NULL,'1','2016-08-28 10:54:12.177',NULL,'2016-08-28 10:54:39.544',27367,'完成',50,NULL,NULL,NULL,'1'),('5011','vacation:1:12','taskuser-1','5001','5001','填写请假单',NULL,NULL,NULL,'247688773386240','2016-08-11 11:17:36.599',NULL,'2016-08-11 11:52:40.277',2103678,'完成',50,NULL,'vacation-request',NULL,'1'),('5015','vacation:1:12','taskuser-2','5001','5001','部门领导审批',NULL,NULL,NULL,'4','2016-08-11 11:52:40.283',NULL,'2016-08-11 14:18:45.493',8765210,'人工终止',50,NULL,'vacation-department',NULL,'1'),('5028','vacation:1:12','taskuser-1','5018','5018','填写请假单',NULL,NULL,NULL,'247688773386240','2016-08-11 12:03:05.853',NULL,'2016-08-11 12:03:44.840',38987,'完成',50,NULL,'vacation-request',NULL,'1'),('5032','vacation:1:12','taskuser-2','5018','5018','部门领导审批',NULL,NULL,NULL,'247689000714240','2016-08-11 12:03:44.844',NULL,'2016-08-12 15:00:10.897',96986053,'人工终止',50,NULL,'vacation-department',NULL,'1'),('5057','vacation:1:12','taskuser-1','5047','5047','填写请假单',NULL,NULL,NULL,'247688773386240','2016-08-11 14:15:28.050',NULL,'2016-08-11 14:18:47.509',199459,'人工终止',50,NULL,'vacation-request',NULL,'1'),('5070','vacation:1:12','taskuser-1','5060','5060','填写请假单',NULL,NULL,NULL,'247688773386240','2016-08-11 15:42:49.205',NULL,'2016-08-23 11:09:26.256',1020397051,'人工终止',50,NULL,'vacation-request',NULL,'1'),('5095','vacation:1:12','taskuser-1','5085','5085','填写请假单',NULL,NULL,NULL,'247688773386240','2016-08-11 17:07:45.328',NULL,'2016-08-23 11:09:28.549',1015303221,'人工终止',50,NULL,'vacation-request',NULL,'1'),('5107','publish:1:8','taskuser-1','5098','5098','发文',NULL,NULL,NULL,'1','2016-08-11 17:12:15.062',NULL,'2016-08-11 17:12:15.077',15,'发起流程',50,NULL,'publish-request',NULL,'1'),('5110','publish:1:8','taskuser-2','5098','5098','部门领导审批',NULL,NULL,NULL,'4','2016-08-11 17:12:15.077',NULL,'2016-08-23 11:09:27.379',1015032302,'人工终止',50,NULL,'publish-manager',NULL,'1'),('7511','vacation:1:12','taskuser-1','7501','7501','填写请假单',NULL,NULL,NULL,'247689000714240','2016-08-12 14:13:23.971',NULL,'2016-08-12 14:13:24.057',86,'发起流程',50,NULL,'vacation-request',NULL,'1'),('7514','vacation:1:12','taskuser-2','7501','7501','部门领导审批',NULL,NULL,NULL,'247688416968704','2016-08-12 14:13:24.057',NULL,'2016-08-12 14:14:23.130',59073,'人工终止',50,NULL,'vacation-department',NULL,'1'),('7528','publish:1:8','taskuser-1','7519','7519','发文',NULL,NULL,NULL,'1','2016-08-12 14:56:20.122',NULL,'2016-08-12 14:56:20.179',57,'发起流程',50,NULL,'publish-request',NULL,'1'),('7531','publish:1:8','taskuser-2','7519','7519','部门领导审批',NULL,NULL,NULL,'247689637478400','2016-08-12 14:56:20.181',NULL,'2016-08-12 14:57:39.278',79097,'完成',50,NULL,'publish-manager',NULL,'1'),('7543','publish:1:8','taskuser-3','7519','7540','会签',NULL,NULL,NULL,'247689637478400','2016-08-12 14:57:39.295',NULL,'2016-08-23 11:09:30.015',936710720,'人工终止',50,NULL,'publish-countersign',NULL,'1');
/*!40000 ALTER TABLE `act_hi_taskinst` ENABLE KEYS */;
UNLOCK TABLES;

--
-- Table structure for table `act_hi_varinst`
--

DROP TABLE IF EXISTS `act_hi_varinst`;
/*!40101 SET @saved_cs_client     = @@character_set_client */;
/*!40101 SET character_set_client = utf8 */;
CREATE TABLE `act_hi_varinst` (
  `ID_` varchar(64) COLLATE utf8_bin NOT NULL,
  `PROC_INST_ID_` varchar(64) COLLATE utf8_bin DEFAULT NULL,
  `EXECUTION_ID_` varchar(64) COLLATE utf8_bin DEFAULT NULL,
  `TASK_ID_` varchar(64) COLLATE utf8_bin DEFAULT NULL,
  `NAME_` varchar(255) COLLATE utf8_bin NOT NULL,
  `VAR_TYPE_` varchar(100) COLLATE utf8_bin DEFAULT NULL,
  `REV_` int(11) DEFAULT NULL,
  `BYTEARRAY_ID_` varchar(64) COLLATE utf8_bin DEFAULT NULL,
  `DOUBLE_` double DEFAULT NULL,
  `LONG_` bigint(20) DEFAULT NULL,
  `TEXT_` varchar(4000) COLLATE utf8_bin DEFAULT NULL,
  `TEXT2_` varchar(4000) COLLATE utf8_bin DEFAULT NULL,
  `CREATE_TIME_` datetime(3) DEFAULT NULL,
  `LAST_UPDATED_TIME_` datetime(3) DEFAULT NULL,
  PRIMARY KEY (`ID_`),
  KEY `ACT_IDX_HI_PROCVAR_PROC_INST` (`PROC_INST_ID_`),
  KEY `ACT_IDX_HI_PROCVAR_NAME_TYPE` (`NAME_`,`VAR_TYPE_`),
  KEY `ACT_IDX_HI_PROCVAR_TASK_ID` (`TASK_ID_`)
) ENGINE=InnoDB DEFAULT CHARSET=utf8 COLLATE=utf8_bin;
/*!40101 SET character_set_client = @saved_cs_client */;

--
-- Dumping data for table `act_hi_varinst`
--

LOCK TABLES `act_hi_varinst` WRITE;
/*!40000 ALTER TABLE `act_hi_varinst` DISABLE KEYS */;
INSERT INTO `act_hi_varinst` VALUES ('15004','15001','15001',NULL,'startDate','string',2,NULL,NULL,NULL,'2016-07-28',NULL,'2016-08-23 11:09:18.547','2016-08-23 11:13:15.478'),('15005','15001','15001',NULL,'startDateTime','string',2,NULL,NULL,NULL,'上午',NULL,'2016-08-23 11:09:18.548','2016-08-23 11:13:15.478'),('15006','15001','15001',NULL,'reason','string',2,NULL,NULL,NULL,'test',NULL,'2016-08-23 11:09:18.548','2016-08-23 11:13:15.478'),('15007','15001','15001',NULL,'endDate','string',2,NULL,NULL,NULL,'2016-08-26',NULL,'2016-08-23 11:09:18.548','2016-08-23 11:13:15.478'),('15008','15001','15001',NULL,'type','string',2,NULL,NULL,NULL,'事假',NULL,'2016-08-23 11:09:18.548','2016-08-23 11:13:15.478'),('15009','15001','15001',NULL,'endDateTime','string',2,NULL,NULL,NULL,'下午',NULL,'2016-08-23 11:09:18.548','2016-08-23 11:13:15.478'),('15017','15001','15001',NULL,'leaderComment','string',1,NULL,NULL,NULL,'同意',NULL,'2016-08-23 11:10:38.259','2016-08-23 11:13:15.478'),('15025','15022','15022',NULL,'content','string',2,NULL,NULL,NULL,'11111',NULL,'2016-08-23 11:13:08.154','2016-08-23 15:11:57.276'),('15026','15022','15022',NULL,'title','string',2,NULL,NULL,NULL,'test',NULL,'2016-08-23 11:13:08.154','2016-08-23 15:11:57.276'),('15028','15022','15022',NULL,'countersignUsers','serializable',1,'15029',NULL,NULL,NULL,NULL,'2016-08-23 11:13:08.161','2016-08-23 15:11:57.276'),('15037','15022','15022',NULL,'leaderComment','string',1,NULL,NULL,NULL,'同意',NULL,'2016-08-23 11:14:35.655','2016-08-23 15:11:57.276'),('15040','15022','15038',NULL,'nrOfInstances','integer',1,NULL,NULL,1,'1',NULL,'2016-08-23 11:14:35.674','2016-08-23 15:11:57.271'),('15041','15022','15038',NULL,'nrOfCompletedInstances','integer',1,NULL,NULL,0,'0',NULL,'2016-08-23 11:14:35.674','2016-08-23 15:11:57.271'),('15042','15022','15038',NULL,'nrOfActiveInstances','integer',1,NULL,NULL,1,'1',NULL,'2016-08-23 11:14:35.674','2016-08-23 15:11:57.271'),('15044','15022','15043',NULL,'loopCounter','integer',1,NULL,NULL,0,'0',NULL,'2016-08-23 11:14:35.675','2016-08-23 15:11:57.264'),('15045','15022','15043',NULL,'countersignUser','string',1,NULL,NULL,NULL,'247689637478400',NULL,'2016-08-23 11:14:35.675','2016-08-23 15:11:57.263'),('15062','15059','15059',NULL,'startDate','string',1,NULL,NULL,NULL,'2016-08-27',NULL,'2016-08-23 13:29:05.013','2016-08-23 15:11:58.501'),('15063','15059','15059',NULL,'startDateTime','string',1,NULL,NULL,NULL,'上午',NULL,'2016-08-23 13:29:05.013','2016-08-23 15:11:58.501'),('15064','15059','15059',NULL,'reason','string',1,NULL,NULL,NULL,'fdgd',NULL,'2016-08-23 13:29:05.013','2016-08-23 15:11:58.501'),('15065','15059','15059',NULL,'endDate','string',1,NULL,NULL,NULL,'2016-08-31',NULL,'2016-08-23 13:29:05.013','2016-08-23 15:11:58.501'),('15066','15059','15059',NULL,'type','string',1,NULL,NULL,NULL,'事假',NULL,'2016-08-23 13:29:05.013','2016-08-23 15:11:58.501'),('15067','15059','15059',NULL,'endDateTime','string',1,NULL,NULL,NULL,'下午',NULL,'2016-08-23 13:29:05.013','2016-08-23 15:11:58.501'),('15080','15077','15077',NULL,'startDate','string',3,NULL,NULL,NULL,'2016-08-26',NULL,'2016-08-23 15:12:25.772','2016-08-23 15:17:33.572'),('15081','15077','15077',NULL,'startDateTime','string',3,NULL,NULL,NULL,'上午',NULL,'2016-08-23 15:12:25.772','2016-08-23 15:17:33.572'),('15082','15077','15077',NULL,'reason','string',3,NULL,NULL,NULL,'a',NULL,'2016-08-23 15:12:25.772','2016-08-23 15:17:33.572'),('15083','15077','15077',NULL,'endDate','string',3,NULL,NULL,NULL,'2016-08-31',NULL,'2016-08-23 15:12:25.772','2016-08-23 15:17:33.572'),('15084','15077','15077',NULL,'type','string',3,NULL,NULL,NULL,'事假',NULL,'2016-08-23 15:12:25.772','2016-08-23 15:17:33.572'),('15085','15077','15077',NULL,'endDateTime','string',3,NULL,NULL,NULL,'下午',NULL,'2016-08-23 15:12:25.772','2016-08-23 15:17:33.572'),('15095','15077','15077',NULL,'leaderComment','string',2,NULL,NULL,NULL,'同意',NULL,'2016-08-23 15:12:51.300','2016-08-23 15:17:33.572'),('15100','15077','15077',NULL,'hrComment','string',1,NULL,NULL,NULL,'同意',NULL,'2016-08-23 15:16:23.303','2016-08-23 15:17:33.572'),('15108','15105','15105',NULL,'content','string',2,NULL,NULL,NULL,'1231',NULL,'2016-08-23 15:19:19.770','2016-08-23 15:31:07.518'),('15109','15105','15105',NULL,'title','string',2,NULL,NULL,NULL,'12',NULL,'2016-08-23 15:19:19.770','2016-08-23 15:31:07.518'),('15111','15105','15105',NULL,'countersignUsers','serializable',1,'15112',NULL,NULL,NULL,NULL,'2016-08-23 15:19:19.795','2016-08-23 15:31:07.518'),('15120','15105','15105',NULL,'leaderComment','string',1,NULL,NULL,NULL,'同意',NULL,'2016-08-23 15:20:50.149','2016-08-23 15:31:07.518'),('15123','15105','15121',NULL,'nrOfInstances','integer',1,NULL,NULL,1,'1',NULL,'2016-08-23 15:20:50.163','2016-08-23 15:31:07.514'),('15124','15105','15121',NULL,'nrOfCompletedInstances','integer',1,NULL,NULL,0,'0',NULL,'2016-08-23 15:20:50.163','2016-08-23 15:31:07.514'),('15125','15105','15121',NULL,'nrOfActiveInstances','integer',1,NULL,NULL,1,'1',NULL,'2016-08-23 15:20:50.163','2016-08-23 15:31:07.514'),('15127','15105','15126',NULL,'loopCounter','integer',1,NULL,NULL,0,'0',NULL,'2016-08-23 15:20:50.163','2016-08-23 15:31:07.509'),('15128','15105','15126',NULL,'countersignUser','string',1,NULL,NULL,NULL,'4',NULL,'2016-08-23 15:20:50.163','2016-08-23 15:31:07.509'),('15177','15174','15174',NULL,'startDate','string',1,NULL,NULL,NULL,'2016-08-26',NULL,'2016-08-23 17:31:59.853','2016-08-23 17:32:48.136'),('15178','15174','15174',NULL,'startDateTime','string',1,NULL,NULL,NULL,'上午',NULL,'2016-08-23 17:31:59.853','2016-08-23 17:32:48.136'),('15179','15174','15174',NULL,'reason','string',1,NULL,NULL,NULL,'胜多负少',NULL,'2016-08-23 17:31:59.853','2016-08-23 17:32:48.136'),('15180','15174','15174',NULL,'endDate','string',1,NULL,NULL,NULL,'2016-08-30',NULL,'2016-08-23 17:31:59.853','2016-08-23 17:32:48.136'),('15181','15174','15174',NULL,'type','string',1,NULL,NULL,NULL,'事假',NULL,'2016-08-23 17:31:59.853','2016-08-23 17:32:48.136'),('15182','15174','15174',NULL,'endDateTime','string',1,NULL,NULL,NULL,'下午',NULL,'2016-08-23 17:31:59.853','2016-08-23 17:32:48.136'),('15190','15174','15174',NULL,'content','null',0,NULL,NULL,NULL,NULL,NULL,'2016-08-23 17:32:48.121','2016-08-23 17:32:48.136'),('15191','15174','15174',NULL,'title','null',0,NULL,NULL,NULL,NULL,NULL,'2016-08-23 17:32:48.121','2016-08-23 17:32:48.136'),('15192','15174','15174',NULL,'leaderComment','null',0,NULL,NULL,NULL,NULL,NULL,'2016-08-23 17:32:48.121','2016-08-23 17:32:48.136'),('15197','15194','15194',NULL,'startDate','string',1,NULL,NULL,NULL,'2016-08-26',NULL,'2016-08-23 17:36:37.805','2016-08-24 10:34:19.215'),('15198','15194','15194',NULL,'startDateTime','string',1,NULL,NULL,NULL,'上午',NULL,'2016-08-23 17:36:37.805','2016-08-24 10:34:19.215'),('15199','15194','15194',NULL,'reason','string',1,NULL,NULL,NULL,'sd',NULL,'2016-08-23 17:36:37.805','2016-08-24 10:34:19.215'),('15200','15194','15194',NULL,'endDate','string',1,NULL,NULL,NULL,'2016-08-31',NULL,'2016-08-23 17:36:37.805','2016-08-24 10:34:19.215'),('15201','15194','15194',NULL,'type','string',1,NULL,NULL,NULL,'事假',NULL,'2016-08-23 17:36:37.805','2016-08-24 10:34:19.215'),('15202','15194','15194',NULL,'endDateTime','string',1,NULL,NULL,NULL,'下午',NULL,'2016-08-23 17:36:37.805','2016-08-24 10:34:19.215'),('15213','15210','15210',NULL,'startDate','string',2,NULL,NULL,NULL,'2016-08-23',NULL,'2016-08-23 17:37:21.080','2016-08-28 10:05:13.643'),('15214','15210','15210',NULL,'startDateTime','string',2,NULL,NULL,NULL,'上午',NULL,'2016-08-23 17:37:21.080','2016-08-28 10:05:13.643'),('15215','15210','15210',NULL,'reason','string',2,NULL,NULL,NULL,'fd',NULL,'2016-08-23 17:37:21.080','2016-08-28 10:05:13.643'),('15216','15210','15210',NULL,'endDate','string',2,NULL,NULL,NULL,'2016-08-31',NULL,'2016-08-23 17:37:21.080','2016-08-28 10:05:13.643'),('15217','15210','15210',NULL,'type','string',2,NULL,NULL,NULL,'事假',NULL,'2016-08-23 17:37:21.080','2016-08-28 10:05:13.643'),('15218','15210','15210',NULL,'endDateTime','string',2,NULL,NULL,NULL,'下午',NULL,'2016-08-23 17:37:21.080','2016-08-28 10:05:13.643'),('17504','17501','17501',NULL,'startDate','string',1,NULL,NULL,NULL,'2016-08-26',NULL,'2016-08-24 09:31:00.312','2016-08-28 10:05:15.067'),('17505','17501','17501',NULL,'startDateTime','string',1,NULL,NULL,NULL,'上午',NULL,'2016-08-24 09:31:00.312','2016-08-28 10:05:15.067'),('17506','17501','17501',NULL,'reason','string',1,NULL,NULL,NULL,'aad',NULL,'2016-08-24 09:31:00.312','2016-08-28 10:05:15.067'),('17507','17501','17501',NULL,'endDate','string',1,NULL,NULL,NULL,'2016-08-28',NULL,'2016-08-24 09:31:00.312','2016-08-28 10:05:15.067'),('17508','17501','17501',NULL,'type','string',1,NULL,NULL,NULL,'事假',NULL,'2016-08-24 09:31:00.312','2016-08-28 10:05:15.067'),('17509','17501','17501',NULL,'endDateTime','string',1,NULL,NULL,NULL,'下午',NULL,'2016-08-24 09:31:00.312','2016-08-28 10:05:15.067'),('17517','15210','15210',NULL,'leaderComment','string',1,NULL,NULL,NULL,'同意',NULL,'2016-08-24 09:32:05.701','2016-08-28 10:05:13.643'),('17532','15194','15194',NULL,'leaderComment','string',0,NULL,NULL,NULL,'同意',NULL,'2016-08-24 10:34:19.200','2016-08-24 10:34:19.215'),('17533','15194','15194',NULL,'fileupload-4-1','null',0,NULL,NULL,NULL,NULL,NULL,'2016-08-24 10:34:19.200','2016-08-24 10:34:19.215'),('17538','17535','17535',NULL,'startDate','string',1,NULL,NULL,NULL,'2016-08-28',NULL,'2016-08-24 10:36:50.721','2016-08-28 10:05:17.671'),('17539','17535','17535',NULL,'startDateTime','string',1,NULL,NULL,NULL,'上午',NULL,'2016-08-24 10:36:50.721','2016-08-28 10:05:17.671'),('17540','17535','17535',NULL,'reason','string',1,NULL,NULL,NULL,'sf',NULL,'2016-08-24 10:36:50.721','2016-08-28 10:05:17.671'),('17541','17535','17535',NULL,'endDate','string',1,NULL,NULL,NULL,'2016-08-31',NULL,'2016-08-24 10:36:50.721','2016-08-28 10:05:17.671'),('17542','17535','17535',NULL,'type','string',1,NULL,NULL,NULL,'事假',NULL,'2016-08-24 10:36:50.721','2016-08-28 10:05:17.671'),('17543','17535','17535',NULL,'endDateTime','string',1,NULL,NULL,NULL,'下午',NULL,'2016-08-24 10:36:50.721','2016-08-28 10:05:17.671'),('17544','17535','17535',NULL,'fileupload-4-1','string',1,NULL,NULL,NULL,'20160824/1b9ed044-ac0e-452b-a091-5607b21d1b49.txt',NULL,'2016-08-24 10:36:50.721','2016-08-28 10:05:17.671'),('17555','17552','17552',NULL,'startDate','string',1,NULL,NULL,NULL,'2016-08-26',NULL,'2016-08-24 10:43:52.526','2016-08-28 10:05:18.626'),('17556','17552','17552',NULL,'startDateTime','string',1,NULL,NULL,NULL,'上午',NULL,'2016-08-24 10:43:52.526','2016-08-28 10:05:18.626'),('17557','17552','17552',NULL,'reason','string',1,NULL,NULL,NULL,'fgd',NULL,'2016-08-24 10:43:52.526','2016-08-28 10:05:18.626'),('17558','17552','17552',NULL,'endDate','string',1,NULL,NULL,NULL,'2016-08-31',NULL,'2016-08-24 10:43:52.526','2016-08-28 10:05:18.626'),('17559','17552','17552',NULL,'type','string',1,NULL,NULL,NULL,'事假',NULL,'2016-08-24 10:43:52.526','2016-08-28 10:05:18.626'),('17560','17552','17552',NULL,'endDateTime','string',1,NULL,NULL,NULL,'下午',NULL,'2016-08-24 10:43:52.526','2016-08-28 10:05:18.626'),('17561','17552','17552',NULL,'fileupload-4-1','string',1,NULL,NULL,NULL,'20160824/1591ad81-1b1d-4fda-b7d2-5ce2ad13e154.xls',NULL,'2016-08-24 10:43:52.526','2016-08-28 10:05:18.626'),('17572','17569','17569',NULL,'startDate','string',1,NULL,NULL,NULL,'2016-08-26',NULL,'2016-08-24 10:59:48.694','2016-08-28 10:05:19.789'),('17573','17569','17569',NULL,'startDateTime','string',1,NULL,NULL,NULL,'上午',NULL,'2016-08-24 10:59:48.694','2016-08-28 10:05:19.789'),('17574','17569','17569',NULL,'reason','string',1,NULL,NULL,NULL,'gjfj',NULL,'2016-08-24 10:59:48.694','2016-08-28 10:05:19.789'),('17575','17569','17569',NULL,'endDate','string',1,NULL,NULL,NULL,'2016-08-31',NULL,'2016-08-24 10:59:48.694','2016-08-28 10:05:19.789'),('17576','17569','17569',NULL,'type','string',1,NULL,NULL,NULL,'婚假',NULL,'2016-08-24 10:59:48.694','2016-08-28 10:05:19.789'),('17577','17569','17569',NULL,'endDateTime','string',1,NULL,NULL,NULL,'下午',NULL,'2016-08-24 10:59:48.694','2016-08-28 10:05:19.789'),('17578','17569','17569',NULL,'fileupload-4-1','string',1,NULL,NULL,NULL,'20160824/b0476c74-90c2-4462-a6b5-8f74985c153f.txt',NULL,'2016-08-24 10:59:48.694','2016-08-28 10:05:19.789'),('17589','17586','17586',NULL,'startDate','string',1,NULL,NULL,NULL,'2016-08-26',NULL,'2016-08-24 11:46:47.139','2016-08-28 10:05:20.603'),('17590','17586','17586',NULL,'startDateTime','string',1,NULL,NULL,NULL,'上午',NULL,'2016-08-24 11:46:47.139','2016-08-28 10:05:20.603'),('17591','17586','17586',NULL,'reason','string',1,NULL,NULL,NULL,'sdf',NULL,'2016-08-24 11:46:47.139','2016-08-28 10:05:20.603'),('17592','17586','17586',NULL,'endDate','string',1,NULL,NULL,NULL,'2016-08-31',NULL,'2016-08-24 11:46:47.139','2016-08-28 10:05:20.603'),('17593','17586','17586',NULL,'type','string',1,NULL,NULL,NULL,'事假',NULL,'2016-08-24 11:46:47.139','2016-08-28 10:05:20.603'),('17594','17586','17586',NULL,'endDateTime','string',1,NULL,NULL,NULL,'下午',NULL,'2016-08-24 11:46:47.139','2016-08-28 10:05:20.603'),('17595','17586','17586',NULL,'fileupload-4-1','string',1,NULL,NULL,NULL,'20160824/49756345-f0f7-4f0f-a39f-afd01ac9fb96.txt',NULL,'2016-08-24 11:46:47.139','2016-08-28 10:05:20.603'),('20048','20045','20045',NULL,'startDate','string',1,NULL,NULL,NULL,'2016-08-30',NULL,'2016-08-28 10:08:28.049','2016-08-28 10:14:07.127'),('20049','20045','20045',NULL,'startDateTime','string',1,NULL,NULL,NULL,'上午',NULL,'2016-08-28 10:08:28.049','2016-08-28 10:14:07.127'),('20050','20045','20045',NULL,'reason','string',1,NULL,NULL,NULL,'adsff',NULL,'2016-08-28 10:08:28.049','2016-08-28 10:14:07.127'),('20051','20045','20045',NULL,'endDate','string',1,NULL,NULL,NULL,'2016-08-31',NULL,'2016-08-28 10:08:28.049','2016-08-28 10:14:07.127'),('20052','20045','20045',NULL,'type','string',1,NULL,NULL,NULL,'事假',NULL,'2016-08-28 10:08:28.049','2016-08-28 10:14:07.127'),('20053','20045','20045',NULL,'endDateTime','string',1,NULL,NULL,NULL,'下午',NULL,'2016-08-28 10:08:28.049','2016-08-28 10:14:07.127'),('20121','20118','20118',NULL,'startDate','string',2,NULL,NULL,NULL,'2016-08-30',NULL,'2016-08-28 10:48:29.607','2016-08-28 10:51:54.374'),('20122','20118','20118',NULL,'startDateTime','string',2,NULL,NULL,NULL,'上午',NULL,'2016-08-28 10:48:29.607','2016-08-28 10:51:54.374'),('20123','20118','20118',NULL,'totalDays','string',2,NULL,NULL,NULL,'大于三天',NULL,'2016-08-28 10:48:29.607','2016-08-28 10:51:54.374'),('20124','20118','20118',NULL,'reason','string',2,NULL,NULL,NULL,'df',NULL,'2016-08-28 10:48:29.607','2016-08-28 10:51:54.374'),('20125','20118','20118',NULL,'endDate','string',2,NULL,NULL,NULL,'2016-08-31',NULL,'2016-08-28 10:48:29.607','2016-08-28 10:51:54.374'),('20126','20118','20118',NULL,'type','string',2,NULL,NULL,NULL,'事假',NULL,'2016-08-28 10:48:29.607','2016-08-28 10:51:54.374'),('20127','20118','20118',NULL,'endDateTime','string',2,NULL,NULL,NULL,'下午',NULL,'2016-08-28 10:48:29.607','2016-08-28 10:51:54.374'),('20135','20118','20118',NULL,'leaderComment','string',1,NULL,NULL,NULL,'同意',NULL,'2016-08-28 10:48:42.548','2016-08-28 10:51:54.374'),('20144','20141','20141',NULL,'startDate','string',3,NULL,NULL,NULL,'2016-08-30',NULL,'2016-08-28 10:53:09.249','2016-08-28 10:54:39.550'),('20145','20141','20141',NULL,'startDateTime','string',3,NULL,NULL,NULL,'上午',NULL,'2016-08-28 10:53:09.249','2016-08-28 10:54:39.550'),('20146','20141','20141',NULL,'totalDays','string',3,NULL,NULL,NULL,'大于三天',NULL,'2016-08-28 10:53:09.249','2016-08-28 10:54:39.550'),('20147','20141','20141',NULL,'reason','string',3,NULL,NULL,NULL,'sf',NULL,'2016-08-28 10:53:09.249','2016-08-28 10:54:39.550'),('20148','20141','20141',NULL,'endDate','string',3,NULL,NULL,NULL,'2016-08-31',NULL,'2016-08-28 10:53:09.249','2016-08-28 10:54:39.550'),('20149','20141','20141',NULL,'type','string',3,NULL,NULL,NULL,'事假',NULL,'2016-08-28 10:53:09.249','2016-08-28 10:54:39.550'),('20150','20141','20141',NULL,'endDateTime','string',3,NULL,NULL,NULL,'下午',NULL,'2016-08-28 10:53:09.249','2016-08-28 10:54:39.550'),('20158','20141','20141',NULL,'leaderComment','string',2,NULL,NULL,NULL,'同意',NULL,'2016-08-28 10:53:34.181','2016-08-28 10:54:39.550'),('20165','20141','20141',NULL,'hrComment','string',1,NULL,NULL,NULL,'同意',NULL,'2016-08-28 10:54:12.164','2016-08-28 10:54:39.550'),('5004','5001','5001',NULL,'startDate','string',2,NULL,NULL,NULL,'2016-08-20',NULL,'2016-08-11 11:17:36.580','2016-08-11 14:18:45.508'),('5005','5001','5001',NULL,'startDateTime','string',2,NULL,NULL,NULL,'上午',NULL,'2016-08-11 11:17:36.580','2016-08-11 14:18:45.508'),('5006','5001','5001',NULL,'reason','string',2,NULL,NULL,NULL,'宿舍',NULL,'2016-08-11 11:17:36.580','2016-08-11 14:18:45.508'),('5007','5001','5001',NULL,'endDate','string',2,NULL,NULL,NULL,'2016-08-26',NULL,'2016-08-11 11:17:36.580','2016-08-11 14:18:45.508'),('5008','5001','5001',NULL,'type','string',2,NULL,NULL,NULL,'倒休',NULL,'2016-08-11 11:17:36.580','2016-08-11 14:18:45.508'),('5009','5001','5001',NULL,'endDateTime','string',2,NULL,NULL,NULL,'下午',NULL,'2016-08-11 11:17:36.580','2016-08-11 14:18:45.508'),('5021','5018','5018',NULL,'startDate','string',2,NULL,NULL,NULL,'2016-08-26',NULL,'2016-08-11 12:03:05.849','2016-08-12 15:00:10.904'),('5022','5018','5018',NULL,'startDateTime','string',2,NULL,NULL,NULL,'上午',NULL,'2016-08-11 12:03:05.849','2016-08-12 15:00:10.904'),('5023','5018','5018',NULL,'reason','string',2,NULL,NULL,NULL,'fd',NULL,'2016-08-11 12:03:05.849','2016-08-12 15:00:10.904'),('5024','5018','5018',NULL,'endDate','string',2,NULL,NULL,NULL,'2016-08-31',NULL,'2016-08-11 12:03:05.849','2016-08-12 15:00:10.904'),('5025','5018','5018',NULL,'type','string',2,NULL,NULL,NULL,'事假',NULL,'2016-08-11 12:03:05.849','2016-08-12 15:00:10.904'),('5026','5018','5018',NULL,'endDateTime','string',2,NULL,NULL,NULL,'下午',NULL,'2016-08-11 12:03:05.849','2016-08-12 15:00:10.904'),('5050','5047','5047',NULL,'startDate','string',1,NULL,NULL,NULL,'2016-08-13',NULL,'2016-08-11 14:15:28.046','2016-08-11 14:18:47.524'),('5051','5047','5047',NULL,'startDateTime','string',1,NULL,NULL,NULL,'上午',NULL,'2016-08-11 14:15:28.046','2016-08-11 14:18:47.524'),('5052','5047','5047',NULL,'reason','string',1,NULL,NULL,NULL,'分公司',NULL,'2016-08-11 14:15:28.046','2016-08-11 14:18:47.524'),('5053','5047','5047',NULL,'endDate','string',1,NULL,NULL,NULL,'2016-08-25',NULL,'2016-08-11 14:15:28.046','2016-08-11 14:18:47.524'),('5054','5047','5047',NULL,'type','string',1,NULL,NULL,NULL,'病假',NULL,'2016-08-11 14:15:28.046','2016-08-11 14:18:47.524'),('5055','5047','5047',NULL,'endDateTime','string',1,NULL,NULL,NULL,'下午',NULL,'2016-08-11 14:15:28.046','2016-08-11 14:18:47.524'),('5063','5060','5060',NULL,'startDate','string',1,NULL,NULL,NULL,'2016-08-20',NULL,'2016-08-11 15:42:49.200','2016-08-23 11:09:26.265'),('5064','5060','5060',NULL,'startDateTime','string',1,NULL,NULL,NULL,'上午',NULL,'2016-08-11 15:42:49.200','2016-08-23 11:09:26.265'),('5065','5060','5060',NULL,'reason','string',1,NULL,NULL,NULL,'许昌vs打发士大夫',NULL,'2016-08-11 15:42:49.200','2016-08-23 11:09:26.265'),('5066','5060','5060',NULL,'endDate','string',1,NULL,NULL,NULL,'2016-08-27',NULL,'2016-08-11 15:42:49.200','2016-08-23 11:09:26.265'),('5067','5060','5060',NULL,'type','string',1,NULL,NULL,NULL,'事假',NULL,'2016-08-11 15:42:49.200','2016-08-23 11:09:26.265'),('5068','5060','5060',NULL,'endDateTime','string',1,NULL,NULL,NULL,'下午',NULL,'2016-08-11 15:42:49.200','2016-08-23 11:09:26.265'),('5088','5085','5085',NULL,'startDate','string',1,NULL,NULL,NULL,'2016-08-12',NULL,'2016-08-11 17:07:45.328','2016-08-23 11:09:28.557'),('5089','5085','5085',NULL,'startDateTime','string',1,NULL,NULL,NULL,'上午',NULL,'2016-08-11 17:07:45.328','2016-08-23 11:09:28.557'),('5090','5085','5085',NULL,'reason','string',1,NULL,NULL,NULL,'test',NULL,'2016-08-11 17:07:45.328','2016-08-23 11:09:28.557'),('5091','5085','5085',NULL,'endDate','string',1,NULL,NULL,NULL,'2016-08-26',NULL,'2016-08-11 17:07:45.328','2016-08-23 11:09:28.557'),('5092','5085','5085',NULL,'type','string',1,NULL,NULL,NULL,'事假',NULL,'2016-08-11 17:07:45.328','2016-08-23 11:09:28.557'),('5093','5085','5085',NULL,'endDateTime','string',1,NULL,NULL,NULL,'下午',NULL,'2016-08-11 17:07:45.328','2016-08-23 11:09:28.557'),('5101','5098','5098',NULL,'content','string',1,NULL,NULL,NULL,'11',NULL,'2016-08-11 17:12:15.046','2016-08-23 11:09:27.386'),('5102','5098','5098',NULL,'title','string',1,NULL,NULL,NULL,'11',NULL,'2016-08-11 17:12:15.046','2016-08-23 11:09:27.386'),('5104','5098','5098',NULL,'countersignUsers','serializable',1,'5105',NULL,NULL,NULL,NULL,'2016-08-11 17:12:15.046','2016-08-23 11:09:27.386'),('7504','7501','7501',NULL,'startDate','string',1,NULL,NULL,NULL,'2016-08-20',NULL,'2016-08-12 14:13:23.940','2016-08-12 14:14:23.130'),('7505','7501','7501',NULL,'startDateTime','string',1,NULL,NULL,NULL,'上午',NULL,'2016-08-12 14:13:23.940','2016-08-12 14:14:23.130'),('7506','7501','7501',NULL,'reason','string',1,NULL,NULL,NULL,'qwe',NULL,'2016-08-12 14:13:23.940','2016-08-12 14:14:23.130'),('7507','7501','7501',NULL,'endDate','string',1,NULL,NULL,NULL,'2016-08-25',NULL,'2016-08-12 14:13:23.940','2016-08-12 14:14:23.130'),('7508','7501','7501',NULL,'type','string',1,NULL,NULL,NULL,'事假',NULL,'2016-08-12 14:13:23.940','2016-08-12 14:14:23.130'),('7509','7501','7501',NULL,'endDateTime','string',1,NULL,NULL,NULL,'下午',NULL,'2016-08-12 14:13:23.940','2016-08-12 14:14:23.130'),('7522','7519','7519',NULL,'content','string',2,NULL,NULL,NULL,'',NULL,'2016-08-12 14:56:20.106','2016-08-23 11:09:30.040'),('7523','7519','7519',NULL,'title','string',2,NULL,NULL,NULL,'df',NULL,'2016-08-12 14:56:20.106','2016-08-23 11:09:30.042'),('7525','7519','7519',NULL,'countersignUsers','serializable',1,'7526',NULL,NULL,NULL,NULL,'2016-08-12 14:56:20.115','2016-08-23 11:09:30.042'),('7534','7519','7519',NULL,'leaderComment','null',1,NULL,NULL,NULL,NULL,NULL,'2016-08-12 14:57:39.265','2016-08-23 11:09:30.042'),('7537','7519','7535',NULL,'nrOfInstances','integer',1,NULL,NULL,1,'1',NULL,'2016-08-12 14:57:39.292','2016-08-23 11:09:30.036'),('7538','7519','7535',NULL,'nrOfCompletedInstances','integer',1,NULL,NULL,0,'0',NULL,'2016-08-12 14:57:39.293','2016-08-23 11:09:30.036'),('7539','7519','7535',NULL,'nrOfActiveInstances','integer',1,NULL,NULL,1,'1',NULL,'2016-08-12 14:57:39.293','2016-08-23 11:09:30.036'),('7541','7519','7540',NULL,'loopCounter','integer',1,NULL,NULL,0,'0',NULL,'2016-08-12 14:57:39.294','2016-08-23 11:09:30.023'),('7542','7519','7540',NULL,'countersignUser','string',1,NULL,NULL,NULL,'247689637478400',NULL,'2016-08-12 14:57:39.294','2016-08-23 11:09:30.022');
/*!40000 ALTER TABLE `act_hi_varinst` ENABLE KEYS */;
UNLOCK TABLES;

--
-- Table structure for table `act_re_deployment`
--

DROP TABLE IF EXISTS `act_re_deployment`;
/*!40101 SET @saved_cs_client     = @@character_set_client */;
/*!40101 SET character_set_client = utf8 */;
CREATE TABLE `act_re_deployment` (
  `ID_` varchar(64) COLLATE utf8_bin NOT NULL DEFAULT '',
  `NAME_` varchar(255) COLLATE utf8_bin DEFAULT NULL,
  `CATEGORY_` varchar(255) COLLATE utf8_bin DEFAULT NULL,
  `TENANT_ID_` varchar(255) COLLATE utf8_bin DEFAULT '',
  `DEPLOY_TIME_` timestamp(3) NOT NULL DEFAULT CURRENT_TIMESTAMP(3) ON UPDATE CURRENT_TIMESTAMP(3),
  PRIMARY KEY (`ID_`)
) ENGINE=InnoDB DEFAULT CHARSET=utf8 COLLATE=utf8_bin;
/*!40101 SET character_set_client = @saved_cs_client */;

--
-- Dumping data for table `act_re_deployment`
--

LOCK TABLES `act_re_deployment` WRITE;
/*!40000 ALTER TABLE `act_re_deployment` DISABLE KEYS */;
INSERT INTO `act_re_deployment` VALUES ('1','D:\\OpenSource\\LemonOA\\lemon-master\\webapp\\WEB-INF\\classes\\bpmn2\\permission.bpmn20.xml',NULL,'1','2016-08-06 09:08:08.770'),('15055','请假demo',NULL,'1','2016-08-23 04:18:47.262'),('15157','1name',NULL,'1','2016-08-23 08:16:21.672'),('15161','name',NULL,'1','2016-08-23 08:29:39.812'),('15165',NULL,NULL,'1','2016-08-23 08:43:26.709'),('15170','name',NULL,'1','2016-08-23 09:23:07.997'),('20110','学生请假流程',NULL,'1','2016-08-28 02:38:47.852'),('20114','学生请假流程',NULL,'1','2016-08-28 02:43:04.510'),('22501','/Users/dengfengdecao/develop/java/idea-ws/lemon-master/target/lemon-1.7.1-SNAPSHOT/WEB-INF/classes/bpmn2/permission.bpmn20.xml',NULL,'1','2016-08-30 06:41:36.975'),('22505','/Users/dengfengdecao/develop/java/idea-ws/lemon-master/target/lemon-1.7.1-SNAPSHOT/WEB-INF/classes/bpmn2/publish.bpmn20.xml',NULL,'1','2016-08-30 06:41:39.818'),('22509','/Users/dengfengdecao/develop/java/idea-ws/lemon-master/target/lemon-1.7.1-SNAPSHOT/WEB-INF/classes/bpmn2/vacation.bpmn20.xml',NULL,'1','2016-08-30 06:41:40.230'),('25001','/Users/dengfengdecao/develop/tomcat7/webapps/lemon-1.7.1-SNAPSHOT/WEB-INF/classes/bpmn2/permission.bpmn20.xml',NULL,'1','2016-08-30 07:45:15.878'),('25005','/Users/dengfengdecao/develop/tomcat7/webapps/lemon-1.7.1-SNAPSHOT/WEB-INF/classes/bpmn2/publish.bpmn20.xml',NULL,'1','2016-08-30 07:45:17.603'),('25009','/Users/dengfengdecao/develop/tomcat7/webapps/lemon-1.7.1-SNAPSHOT/WEB-INF/classes/bpmn2/vacation.bpmn20.xml',NULL,'1','2016-08-30 07:45:17.822'),('27501','/Users/dengfengdecao/develop/tomcat7/webapps/lemon/WEB-INF/classes/bpmn2/.DS_Store',NULL,'1','2016-08-30 07:57:46.684'),('27503','/Users/dengfengdecao/develop/tomcat7/webapps/lemon/WEB-INF/classes/bpmn2/permission.bpmn20.xml',NULL,'1','2016-08-30 07:57:46.792'),('27507','/Users/dengfengdecao/develop/tomcat7/webapps/lemon/WEB-INF/classes/bpmn2/publish.bpmn20.xml',NULL,'1','2016-08-30 07:57:49.643'),('27511','/Users/dengfengdecao/develop/tomcat7/webapps/lemon/WEB-INF/classes/bpmn2/vacation.bpmn20.xml',NULL,'1','2016-08-30 07:57:50.112'),('5','D:\\OpenSource\\LemonOA\\lemon-master\\webapp\\WEB-INF\\classes\\bpmn2\\publish.bpmn20.xml',NULL,'1','2016-08-06 09:08:11.050'),('9','D:\\OpenSource\\LemonOA\\lemon-master\\webapp\\WEB-INF\\classes\\bpmn2\\vacation.bpmn20.xml',NULL,'1','2016-08-06 09:08:11.533');
/*!40000 ALTER TABLE `act_re_deployment` ENABLE KEYS */;
UNLOCK TABLES;

--
-- Table structure for table `act_re_model`
--

DROP TABLE IF EXISTS `act_re_model`;
/*!40101 SET @saved_cs_client     = @@character_set_client */;
/*!40101 SET character_set_client = utf8 */;
CREATE TABLE `act_re_model` (
  `ID_` varchar(64) COLLATE utf8_bin NOT NULL,
  `REV_` int(11) DEFAULT NULL,
  `NAME_` varchar(255) COLLATE utf8_bin DEFAULT NULL,
  `KEY_` varchar(255) COLLATE utf8_bin DEFAULT NULL,
  `CATEGORY_` varchar(255) COLLATE utf8_bin DEFAULT NULL,
  `CREATE_TIME_` timestamp(3) NULL DEFAULT NULL,
  `LAST_UPDATE_TIME_` timestamp(3) NULL DEFAULT NULL,
  `VERSION_` int(11) DEFAULT NULL,
  `META_INFO_` varchar(4000) COLLATE utf8_bin DEFAULT NULL,
  `DEPLOYMENT_ID_` varchar(64) COLLATE utf8_bin DEFAULT NULL,
  `EDITOR_SOURCE_VALUE_ID_` varchar(64) COLLATE utf8_bin DEFAULT NULL,
  `EDITOR_SOURCE_EXTRA_VALUE_ID_` varchar(64) COLLATE utf8_bin DEFAULT NULL,
  `TENANT_ID_` varchar(255) COLLATE utf8_bin DEFAULT '',
  PRIMARY KEY (`ID_`),
  KEY `ACT_FK_MODEL_SOURCE` (`EDITOR_SOURCE_VALUE_ID_`),
  KEY `ACT_FK_MODEL_SOURCE_EXTRA` (`EDITOR_SOURCE_EXTRA_VALUE_ID_`),
  KEY `ACT_FK_MODEL_DEPLOYMENT` (`DEPLOYMENT_ID_`),
  CONSTRAINT `ACT_FK_MODEL_DEPLOYMENT` FOREIGN KEY (`DEPLOYMENT_ID_`) REFERENCES `act_re_deployment` (`ID_`),
  CONSTRAINT `ACT_FK_MODEL_SOURCE` FOREIGN KEY (`EDITOR_SOURCE_VALUE_ID_`) REFERENCES `act_ge_bytearray` (`ID_`),
  CONSTRAINT `ACT_FK_MODEL_SOURCE_EXTRA` FOREIGN KEY (`EDITOR_SOURCE_EXTRA_VALUE_ID_`) REFERENCES `act_ge_bytearray` (`ID_`)
) ENGINE=InnoDB DEFAULT CHARSET=utf8 COLLATE=utf8_bin;
/*!40101 SET character_set_client = @saved_cs_client */;

--
-- Dumping data for table `act_re_model`
--

LOCK TABLES `act_re_model` WRITE;
/*!40000 ALTER TABLE `act_re_model` DISABLE KEYS */;
INSERT INTO `act_re_model` VALUES ('15047',14,'学生请假流程',NULL,NULL,'2016-08-23 03:24:58.255','2016-08-28 02:43:04.758',1,NULL,'20114','15048',NULL,''),('15053',11,'name',NULL,NULL,'2016-08-23 04:16:46.146','2016-08-23 09:23:08.135',1,NULL,'15170','15054',NULL,''),('15169',1,NULL,NULL,NULL,'2016-08-23 09:20:50.599','2016-08-23 09:20:50.599',1,NULL,NULL,NULL,NULL,'');
/*!40000 ALTER TABLE `act_re_model` ENABLE KEYS */;
UNLOCK TABLES;

--
-- Table structure for table `act_re_procdef`
--

DROP TABLE IF EXISTS `act_re_procdef`;
/*!40101 SET @saved_cs_client     = @@character_set_client */;
/*!40101 SET character_set_client = utf8 */;
CREATE TABLE `act_re_procdef` (
  `ID_` varchar(64) COLLATE utf8_bin NOT NULL,
  `REV_` int(11) DEFAULT NULL,
  `CATEGORY_` varchar(255) COLLATE utf8_bin DEFAULT NULL,
  `NAME_` varchar(255) COLLATE utf8_bin DEFAULT NULL,
  `KEY_` varchar(255) COLLATE utf8_bin NOT NULL,
  `VERSION_` int(11) NOT NULL,
  `DEPLOYMENT_ID_` varchar(64) COLLATE utf8_bin DEFAULT NULL,
  `RESOURCE_NAME_` varchar(4000) COLLATE utf8_bin DEFAULT NULL,
  `DGRM_RESOURCE_NAME_` varchar(4000) COLLATE utf8_bin DEFAULT NULL,
  `DESCRIPTION_` varchar(4000) COLLATE utf8_bin DEFAULT NULL,
  `HAS_START_FORM_KEY_` tinyint(4) DEFAULT NULL,
  `HAS_GRAPHICAL_NOTATION_` tinyint(4) DEFAULT NULL,
  `SUSPENSION_STATE_` int(11) DEFAULT NULL,
  `TENANT_ID_` varchar(255) COLLATE utf8_bin DEFAULT '',
  PRIMARY KEY (`ID_`),
  UNIQUE KEY `ACT_UNIQ_PROCDEF` (`KEY_`,`VERSION_`,`TENANT_ID_`)
) ENGINE=InnoDB DEFAULT CHARSET=utf8 COLLATE=utf8_bin;
/*!40101 SET character_set_client = @saved_cs_client */;

--
-- Dumping data for table `act_re_procdef`
--

LOCK TABLES `act_re_procdef` WRITE;
/*!40000 ALTER TABLE `act_re_procdef` DISABLE KEYS */;
INSERT INTO `act_re_procdef` VALUES ('myProcess:1:15168',1,'http://www.activiti.org/test','My process','myProcess',1,'15165','s.bpmn','s.myProcess.png',NULL,0,1,1,'1'),('permission:1:4',1,'http://www.mossle.com','审批权限','permission',1,'1','D:\\OpenSource\\LemonOA\\lemon-master\\webapp\\WEB-INF\\classes\\bpmn2\\permission.bpmn20.xml','D:\\OpenSource\\LemonOA\\lemon-master\\webapp\\WEB-INF\\classes\\bpmn2\\permission.permission.png','审批权限',0,1,1,'1'),('permission:2:22504',1,'http://www.mossle.com','审批权限','permission',2,'22501','/Users/dengfengdecao/develop/java/idea-ws/lemon-master/target/lemon-1.7.1-SNAPSHOT/WEB-INF/classes/bpmn2/permission.bpmn20.xml','/Users/dengfengdecao/develop/java/idea-ws/lemon-master/target/lemon-1.7.1-SNAPSHOT/WEB-INF/classes/bpmn2/permission.permission.png','审批权限',0,1,1,'1'),('permission:3:25004',1,'http://www.mossle.com','审批权限','permission',3,'25001','/Users/dengfengdecao/develop/tomcat7/webapps/lemon-1.7.1-SNAPSHOT/WEB-INF/classes/bpmn2/permission.bpmn20.xml','/Users/dengfengdecao/develop/tomcat7/webapps/lemon-1.7.1-SNAPSHOT/WEB-INF/classes/bpmn2/permission.permission.png','审批权限',0,1,1,'1'),('permission:4:27506',1,'http://www.mossle.com','审批权限','permission',4,'27503','/Users/dengfengdecao/develop/tomcat7/webapps/lemon/WEB-INF/classes/bpmn2/permission.bpmn20.xml','/Users/dengfengdecao/develop/tomcat7/webapps/lemon/WEB-INF/classes/bpmn2/permission.permission.png','审批权限',0,1,1,'1'),('process:1:15058',3,'http://www.activiti.org/processdef',NULL,'process',1,'15055','请假demo.bpmn20.xml','请假demo.process.png',NULL,0,1,1,'1'),('process:2:15160',1,'http://www.activiti.org/processdef',NULL,'process',2,'15157','1name.bpmn20.xml','1name.process.png',NULL,0,1,1,'1'),('process:3:15164',1,'http://www.activiti.org/processdef',NULL,'process',3,'15161','name.bpmn20.xml','name.process.png',NULL,0,1,1,'1'),('process:4:15173',1,'http://www.activiti.org/processdef',NULL,'process',4,'15170','name.bpmn20.xml','name.process.png',NULL,0,1,1,'1'),('publish:1:8',3,'http://www.mossle.com','公文发布','publish',1,'5','D:\\OpenSource\\LemonOA\\lemon-master\\webapp\\WEB-INF\\classes\\bpmn2\\publish.bpmn20.xml','D:\\OpenSource\\LemonOA\\lemon-master\\webapp\\WEB-INF\\classes\\bpmn2\\publish.publish.png','公文发布',0,1,1,'1'),('publish:2:22508',1,'http://www.mossle.com','公文发布','publish',2,'22505','/Users/dengfengdecao/develop/java/idea-ws/lemon-master/target/lemon-1.7.1-SNAPSHOT/WEB-INF/classes/bpmn2/publish.bpmn20.xml','/Users/dengfengdecao/develop/java/idea-ws/lemon-master/target/lemon-1.7.1-SNAPSHOT/WEB-INF/classes/bpmn2/publish.publish.png','公文发布',0,1,1,'1'),('publish:3:25008',1,'http://www.mossle.com','公文发布','publish',3,'25005','/Users/dengfengdecao/develop/tomcat7/webapps/lemon-1.7.1-SNAPSHOT/WEB-INF/classes/bpmn2/publish.bpmn20.xml','/Users/dengfengdecao/develop/tomcat7/webapps/lemon-1.7.1-SNAPSHOT/WEB-INF/classes/bpmn2/publish.publish.png','公文发布',0,1,1,'1'),('publish:4:27510',1,'http://www.mossle.com','公文发布','publish',4,'27507','/Users/dengfengdecao/develop/tomcat7/webapps/lemon/WEB-INF/classes/bpmn2/publish.bpmn20.xml','/Users/dengfengdecao/develop/tomcat7/webapps/lemon/WEB-INF/classes/bpmn2/publish.publish.png','公文发布',0,1,1,'1'),('vacation-student:3:20113',1,'http://www.activiti.org/processdef','学生请假流程','vacation-student',3,'20110','学生请假流程.bpmn20.xml','学生请假流程.vacation-student.png',NULL,0,1,1,'1'),('vacation-student:4:20117',1,'http://www.activiti.org/processdef','学生请假流程','vacation-student',4,'20114','学生请假流程.bpmn20.xml','学生请假流程.vacation-student.png',NULL,0,1,1,'1'),('vacation:1:12',3,'http://www.mossle.com','请假流程','vacation',1,'9','D:\\OpenSource\\LemonOA\\lemon-master\\webapp\\WEB-INF\\classes\\bpmn2\\vacation.bpmn20.xml','D:\\OpenSource\\LemonOA\\lemon-master\\webapp\\WEB-INF\\classes\\bpmn2\\vacation.vacation.png','请假流程',0,1,1,'1'),('vacation:2:22512',1,'http://www.mossle.com','请假流程','vacation',2,'22509','/Users/dengfengdecao/develop/java/idea-ws/lemon-master/target/lemon-1.7.1-SNAPSHOT/WEB-INF/classes/bpmn2/vacation.bpmn20.xml','/Users/dengfengdecao/develop/java/idea-ws/lemon-master/target/lemon-1.7.1-SNAPSHOT/WEB-INF/classes/bpmn2/vacation.vacation.png','请假流程',0,1,1,'1'),('vacation:3:25012',1,'http://www.mossle.com','请假流程','vacation',3,'25009','/Users/dengfengdecao/develop/tomcat7/webapps/lemon-1.7.1-SNAPSHOT/WEB-INF/classes/bpmn2/vacation.bpmn20.xml','/Users/dengfengdecao/develop/tomcat7/webapps/lemon-1.7.1-SNAPSHOT/WEB-INF/classes/bpmn2/vacation.vacation.png','请假流程',0,1,1,'1'),('vacation:4:27514',1,'http://www.mossle.com','请假流程','vacation',4,'27511','/Users/dengfengdecao/develop/tomcat7/webapps/lemon/WEB-INF/classes/bpmn2/vacation.bpmn20.xml','/Users/dengfengdecao/develop/tomcat7/webapps/lemon/WEB-INF/classes/bpmn2/vacation.vacation.png','请假流程',0,1,1,'1');
/*!40000 ALTER TABLE `act_re_procdef` ENABLE KEYS */;
UNLOCK TABLES;

--
-- Table structure for table `act_ru_event_subscr`
--

DROP TABLE IF EXISTS `act_ru_event_subscr`;
/*!40101 SET @saved_cs_client     = @@character_set_client */;
/*!40101 SET character_set_client = utf8 */;
CREATE TABLE `act_ru_event_subscr` (
  `ID_` varchar(64) COLLATE utf8_bin NOT NULL,
  `REV_` int(11) DEFAULT NULL,
  `EVENT_TYPE_` varchar(255) COLLATE utf8_bin NOT NULL,
  `EVENT_NAME_` varchar(255) COLLATE utf8_bin DEFAULT NULL,
  `EXECUTION_ID_` varchar(64) COLLATE utf8_bin DEFAULT NULL,
  `PROC_INST_ID_` varchar(64) COLLATE utf8_bin DEFAULT NULL,
  `ACTIVITY_ID_` varchar(64) COLLATE utf8_bin DEFAULT NULL,
  `CONFIGURATION_` varchar(255) COLLATE utf8_bin DEFAULT NULL,
  `CREATED_` timestamp(3) NOT NULL DEFAULT CURRENT_TIMESTAMP(3),
  `PROC_DEF_ID_` varchar(64) COLLATE utf8_bin DEFAULT NULL,
  `TENANT_ID_` varchar(255) COLLATE utf8_bin DEFAULT '',
  PRIMARY KEY (`ID_`),
  KEY `ACT_IDX_EVENT_SUBSCR_CONFIG_` (`CONFIGURATION_`),
  KEY `ACT_FK_EVENT_EXEC` (`EXECUTION_ID_`),
  CONSTRAINT `ACT_FK_EVENT_EXEC` FOREIGN KEY (`EXECUTION_ID_`) REFERENCES `act_ru_execution` (`ID_`)
) ENGINE=InnoDB DEFAULT CHARSET=utf8 COLLATE=utf8_bin;
/*!40101 SET character_set_client = @saved_cs_client */;

--
-- Dumping data for table `act_ru_event_subscr`
--

LOCK TABLES `act_ru_event_subscr` WRITE;
/*!40000 ALTER TABLE `act_ru_event_subscr` DISABLE KEYS */;
/*!40000 ALTER TABLE `act_ru_event_subscr` ENABLE KEYS */;
UNLOCK TABLES;

--
-- Table structure for table `act_ru_execution`
--

DROP TABLE IF EXISTS `act_ru_execution`;
/*!40101 SET @saved_cs_client     = @@character_set_client */;
/*!40101 SET character_set_client = utf8 */;
CREATE TABLE `act_ru_execution` (
  `ID_` varchar(64) COLLATE utf8_bin NOT NULL DEFAULT '',
  `REV_` int(11) DEFAULT NULL,
  `PROC_INST_ID_` varchar(64) COLLATE utf8_bin DEFAULT NULL,
  `BUSINESS_KEY_` varchar(255) COLLATE utf8_bin DEFAULT NULL,
  `PARENT_ID_` varchar(64) COLLATE utf8_bin DEFAULT NULL,
  `PROC_DEF_ID_` varchar(64) COLLATE utf8_bin DEFAULT NULL,
  `SUPER_EXEC_` varchar(64) COLLATE utf8_bin DEFAULT NULL,
  `ACT_ID_` varchar(255) COLLATE utf8_bin DEFAULT NULL,
  `IS_ACTIVE_` tinyint(4) DEFAULT NULL,
  `IS_CONCURRENT_` tinyint(4) DEFAULT NULL,
  `IS_SCOPE_` tinyint(4) DEFAULT NULL,
  `IS_EVENT_SCOPE_` tinyint(4) DEFAULT NULL,
  `SUSPENSION_STATE_` int(11) DEFAULT NULL,
  `CACHED_ENT_STATE_` int(11) DEFAULT NULL,
  `TENANT_ID_` varchar(255) COLLATE utf8_bin DEFAULT '',
  `NAME_` varchar(255) COLLATE utf8_bin DEFAULT NULL,
  `LOCK_TIME_` timestamp(3) NULL DEFAULT NULL,
  PRIMARY KEY (`ID_`),
  KEY `ACT_IDX_EXEC_BUSKEY` (`BUSINESS_KEY_`),
  KEY `ACT_FK_EXE_PROCINST` (`PROC_INST_ID_`),
  KEY `ACT_FK_EXE_PARENT` (`PARENT_ID_`),
  KEY `ACT_FK_EXE_SUPER` (`SUPER_EXEC_`),
  KEY `ACT_FK_EXE_PROCDEF` (`PROC_DEF_ID_`),
  CONSTRAINT `ACT_FK_EXE_PARENT` FOREIGN KEY (`PARENT_ID_`) REFERENCES `act_ru_execution` (`ID_`),
  CONSTRAINT `ACT_FK_EXE_PROCDEF` FOREIGN KEY (`PROC_DEF_ID_`) REFERENCES `act_re_procdef` (`ID_`),
  CONSTRAINT `ACT_FK_EXE_PROCINST` FOREIGN KEY (`PROC_INST_ID_`) REFERENCES `act_ru_execution` (`ID_`) ON DELETE CASCADE ON UPDATE CASCADE,
  CONSTRAINT `ACT_FK_EXE_SUPER` FOREIGN KEY (`SUPER_EXEC_`) REFERENCES `act_ru_execution` (`ID_`)
) ENGINE=InnoDB DEFAULT CHARSET=utf8 COLLATE=utf8_bin;
/*!40101 SET character_set_client = @saved_cs_client */;

--
-- Dumping data for table `act_ru_execution`
--

LOCK TABLES `act_ru_execution` WRITE;
/*!40000 ALTER TABLE `act_ru_execution` DISABLE KEYS */;
/*!40000 ALTER TABLE `act_ru_execution` ENABLE KEYS */;
UNLOCK TABLES;

--
-- Table structure for table `act_ru_identitylink`
--

DROP TABLE IF EXISTS `act_ru_identitylink`;
/*!40101 SET @saved_cs_client     = @@character_set_client */;
/*!40101 SET character_set_client = utf8 */;
CREATE TABLE `act_ru_identitylink` (
  `ID_` varchar(64) COLLATE utf8_bin NOT NULL DEFAULT '',
  `REV_` int(11) DEFAULT NULL,
  `GROUP_ID_` varchar(255) COLLATE utf8_bin DEFAULT NULL,
  `TYPE_` varchar(255) COLLATE utf8_bin DEFAULT NULL,
  `USER_ID_` varchar(255) COLLATE utf8_bin DEFAULT NULL,
  `TASK_ID_` varchar(64) COLLATE utf8_bin DEFAULT NULL,
  `PROC_INST_ID_` varchar(64) COLLATE utf8_bin DEFAULT NULL,
  `PROC_DEF_ID_` varchar(64) COLLATE utf8_bin DEFAULT NULL,
  PRIMARY KEY (`ID_`),
  KEY `ACT_IDX_IDENT_LNK_USER` (`USER_ID_`),
  KEY `ACT_IDX_IDENT_LNK_GROUP` (`GROUP_ID_`),
  KEY `ACT_IDX_ATHRZ_PROCEDEF` (`PROC_DEF_ID_`),
  KEY `ACT_FK_TSKASS_TASK` (`TASK_ID_`),
  KEY `ACT_FK_IDL_PROCINST` (`PROC_INST_ID_`),
  CONSTRAINT `ACT_FK_ATHRZ_PROCEDEF` FOREIGN KEY (`PROC_DEF_ID_`) REFERENCES `act_re_procdef` (`ID_`),
  CONSTRAINT `ACT_FK_IDL_PROCINST` FOREIGN KEY (`PROC_INST_ID_`) REFERENCES `act_ru_execution` (`ID_`),
  CONSTRAINT `ACT_FK_TSKASS_TASK` FOREIGN KEY (`TASK_ID_`) REFERENCES `act_ru_task` (`ID_`)
) ENGINE=InnoDB DEFAULT CHARSET=utf8 COLLATE=utf8_bin;
/*!40101 SET character_set_client = @saved_cs_client */;

--
-- Dumping data for table `act_ru_identitylink`
--

LOCK TABLES `act_ru_identitylink` WRITE;
/*!40000 ALTER TABLE `act_ru_identitylink` DISABLE KEYS */;
/*!40000 ALTER TABLE `act_ru_identitylink` ENABLE KEYS */;
UNLOCK TABLES;

--
-- Table structure for table `act_ru_job`
--

DROP TABLE IF EXISTS `act_ru_job`;
/*!40101 SET @saved_cs_client     = @@character_set_client */;
/*!40101 SET character_set_client = utf8 */;
CREATE TABLE `act_ru_job` (
  `ID_` varchar(64) COLLATE utf8_bin NOT NULL,
  `REV_` int(11) DEFAULT NULL,
  `TYPE_` varchar(255) COLLATE utf8_bin NOT NULL,
  `LOCK_EXP_TIME_` timestamp(3) NULL DEFAULT NULL,
  `LOCK_OWNER_` varchar(255) COLLATE utf8_bin DEFAULT NULL,
  `EXCLUSIVE_` tinyint(1) DEFAULT NULL,
  `EXECUTION_ID_` varchar(64) COLLATE utf8_bin DEFAULT NULL,
  `PROCESS_INSTANCE_ID_` varchar(64) COLLATE utf8_bin DEFAULT NULL,
  `PROC_DEF_ID_` varchar(64) COLLATE utf8_bin DEFAULT NULL,
  `RETRIES_` int(11) DEFAULT NULL,
  `EXCEPTION_STACK_ID_` varchar(64) COLLATE utf8_bin DEFAULT NULL,
  `EXCEPTION_MSG_` varchar(4000) COLLATE utf8_bin DEFAULT NULL,
  `DUEDATE_` timestamp(3) NULL DEFAULT NULL,
  `REPEAT_` varchar(255) COLLATE utf8_bin DEFAULT NULL,
  `HANDLER_TYPE_` varchar(255) COLLATE utf8_bin DEFAULT NULL,
  `HANDLER_CFG_` varchar(4000) COLLATE utf8_bin DEFAULT NULL,
  `TENANT_ID_` varchar(255) COLLATE utf8_bin DEFAULT '',
  PRIMARY KEY (`ID_`),
  KEY `ACT_FK_JOB_EXCEPTION` (`EXCEPTION_STACK_ID_`),
  CONSTRAINT `ACT_FK_JOB_EXCEPTION` FOREIGN KEY (`EXCEPTION_STACK_ID_`) REFERENCES `act_ge_bytearray` (`ID_`)
) ENGINE=InnoDB DEFAULT CHARSET=utf8 COLLATE=utf8_bin;
/*!40101 SET character_set_client = @saved_cs_client */;

--
-- Dumping data for table `act_ru_job`
--

LOCK TABLES `act_ru_job` WRITE;
/*!40000 ALTER TABLE `act_ru_job` DISABLE KEYS */;
/*!40000 ALTER TABLE `act_ru_job` ENABLE KEYS */;
UNLOCK TABLES;

--
-- Table structure for table `act_ru_task`
--

DROP TABLE IF EXISTS `act_ru_task`;
/*!40101 SET @saved_cs_client     = @@character_set_client */;
/*!40101 SET character_set_client = utf8 */;
CREATE TABLE `act_ru_task` (
  `ID_` varchar(64) COLLATE utf8_bin NOT NULL DEFAULT '',
  `REV_` int(11) DEFAULT NULL,
  `EXECUTION_ID_` varchar(64) COLLATE utf8_bin DEFAULT NULL,
  `PROC_INST_ID_` varchar(64) COLLATE utf8_bin DEFAULT NULL,
  `PROC_DEF_ID_` varchar(64) COLLATE utf8_bin DEFAULT NULL,
  `NAME_` varchar(255) COLLATE utf8_bin DEFAULT NULL,
  `PARENT_TASK_ID_` varchar(64) COLLATE utf8_bin DEFAULT NULL,
  `DESCRIPTION_` varchar(4000) COLLATE utf8_bin DEFAULT NULL,
  `TASK_DEF_KEY_` varchar(255) COLLATE utf8_bin DEFAULT NULL,
  `OWNER_` varchar(255) COLLATE utf8_bin DEFAULT NULL,
  `ASSIGNEE_` varchar(255) COLLATE utf8_bin DEFAULT NULL,
  `DELEGATION_` varchar(64) COLLATE utf8_bin DEFAULT NULL,
  `PRIORITY_` int(11) DEFAULT NULL,
  `CREATE_TIME_` timestamp(3) NOT NULL DEFAULT CURRENT_TIMESTAMP(3) ON UPDATE CURRENT_TIMESTAMP(3),
  `DUE_DATE_` datetime(3) DEFAULT NULL,
  `CATEGORY_` varchar(255) COLLATE utf8_bin DEFAULT NULL,
  `SUSPENSION_STATE_` int(11) DEFAULT NULL,
  `TENANT_ID_` varchar(255) COLLATE utf8_bin DEFAULT '',
  `FORM_KEY_` varchar(255) COLLATE utf8_bin DEFAULT NULL,
  PRIMARY KEY (`ID_`),
  KEY `ACT_IDX_TASK_CREATE` (`CREATE_TIME_`),
  KEY `ACT_FK_TASK_EXE` (`EXECUTION_ID_`),
  KEY `ACT_FK_TASK_PROCINST` (`PROC_INST_ID_`),
  KEY `ACT_FK_TASK_PROCDEF` (`PROC_DEF_ID_`),
  CONSTRAINT `ACT_FK_TASK_EXE` FOREIGN KEY (`EXECUTION_ID_`) REFERENCES `act_ru_execution` (`ID_`),
  CONSTRAINT `ACT_FK_TASK_PROCDEF` FOREIGN KEY (`PROC_DEF_ID_`) REFERENCES `act_re_procdef` (`ID_`),
  CONSTRAINT `ACT_FK_TASK_PROCINST` FOREIGN KEY (`PROC_INST_ID_`) REFERENCES `act_ru_execution` (`ID_`)
) ENGINE=InnoDB DEFAULT CHARSET=utf8 COLLATE=utf8_bin;
/*!40101 SET character_set_client = @saved_cs_client */;

--
-- Dumping data for table `act_ru_task`
--

LOCK TABLES `act_ru_task` WRITE;
/*!40000 ALTER TABLE `act_ru_task` DISABLE KEYS */;
/*!40000 ALTER TABLE `act_ru_task` ENABLE KEYS */;
UNLOCK TABLES;

--
-- Table structure for table `act_ru_variable`
--

DROP TABLE IF EXISTS `act_ru_variable`;
/*!40101 SET @saved_cs_client     = @@character_set_client */;
/*!40101 SET character_set_client = utf8 */;
CREATE TABLE `act_ru_variable` (
  `ID_` varchar(64) COLLATE utf8_bin NOT NULL,
  `REV_` int(11) DEFAULT NULL,
  `TYPE_` varchar(255) COLLATE utf8_bin NOT NULL,
  `NAME_` varchar(255) COLLATE utf8_bin NOT NULL,
  `EXECUTION_ID_` varchar(64) COLLATE utf8_bin DEFAULT NULL,
  `PROC_INST_ID_` varchar(64) COLLATE utf8_bin DEFAULT NULL,
  `TASK_ID_` varchar(64) COLLATE utf8_bin DEFAULT NULL,
  `BYTEARRAY_ID_` varchar(64) COLLATE utf8_bin DEFAULT NULL,
  `DOUBLE_` double DEFAULT NULL,
  `LONG_` bigint(20) DEFAULT NULL,
  `TEXT_` varchar(4000) COLLATE utf8_bin DEFAULT NULL,
  `TEXT2_` varchar(4000) COLLATE utf8_bin DEFAULT NULL,
  PRIMARY KEY (`ID_`),
  KEY `ACT_IDX_VARIABLE_TASK_ID` (`TASK_ID_`),
  KEY `ACT_FK_VAR_EXE` (`EXECUTION_ID_`),
  KEY `ACT_FK_VAR_PROCINST` (`PROC_INST_ID_`),
  KEY `ACT_FK_VAR_BYTEARRAY` (`BYTEARRAY_ID_`),
  CONSTRAINT `ACT_FK_VAR_BYTEARRAY` FOREIGN KEY (`BYTEARRAY_ID_`) REFERENCES `act_ge_bytearray` (`ID_`),
  CONSTRAINT `ACT_FK_VAR_EXE` FOREIGN KEY (`EXECUTION_ID_`) REFERENCES `act_ru_execution` (`ID_`),
  CONSTRAINT `ACT_FK_VAR_PROCINST` FOREIGN KEY (`PROC_INST_ID_`) REFERENCES `act_ru_execution` (`ID_`)
) ENGINE=InnoDB DEFAULT CHARSET=utf8 COLLATE=utf8_bin;
/*!40101 SET character_set_client = @saved_cs_client */;

--
-- Dumping data for table `act_ru_variable`
--

LOCK TABLES `act_ru_variable` WRITE;
/*!40000 ALTER TABLE `act_ru_variable` DISABLE KEYS */;
/*!40000 ALTER TABLE `act_ru_variable` ENABLE KEYS */;
UNLOCK TABLES;

--
-- Table structure for table `activity_info`
--

DROP TABLE IF EXISTS `activity_info`;
/*!40101 SET @saved_cs_client     = @@character_set_client */;
/*!40101 SET character_set_client = utf8 */;
CREATE TABLE `activity_info` (
  `ID` bigint(20) NOT NULL,
  `NAME` varchar(200) DEFAULT NULL,
  `CONTENT` text,
  `LOCATION` varchar(200) DEFAULT NULL,
  `STATUS` varchar(50) DEFAULT NULL,
  `CREATE_TIME` datetime DEFAULT NULL,
  `START_TIME` datetime DEFAULT NULL,
  `END_TIME` datetime DEFAULT NULL,
  `OPEN_TIME` datetime DEFAULT NULL,
  `CLOSE_TIME` datetime DEFAULT NULL,
  `HEAD_COUNT` int(11) DEFAULT NULL,
  `USER_ID` varchar(64) DEFAULT NULL,
  `TENANT_ID` varchar(64) DEFAULT NULL,
  PRIMARY KEY (`ID`)
) ENGINE=InnoDB DEFAULT CHARSET=utf8;
/*!40101 SET character_set_client = @saved_cs_client */;

--
-- Dumping data for table `activity_info`
--

LOCK TABLES `activity_info` WRITE;
/*!40000 ALTER TABLE `activity_info` DISABLE KEYS */;
/*!40000 ALTER TABLE `activity_info` ENABLE KEYS */;
UNLOCK TABLES;

--
-- Table structure for table `activity_user`
--

DROP TABLE IF EXISTS `activity_user`;
/*!40101 SET @saved_cs_client     = @@character_set_client */;
/*!40101 SET character_set_client = utf8 */;
CREATE TABLE `activity_user` (
  `ID` bigint(20) NOT NULL,
  `PRIORITY` int(11) DEFAULT NULL,
  `CREATE_TIME` datetime DEFAULT NULL,
  `USER_ID` varchar(64) DEFAULT NULL,
  `TENANT_ID` varchar(64) DEFAULT NULL,
  `INFO_ID` bigint(20) DEFAULT NULL,
  PRIMARY KEY (`ID`),
  KEY `FK_ACTIVITY_USER_INFO` (`INFO_ID`),
  CONSTRAINT `FK_ACTIVITY_USER_INFO` FOREIGN KEY (`INFO_ID`) REFERENCES `activity_info` (`ID`)
) ENGINE=InnoDB DEFAULT CHARSET=utf8;
/*!40101 SET character_set_client = @saved_cs_client */;

--
-- Dumping data for table `activity_user`
--

LOCK TABLES `activity_user` WRITE;
/*!40000 ALTER TABLE `activity_user` DISABLE KEYS */;
/*!40000 ALTER TABLE `activity_user` ENABLE KEYS */;
UNLOCK TABLES;

--
-- Table structure for table `asset_info`
--

DROP TABLE IF EXISTS `asset_info`;
/*!40101 SET @saved_cs_client     = @@character_set_client */;
/*!40101 SET character_set_client = utf8 */;
CREATE TABLE `asset_info` (
  `ID` bigint(20) NOT NULL,
  `NAME` varchar(200) DEFAULT NULL,
  `CODE` varchar(200) DEFAULT NULL,
  `DESCRIPTION` varchar(200) DEFAULT NULL,
  PRIMARY KEY (`ID`)
) ENGINE=InnoDB DEFAULT CHARSET=utf8;
/*!40101 SET character_set_client = @saved_cs_client */;

--
-- Dumping data for table `asset_info`
--

LOCK TABLES `asset_info` WRITE;
/*!40000 ALTER TABLE `asset_info` DISABLE KEYS */;
/*!40000 ALTER TABLE `asset_info` ENABLE KEYS */;
UNLOCK TABLES;

--
-- Table structure for table `attendance_info`
--

DROP TABLE IF EXISTS `attendance_info`;
/*!40101 SET @saved_cs_client     = @@character_set_client */;
/*!40101 SET character_set_client = utf8 */;
CREATE TABLE `attendance_info` (
  `ID` bigint(20) NOT NULL,
  `NAME` varchar(200) DEFAULT NULL,
  `CREATE_TIME` datetime DEFAULT NULL,
  `STATUS` varchar(50) DEFAULT NULL,
  `TYPE` varchar(50) DEFAULT NULL,
  `CATALOG` varchar(100) DEFAULT NULL,
  `EMPLOYEE_ID` varchar(64) DEFAULT NULL,
  `TENANT_ID` varchar(64) DEFAULT NULL,
  PRIMARY KEY (`ID`)
) ENGINE=InnoDB DEFAULT CHARSET=utf8;
/*!40101 SET character_set_client = @saved_cs_client */;

--
-- Dumping data for table `attendance_info`
--

LOCK TABLES `attendance_info` WRITE;
/*!40000 ALTER TABLE `attendance_info` DISABLE KEYS */;
/*!40000 ALTER TABLE `attendance_info` ENABLE KEYS */;
UNLOCK TABLES;

--
-- Table structure for table `audit_base`
--

DROP TABLE IF EXISTS `audit_base`;
/*!40101 SET @saved_cs_client     = @@character_set_client */;
/*!40101 SET character_set_client = utf8 */;
CREATE TABLE `audit_base` (
  `ID` bigint(20) NOT NULL,
  `USER` varchar(200) DEFAULT NULL,
  `RESOURCE_TYPE` varchar(200) DEFAULT NULL,
  `RESOURCE_ID` varchar(200) DEFAULT NULL,
  `ACTION` varchar(200) DEFAULT NULL,
  `RESULT` varchar(200) DEFAULT NULL,
  `APPLICATION` varchar(200) DEFAULT NULL,
  `AUDIT_TIME` timestamp NOT NULL DEFAULT CURRENT_TIMESTAMP ON UPDATE CURRENT_TIMESTAMP,
  `CLIENT` varchar(200) DEFAULT NULL,
  `SERVER` varchar(200) DEFAULT NULL,
  `DESCRIPTION` varchar(200) DEFAULT NULL,
  `TENANT_ID` varchar(64) DEFAULT NULL,
  PRIMARY KEY (`ID`)
) ENGINE=InnoDB DEFAULT CHARSET=utf8;
/*!40101 SET character_set_client = @saved_cs_client */;

--
-- Dumping data for table `audit_base`
--

LOCK TABLES `audit_base` WRITE;
/*!40000 ALTER TABLE `audit_base` DISABLE KEYS */;
INSERT INTO `audit_base` VALUES (246665432809472,'1',NULL,NULL,'login','success','lemon','2016-08-06 09:09:24','127.0.0.1','192.168.56.1',NULL,'1'),(247683820945408,'1',NULL,NULL,'login','success','lemon','2016-08-07 02:25:21','0:0:0:0:0:0:0:1','192.168.56.1',NULL,'1'),(247728627924992,'247688773386240',NULL,NULL,'login','success','lemon','2016-08-07 03:10:56','0:0:0:0:0:0:0:1','192.168.56.1',NULL,'1'),(247729803444224,'1',NULL,NULL,'login','success','lemon','2016-08-07 03:12:08','0:0:0:0:0:0:0:1','192.168.56.1',NULL,'1'),(251790635155456,'1',NULL,NULL,'login','success','lemon','2016-08-10 00:03:01','127.0.0.1','192.168.56.1',NULL,'1'),(253344698875904,'1',NULL,NULL,'login','success','lemon','2016-08-11 02:23:54','0:0:0:0:0:0:0:1','192.168.56.1',NULL,'1'),(253431718739968,'247688773386240',NULL,NULL,'login','success','lemon','2016-08-11 03:52:25','0:0:0:0:0:0:0:1','192.168.56.1',NULL,'1'),(253432529879040,'1',NULL,NULL,'login','success','lemon','2016-08-11 03:53:15','0:0:0:0:0:0:0:1','192.168.56.1',NULL,'1'),(253441887780864,'247689637478400',NULL,NULL,'login','success','lemon','2016-08-11 04:02:46','0:0:0:0:0:0:0:1','192.168.56.1',NULL,'1'),(253442732785664,'247688773386240',NULL,NULL,'login','success','lemon','2016-08-11 04:03:38','0:0:0:0:0:0:0:1','192.168.56.1',NULL,'1'),(253443140452352,'247689637478400',NULL,NULL,'login','success','lemon','2016-08-11 04:04:02','0:0:0:0:0:0:0:1','192.168.56.1',NULL,'1'),(253444439949312,'1',NULL,NULL,'login','success','lemon','2016-08-11 04:05:22','0:0:0:0:0:0:0:1','192.168.56.1',NULL,'1'),(253740517785600,'4',NULL,NULL,'login','success','lemon','2016-08-11 09:06:33','0:0:0:0:0:0:0:1','192.168.56.1',NULL,'1'),(253741421215744,'1',NULL,NULL,'login','success','lemon','2016-08-11 09:07:28','0:0:0:0:0:0:0:1','192.168.56.1',NULL,'1'),(254787445391360,'1',NULL,NULL,'login','success','lemon','2016-08-12 02:51:32','0:0:0:0:0:0:0:1','192.168.56.1',NULL,'1'),(254858589732864,'1',NULL,NULL,'login','success','lemon','2016-08-12 04:03:55','127.0.0.1','192.168.56.1',NULL,'1'),(254985583673344,'247689000714240',NULL,NULL,'login','success','lemon','2016-08-12 06:13:06','127.0.0.1','192.168.56.1',NULL,'1'),(254987085971456,'1',NULL,NULL,'login','success','lemon','2016-08-12 06:14:37','127.0.0.1','192.168.56.1',NULL,'1'),(255011646816256,'1',NULL,NULL,'login','success','lemon','2016-08-12 06:39:36','0:0:0:0:0:0:0:1','192.168.56.1',NULL,'1'),(255028897890304,'247689637478400',NULL,NULL,'login','success','lemon','2016-08-12 06:57:09','0:0:0:0:0:0:0:1','192.168.56.1',NULL,'1'),(255029862318080,'lingo',NULL,NULL,'login','failure','lemon','2016-08-12 06:58:08','0:0:0:0:0:0:0:1','192.168.56.1','账号或密码错误',''),(255029950611456,'1',NULL,NULL,'login','success','lemon','2016-08-12 06:58:14','0:0:0:0:0:0:0:1','192.168.56.1',NULL,'1'),(255031004381184,'247689637478400',NULL,NULL,'login','success','lemon','2016-08-12 06:59:18','0:0:0:0:0:0:0:1','192.168.56.1',NULL,'1'),(255032068423680,'1',NULL,NULL,'login','success','lemon','2016-08-12 07:00:23','0:0:0:0:0:0:0:1','192.168.56.1',NULL,'1'),(255316388954112,'1',NULL,NULL,'login','success','lemon','2016-08-12 11:49:36','127.0.0.1','192.168.56.1',NULL,'1'),(255337659400192,'1',NULL,NULL,'login','success','lemon','2016-08-12 12:11:15','127.0.0.1','192.168.56.1',NULL,'1'),(255367668023296,'1',NULL,NULL,'login','success','lemon','2016-08-12 12:41:46','127.0.0.1','192.168.56.1',NULL,'1'),(255450579566592,'1',NULL,NULL,'login','success','lemon','2016-08-12 14:06:07','127.0.0.1','192.168.56.1',NULL,'1'),(256176468230144,'1',NULL,NULL,'login','success','lemon','2016-08-13 02:24:31','127.0.0.1','192.168.56.1',NULL,'1'),(256413907795968,'1',NULL,NULL,'login','success','lemon','2016-08-13 06:26:04','127.0.0.1','192.168.56.1',NULL,'1'),(256416033341440,'1',NULL,NULL,'login','success','lemon','2016-08-13 06:28:13','127.0.0.1','192.168.56.1',NULL,'1'),(256431869870080,'1',NULL,NULL,'login','success','lemon','2016-08-13 06:44:20','127.0.0.1','192.168.56.1',NULL,'1'),(256469990948864,'1',NULL,NULL,'login','success','lemon','2016-08-13 07:23:07','127.0.0.1','192.168.56.1',NULL,'1'),(256474625032192,'1',NULL,NULL,'login','success','lemon','2016-08-13 07:27:50','127.0.0.1','192.168.56.1',NULL,'1'),(256515201155072,'1',NULL,NULL,'login','success','lemon','2016-08-13 08:09:06','127.0.0.1','192.168.56.1',NULL,'1'),(256519373520896,'1',NULL,NULL,'login','success','lemon','2016-08-13 08:13:21','127.0.0.1','192.168.56.1',NULL,'1'),(256534166667264,'1',NULL,NULL,'login','success','lemon','2016-08-13 08:28:24','0:0:0:0:0:0:0:1','192.168.56.1',NULL,'1'),(256542795497472,'1',NULL,NULL,'login','success','lemon','2016-08-13 08:37:10','0:0:0:0:0:0:0:1','192.168.56.1',NULL,'1'),(256548512858112,'1',NULL,NULL,'login','success','lemon','2016-08-13 08:42:59','0:0:0:0:0:0:0:1','192.168.56.1',NULL,'1'),(256577893613568,'1',NULL,NULL,'login','success','lemon','2016-08-13 09:12:53','0:0:0:0:0:0:0:1','192.168.56.1',NULL,'1'),(256581161631744,'1',NULL,NULL,'login','success','lemon','2016-08-13 09:16:12','127.0.0.1','192.168.56.1',NULL,'1'),(256698439090176,'1',NULL,NULL,'login','success','lemon','2016-08-13 11:15:30','127.0.0.1','192.168.56.1',NULL,'1'),(256722595725312,'1',NULL,NULL,'login','success','lemon','2016-08-13 11:40:04','127.0.0.1','192.168.56.1',NULL,'1'),(256727069376512,'1',NULL,NULL,'login','success','lemon','2016-08-13 11:44:37','127.0.0.1','192.168.56.1',NULL,'1'),(256733701570560,'1',NULL,NULL,'login','success','lemon','2016-08-13 11:51:22','127.0.0.1','192.168.56.1',NULL,'1'),(256752626761728,'1',NULL,NULL,'login','success','lemon','2016-08-13 12:10:37','127.0.0.1','192.168.56.1',NULL,'1'),(256759187996672,'1',NULL,NULL,'login','success','lemon','2016-08-13 12:17:18','127.0.0.1','192.168.56.1',NULL,'1'),(256781980123136,'1',NULL,NULL,'login','success','lemon','2016-08-13 12:40:29','127.0.0.1','192.168.56.1',NULL,'1'),(256785338761216,'1',NULL,NULL,'login','success','lemon','2016-08-13 12:43:54','0:0:0:0:0:0:0:1','192.168.56.1',NULL,'1'),(256791168598016,'1',NULL,NULL,'login','success','lemon','2016-08-13 12:49:49','0:0:0:0:0:0:0:1','192.168.56.1',NULL,'1'),(256796361621504,'1',NULL,NULL,'login','success','lemon','2016-08-13 12:55:07','0:0:0:0:0:0:0:1','192.168.56.1',NULL,'1'),(256824483545088,'1',NULL,NULL,'login','success','lemon','2016-08-13 13:23:43','0:0:0:0:0:0:0:1','192.168.56.1',NULL,'1'),(256828481208320,'1',NULL,NULL,'login','success','lemon','2016-08-13 13:27:47','0:0:0:0:0:0:0:1','192.168.56.1',NULL,'1'),(256834650259456,'1',NULL,NULL,'login','success','lemon','2016-08-13 13:34:04','127.0.0.1','192.168.56.1',NULL,'1'),(260360598044672,'1',NULL,NULL,'login','success','lemon','2016-08-16 01:20:50','127.0.0.1','192.168.56.1',NULL,'1'),(260378720370688,'1',NULL,NULL,'login','success','lemon','2016-08-16 01:39:17','0:0:0:0:0:0:0:1','192.168.56.1',NULL,'1'),(260652562857984,'1',NULL,NULL,'login','success','lemon','2016-08-16 06:17:51','127.0.0.1','192.168.56.1',NULL,'1'),(260657047781376,'1',NULL,NULL,'login','success','lemon','2016-08-16 06:22:24','127.0.0.1','192.168.56.1',NULL,'1'),(260662188015616,'1',NULL,NULL,'login','success','lemon','2016-08-16 06:27:38','127.0.0.1','192.168.56.1',NULL,'1'),(260666835304448,'1',NULL,NULL,'login','success','lemon','2016-08-16 06:32:22','0:0:0:0:0:0:0:1','192.168.56.1',NULL,'1'),(260679108149248,'1',NULL,NULL,'login','success','lemon','2016-08-16 06:44:51','127.0.0.1','192.168.56.1',NULL,'1'),(260679120764928,'1',NULL,NULL,'login','success','lemon','2016-08-16 06:44:52','127.0.0.1','192.168.56.1',NULL,'1'),(260698752729088,'1',NULL,NULL,'login','success','lemon','2016-08-16 07:04:50','127.0.0.1','192.168.56.1',NULL,'1'),(260713802776576,'1',NULL,NULL,'login','success','lemon','2016-08-16 07:20:08','127.0.0.1','192.168.56.1',NULL,'1'),(260719298478080,'2013034611',NULL,NULL,'login','failure','lemon','2016-08-16 07:25:44','0:0:0:0:0:0:0:1','192.168.56.1','账号或密码错误',''),(260719509389312,'1',NULL,NULL,'login','success','lemon','2016-08-16 07:25:57','0:0:0:0:0:0:0:1','192.168.56.1',NULL,'1'),(260723640680448,'1',NULL,NULL,'login','success','lemon','2016-08-16 07:30:09','0:0:0:0:0:0:0:1','192.168.56.1',NULL,'1'),(260728177180672,'1',NULL,NULL,'login','success','lemon','2016-08-16 07:34:46','0:0:0:0:0:0:0:1','192.168.56.1',NULL,'1'),(260740404822016,'1',NULL,NULL,'login','success','lemon','2016-08-16 07:47:12','0:0:0:0:0:0:0:1','192.168.56.1',NULL,'1'),(260752075522048,'1',NULL,NULL,'login','success','lemon','2016-08-16 07:59:04','0:0:0:0:0:0:0:1','192.168.56.1',NULL,'1'),(260759007936512,'1',NULL,NULL,'login','success','lemon','2016-08-16 08:06:08','0:0:0:0:0:0:0:1','192.168.56.1',NULL,'1'),(260774040453120,'1',NULL,NULL,'login','success','lemon','2016-08-16 08:21:25','0:0:0:0:0:0:0:1','192.168.56.1',NULL,'1'),(260787016253440,'1',NULL,NULL,'login','success','lemon','2016-08-16 08:34:37','0:0:0:0:0:0:0:1','192.168.56.1',NULL,'1'),(260795816329216,'1',NULL,NULL,'login','success','lemon','2016-08-16 08:43:34','0:0:0:0:0:0:0:1','192.168.56.1',NULL,'1'),(260810686480384,'1',NULL,NULL,'login','success','lemon','2016-08-16 08:58:42','0:0:0:0:0:0:0:1','192.168.56.1',NULL,'1'),(260815497232384,'1',NULL,NULL,'login','success','lemon','2016-08-16 09:03:35','0:0:0:0:0:0:0:1','192.168.56.1',NULL,'1'),(260825962758144,'1',NULL,NULL,'login','success','lemon','2016-08-16 09:14:14','0:0:0:0:0:0:0:1','192.168.56.1',NULL,'1'),(260840514699264,'1',NULL,NULL,'login','success','lemon','2016-08-16 09:29:02','0:0:0:0:0:0:0:1','192.168.56.1',NULL,'1'),(260949059305472,'1',NULL,NULL,'login','success','lemon','2016-08-16 11:19:27','0:0:0:0:0:0:0:1','192.168.56.1',NULL,'1'),(260958073487360,'1',NULL,NULL,'login','success','lemon','2016-08-16 11:28:37','0:0:0:0:0:0:0:1','192.168.56.1',NULL,'1'),(260972490260480,'1',NULL,NULL,'login','success','lemon','2016-08-16 11:43:17','0:0:0:0:0:0:0:1','192.168.56.1',NULL,'1'),(261844773912576,'1',NULL,NULL,'login','success','lemon','2016-08-17 02:30:37','0:0:0:0:0:0:0:1','192.168.56.1',NULL,'1'),(261904297558016,'1',NULL,NULL,'login','success','lemon','2016-08-17 03:31:10','127.0.0.1','192.168.56.1',NULL,'1'),(261917127802880,'1',NULL,NULL,'login','success','lemon','2016-08-17 03:44:14','127.0.0.1','192.168.56.1',NULL,'1'),(262066466160640,'1',NULL,NULL,'login','success','lemon','2016-08-17 06:16:08','127.0.0.1','192.168.56.1',NULL,'1'),(262102779822080,'rrr',NULL,NULL,'login','failure','lemon','2016-08-17 06:53:05','127.0.0.1','192.168.56.1','账号或密码错误',''),(262102874816512,'247689264381952',NULL,NULL,'login','success','lemon','2016-08-17 06:53:11','127.0.0.1','192.168.56.1',NULL,'1'),(262129712971776,'1',NULL,NULL,'login','success','lemon','2016-08-17 07:20:29','127.0.0.1','192.168.56.1',NULL,'1'),(262143829884928,'1',NULL,NULL,'login','success','lemon','2016-08-17 07:34:50','127.0.0.1','192.168.56.1',NULL,'1'),(262146442919936,'1',NULL,NULL,'login','success','lemon','2016-08-17 07:37:30','127.0.0.1','192.168.56.1',NULL,'1'),(262150258704384,'1',NULL,NULL,'login','success','lemon','2016-08-17 07:41:23','127.0.0.1','192.168.56.1',NULL,'1'),(262158917697536,'1',NULL,NULL,'login','success','lemon','2016-08-17 07:50:11','0:0:0:0:0:0:0:1','192.168.56.1',NULL,'1'),(262163325370368,'1',NULL,NULL,'login','success','lemon','2016-08-17 07:54:40','0:0:0:0:0:0:0:1','192.168.56.1',NULL,'1'),(263273729736704,'1',NULL,NULL,'login','success','lemon','2016-08-18 02:44:14','0:0:0:0:0:0:0:1','192.168.56.1',NULL,'1'),(263358348083200,'1',NULL,NULL,'login','success','lemon','2016-08-18 04:10:19','0:0:0:0:0:0:0:1','192.168.56.1',NULL,'1'),(263473451368448,'1',NULL,NULL,'login','success','lemon','2016-08-18 06:07:24','0:0:0:0:0:0:0:1','192.168.56.1',NULL,'1'),(263483056160768,'2013034531',NULL,NULL,'login','failure','lemon','2016-08-18 06:17:10','0:0:0:0:0:0:0:1','192.168.56.1','账号或密码错误',''),(263483855978496,'2013034531',NULL,NULL,'login','failure','lemon','2016-08-18 06:17:59','0:0:0:0:0:0:0:1','192.168.56.1','账号或密码错误',''),(263484134998016,'1',NULL,NULL,'login','success','lemon','2016-08-18 06:18:16','0:0:0:0:0:0:0:1','192.168.56.1',NULL,'1'),(263486945181696,'263486612602880',NULL,NULL,'login','success','lemon','2016-08-18 06:21:08','0:0:0:0:0:0:0:1','192.168.56.1',NULL,'1'),(263488217808896,'1',NULL,NULL,'login','success','lemon','2016-08-18 06:22:25','0:0:0:0:0:0:0:1','192.168.56.1',NULL,'1'),(263545999851520,'1',NULL,NULL,'login','success','lemon','2016-08-18 07:21:12','0:0:0:0:0:0:0:1','192.168.56.1',NULL,'1'),(263552552845312,'1',NULL,NULL,'login','success','lemon','2016-08-18 07:27:52','0:0:0:0:0:0:0:1','192.168.56.1',NULL,'1'),(263618235711488,'1',NULL,NULL,'login','success','lemon','2016-08-18 08:34:41','0:0:0:0:0:0:0:1','192.168.56.1',NULL,'1'),(264677461327872,'1',NULL,NULL,'login','success','lemon','2016-08-19 02:32:11','0:0:0:0:0:0:0:1','192.168.56.1',NULL,'1'),(264703418728448,'1',NULL,NULL,'login','success','lemon','2016-08-19 02:58:35','0:0:0:0:0:0:0:1','192.168.56.1',NULL,'1'),(264717449822208,'1',NULL,NULL,'login','success','lemon','2016-08-19 03:12:52','127.0.0.1','192.168.56.1',NULL,'1'),(264717594492928,'1',NULL,NULL,'login','success','lemon','2016-08-19 03:13:00','127.0.0.1','192.168.56.1',NULL,'1'),(264717918748672,'1',NULL,NULL,'login','success','lemon','2016-08-19 03:13:20','0:0:0:0:0:0:0:1','192.168.56.1',NULL,'1'),(264722973229056,'1',NULL,NULL,'login','success','lemon','2016-08-19 03:18:29','127.0.0.1','192.168.56.1',NULL,'1'),(264739139780608,'1',NULL,NULL,'login','success','lemon','2016-08-19 03:34:55','127.0.0.1','192.168.56.1',NULL,'1'),(264973105414144,'1',NULL,NULL,'login','success','lemon','2016-08-19 07:32:56','0:0:0:0:0:0:0:1','192.168.56.1',NULL,'1'),(267683249389568,'1',NULL,NULL,'login','success','lemon','2016-08-21 05:29:50','0:0:0:0:0:0:0:1','192.168.56.1',NULL,'1'),(267714020376576,'267713809711104',NULL,NULL,'login','success','lemon','2016-08-21 06:01:08','0:0:0:0:0:0:0:1','192.168.56.1',NULL,'1'),(267714520989696,'1',NULL,NULL,'login','success','lemon','2016-08-21 06:01:38','0:0:0:0:0:0:0:1','192.168.56.1',NULL,'1'),(267715768352768,'267713809711104',NULL,NULL,'login','success','lemon','2016-08-21 06:02:54','0:0:0:0:0:0:0:1','192.168.56.1',NULL,'1'),(267763255558144,'1',NULL,NULL,'login','success','lemon','2016-08-21 06:51:13','127.0.0.1','192.168.56.1',NULL,'1'),(267769269288960,'267768847958016',NULL,NULL,'login','success','lemon','2016-08-21 06:57:20','127.0.0.1','192.168.56.1',NULL,'1'),(267773131898880,'1',NULL,NULL,'login','success','lemon','2016-08-21 07:01:16','127.0.0.1','192.168.56.1',NULL,'1'),(267773925179392,'267768847958016',NULL,NULL,'login','success','lemon','2016-08-21 07:02:04','127.0.0.1','192.168.56.1',NULL,'1'),(267804173271040,'267768847958016',NULL,NULL,'login','success','lemon','2016-08-21 07:32:50','127.0.0.1','192.168.56.1',NULL,'1'),(267811361226752,'267768847958016',NULL,NULL,'login','success','lemon','2016-08-21 07:40:09','0:0:0:0:0:0:0:1','192.168.56.1',NULL,'1'),(267813888245760,'247689000714240',NULL,NULL,'login','success','lemon','2016-08-21 07:42:43','0:0:0:0:0:0:0:1','192.168.56.1',NULL,'1'),(267823120515072,'267768847958016',NULL,NULL,'login','success','lemon','2016-08-21 07:52:07','127.0.0.1','192.168.56.1',NULL,'1'),(267830801448960,'247689000714240',NULL,NULL,'login','success','lemon','2016-08-21 07:59:56','127.0.0.1','192.168.56.1',NULL,'1'),(267838159880192,'247689000714240',NULL,NULL,'login','success','lemon','2016-08-21 08:07:25','127.0.0.1','192.168.56.1',NULL,'1'),(267840164265984,'1',NULL,NULL,'login','success','lemon','2016-08-21 08:09:27','127.0.0.1','192.168.56.1',NULL,'1'),(267850798792704,'247688773386240',NULL,NULL,'login','success','lemon','2016-08-21 08:20:16','127.0.0.1','192.168.56.1',NULL,'1'),(267858361434112,'247688773386240',NULL,NULL,'login','success','lemon','2016-08-21 08:27:58','127.0.0.1','192.168.56.1',NULL,'1'),(267879793115136,'247688773386240',NULL,NULL,'login','success','lemon','2016-08-21 08:49:46','0:0:0:0:0:0:0:1','192.168.56.1',NULL,'1'),(267889005314048,'247688773386240',NULL,NULL,'login','success','lemon','2016-08-21 08:59:08','0:0:0:0:0:0:0:1','192.168.56.1',NULL,'1'),(267903301877760,'247688773386240',NULL,NULL,'login','success','lemon','2016-08-21 09:13:41','127.0.0.1','192.168.56.1',NULL,'1'),(267922837602304,'247688773386240',NULL,NULL,'login','success','lemon','2016-08-21 09:33:33','0:0:0:0:0:0:0:1','192.168.56.1',NULL,'1'),(268046725578752,'247688773386240',NULL,NULL,'login','success','lemon','2016-08-21 11:39:34','127.0.0.1','192.168.56.1',NULL,'1'),(268049348968448,'247688773386240',NULL,NULL,'login','success','lemon','2016-08-21 11:42:15','127.0.0.1','192.168.56.1',NULL,'1'),(268057321897984,'247689000714240',NULL,NULL,'login','success','lemon','2016-08-21 11:50:21','0:0:0:0:0:0:0:1','192.168.56.1',NULL,'1'),(268072929099776,'247688773386240',NULL,NULL,'login','success','lemon','2016-08-21 12:06:14','127.0.0.1','192.168.56.1',NULL,'1'),(268861725212672,'267768847958016',NULL,NULL,'login','success','lemon','2016-08-22 01:28:38','0:0:0:0:0:0:0:1','192.168.56.1',NULL,'1'),(268869382193152,'1',NULL,NULL,'login','success','lemon','2016-08-22 01:36:25','127.0.0.1','192.168.56.1',NULL,'1'),(268869531287552,'247688773386240',NULL,NULL,'login','success','lemon','2016-08-22 01:36:35','127.0.0.1','192.168.56.1',NULL,'1'),(268887598186496,'247688773386240',NULL,NULL,'login','success','lemon','2016-08-22 01:54:57','0:0:0:0:0:0:0:1','192.168.56.1',NULL,'1'),(268904868904960,'247688773386240',NULL,NULL,'login','success','lemon','2016-08-22 02:12:31','0:0:0:0:0:0:0:1','192.168.56.1',NULL,'1'),(268943965126656,'247688773386240',NULL,NULL,'login','success','lemon','2016-08-22 02:52:18','127.0.0.1','192.168.56.1',NULL,'1'),(269026883944448,'1',NULL,NULL,'login','success','lemon','2016-08-22 04:16:39','127.0.0.1','192.168.56.1',NULL,'1'),(269146248970240,'1',NULL,NULL,'login','success','lemon','2016-08-22 06:18:04','127.0.0.1','192.168.56.1',NULL,'1'),(269146348060672,'lingo',NULL,NULL,'login','failure','lemon','2016-08-22 06:18:10','127.0.0.1','192.168.56.1','账号或密码错误',''),(269146393837568,'1',NULL,NULL,'login','success','lemon','2016-08-22 06:18:13','127.0.0.1','192.168.56.1',NULL,'1'),(269202842419200,'1',NULL,NULL,'login','success','lemon','2016-08-22 07:15:38','127.0.0.1','192.168.56.1',NULL,'1'),(269207582883840,'1',NULL,NULL,'login','success','lemon','2016-08-22 07:20:28','0:0:0:0:0:0:0:1','192.168.56.1',NULL,'1'),(269426758385664,'1',NULL,NULL,'login','success','lemon','2016-08-22 11:03:25','0:0:0:0:0:0:0:1','192.168.56.1',NULL,'1'),(270346416062464,'1',NULL,NULL,'login','success','lemon','2016-08-23 02:38:56','0:0:0:0:0:0:0:1','192.168.56.1',NULL,'1'),(270377394814976,'247689637478400',NULL,NULL,'login','success','lemon','2016-08-23 03:10:27','0:0:0:0:0:0:0:1','192.168.56.1',NULL,'1'),(270379469455360,'1',NULL,NULL,'login','success','lemon','2016-08-23 03:12:34','0:0:0:0:0:0:0:1','192.168.56.1',NULL,'1'),(270380441567232,'247689637478400',NULL,NULL,'login','success','lemon','2016-08-23 03:13:33','0:0:0:0:0:0:0:1','192.168.56.1',NULL,'1'),(270381834698752,'lingo',NULL,NULL,'login','failure','lemon','2016-08-23 03:14:58','0:0:0:0:0:0:0:1','192.168.56.1','账号或密码错误',''),(270381890502656,'1',NULL,NULL,'login','success','lemon','2016-08-23 03:15:02','0:0:0:0:0:0:0:1','192.168.56.1',NULL,'1'),(270388302102528,'247689637478400',NULL,NULL,'login','success','lemon','2016-08-23 03:21:33','0:0:0:0:0:0:0:1','192.168.56.1',NULL,'1'),(270388951777280,'lingo',NULL,NULL,'login','failure','lemon','2016-08-23 03:22:13','0:0:0:0:0:0:0:1','192.168.56.1','账号或密码错误',''),(270389010399232,'1',NULL,NULL,'login','success','lemon','2016-08-23 03:22:16','0:0:0:0:0:0:0:1','192.168.56.1',NULL,'1'),(270613550104576,'247689637478400',NULL,NULL,'login','success','lemon','2016-08-23 07:10:41','0:0:0:0:0:0:0:1','192.168.56.1',NULL,'1'),(270614641983488,'1',NULL,NULL,'login','success','lemon','2016-08-23 07:11:48','0:0:0:0:0:0:0:1','192.168.56.1',NULL,'1'),(270615456366592,'247689637478400',NULL,NULL,'login','success','lemon','2016-08-23 07:12:37','0:0:0:0:0:0:0:1','192.168.56.1',NULL,'1'),(270617129975808,'1',NULL,NULL,'login','success','lemon','2016-08-23 07:14:20','0:0:0:0:0:0:0:1','192.168.56.1',NULL,'1'),(270618998194176,'7',NULL,NULL,'login','success','lemon','2016-08-23 07:16:14','0:0:0:0:0:0:0:1','192.168.56.1',NULL,'1'),(270619752529920,'1',NULL,NULL,'login','success','lemon','2016-08-23 07:17:00','0:0:0:0:0:0:0:1','192.168.56.1',NULL,'1'),(270622531747840,'1',NULL,NULL,'login','success','lemon','2016-08-23 07:19:49','0:0:0:0:0:0:0:1','192.168.56.1',NULL,'1'),(270622733729792,'247689637478400',NULL,NULL,'login','success','lemon','2016-08-23 07:20:02','0:0:0:0:0:0:0:1','192.168.56.1',NULL,'1'),(270623679283200,'1',NULL,NULL,'login','success','lemon','2016-08-23 07:20:59','0:0:0:0:0:0:0:1','192.168.56.1',NULL,'1'),(270623936790528,'4',NULL,NULL,'login','success','lemon','2016-08-23 07:21:15','0:0:0:0:0:0:0:1','192.168.56.1',NULL,'1'),(270630981124096,'247689637478400',NULL,NULL,'login','success','lemon','2016-08-23 07:28:25','0:0:0:0:0:0:0:1','192.168.56.1',NULL,'1'),(270631173636096,'lingo',NULL,NULL,'login','failure','lemon','2016-08-23 07:28:37','0:0:0:0:0:0:0:1','192.168.56.1','账号或密码错误',''),(270631212728320,'1',NULL,NULL,'login','success','lemon','2016-08-23 07:28:39','0:0:0:0:0:0:0:1','192.168.56.1',NULL,'1'),(270633033351168,'king',NULL,NULL,'login','failure','lemon','2016-08-23 07:30:30','0:0:0:0:0:0:0:1','192.168.56.1','账号或密码错误',''),(270633099853824,'4',NULL,NULL,'login','success','lemon','2016-08-23 07:30:34','0:0:0:0:0:0:0:1','192.168.56.1',NULL,'1'),(270633299312640,'4',NULL,NULL,'login','success','lemon','2016-08-23 07:30:46','0:0:0:0:0:0:0:1','192.168.56.1',NULL,'1'),(270633501884416,'1',NULL,NULL,'login','success','lemon','2016-08-23 07:30:59','0:0:0:0:0:0:0:1','192.168.56.1',NULL,'1'),(270634090725376,'247689637478400',NULL,NULL,'login','success','lemon','2016-08-23 07:31:35','0:0:0:0:0:0:0:1','192.168.56.1',NULL,'1'),(270634604232704,'1',NULL,NULL,'login','success','lemon','2016-08-23 07:32:06','0:0:0:0:0:0:0:1','192.168.56.1',NULL,'1'),(270634825990144,'king',NULL,NULL,'login','failure','lemon','2016-08-23 07:32:20','0:0:0:0:0:0:0:1','192.168.56.1','账号或密码错误',''),(270634865852416,'4',NULL,NULL,'login','success','lemon','2016-08-23 07:32:22','0:0:0:0:0:0:0:1','192.168.56.1',NULL,'1'),(270643285180416,'1',NULL,NULL,'login','success','lemon','2016-08-23 07:40:56','0:0:0:0:0:0:0:1','192.168.56.1',NULL,'1'),(270699662131200,'1',NULL,NULL,'login','success','lemon','2016-08-23 08:38:17','0:0:0:0:0:0:0:1','192.168.56.1',NULL,'1'),(270736039641088,'1',NULL,NULL,'login','success','lemon','2016-08-23 09:15:17','0:0:0:0:0:0:0:1','192.168.56.1',NULL,'1'),(270752610025472,'247688773386240',NULL,NULL,'login','success','lemon','2016-08-23 09:32:09','0:0:0:0:0:0:0:1','192.168.56.1',NULL,'1'),(270753916616704,'1',NULL,NULL,'login','success','lemon','2016-08-23 09:33:28','0:0:0:0:0:0:0:1','192.168.56.1',NULL,'1'),(270755560800256,'1',NULL,NULL,'login','success','lemon','2016-08-23 09:35:09','0:0:0:0:0:0:0:1','192.168.56.1',NULL,'1'),(270756041523200,'247688773386240',NULL,NULL,'login','success','lemon','2016-08-23 09:35:38','0:0:0:0:0:0:0:1','192.168.56.1',NULL,'1'),(270756412424192,'1',NULL,NULL,'login','success','lemon','2016-08-23 09:36:01','0:0:0:0:0:0:0:1','192.168.56.1',NULL,'1'),(271693818527744,'1',NULL,NULL,'login','success','lemon','2016-08-24 01:29:35','0:0:0:0:0:0:0:1','192.168.56.1',NULL,'1'),(271695938682880,'1',NULL,NULL,'login','success','lemon','2016-08-24 01:31:45','0:0:0:0:0:0:0:1','192.168.56.1',NULL,'1'),(271696038035456,'247689637478400',NULL,NULL,'login','success','lemon','2016-08-24 01:31:51','0:0:0:0:0:0:0:1','192.168.56.1',NULL,'1'),(271696565026816,'1',NULL,NULL,'login','success','lemon','2016-08-24 01:32:23','0:0:0:0:0:0:0:1','192.168.56.1',NULL,'1'),(271696999972864,'1',NULL,NULL,'login','success','lemon','2016-08-24 01:32:50','0:0:0:0:0:0:0:1','192.168.56.1',NULL,'1'),(271757247447040,'247688773386240',NULL,NULL,'login','success','lemon','2016-08-24 02:34:07','0:0:0:0:0:0:0:1','192.168.56.1',NULL,'1'),(271757717618688,'1',NULL,NULL,'login','success','lemon','2016-08-24 02:34:35','0:0:0:0:0:0:0:1','192.168.56.1',NULL,'1'),(271760058761216,'247688773386240',NULL,NULL,'login','success','lemon','2016-08-24 02:36:58','0:0:0:0:0:0:0:1','192.168.56.1',NULL,'1'),(271762643386368,'lingo',NULL,NULL,'login','failure','lemon','2016-08-24 02:39:36','0:0:0:0:0:0:0:1','192.168.56.1','账号或密码错误',''),(271762688409600,'1',NULL,NULL,'login','success','lemon','2016-08-24 02:39:39','0:0:0:0:0:0:0:1','192.168.56.1',NULL,'1'),(271766974726144,'247688773386240',NULL,NULL,'login','success','lemon','2016-08-24 02:44:01','0:0:0:0:0:0:0:1','192.168.56.1',NULL,'1'),(271772102066176,'1',NULL,NULL,'login','success','lemon','2016-08-24 02:49:13','0:0:0:0:0:0:0:1','192.168.56.1',NULL,'1'),(271782659440640,'247688773386240',NULL,NULL,'login','success','lemon','2016-08-24 02:59:58','0:0:0:0:0:0:0:1','192.168.56.1',NULL,'1'),(271784059551744,'1',NULL,NULL,'login','success','lemon','2016-08-24 03:01:23','0:0:0:0:0:0:0:1','192.168.56.1',NULL,'1'),(271799720738816,'247688773386240',NULL,NULL,'login','success','lemon','2016-08-24 03:17:19','0:0:0:0:0:0:0:1','192.168.56.1',NULL,'1'),(271812780867584,'lingo',NULL,NULL,'login','failure','lemon','2016-08-24 03:30:36','0:0:0:0:0:0:0:1','192.168.56.1','账号或密码错误',''),(271812999413760,'1',NULL,NULL,'login','success','lemon','2016-08-24 03:30:50','0:0:0:0:0:0:0:1','192.168.56.1',NULL,'1'),(271828786348032,'247688773386240',NULL,NULL,'login','success','lemon','2016-08-24 03:46:53','0:0:0:0:0:0:0:1','192.168.56.1',NULL,'1'),(276261380833280,'1',NULL,NULL,'login','success','lemon','2016-08-27 06:55:57','0:0:0:0:0:0:0:1','192.168.56.1',NULL,'1'),(276487994474496,'1',NULL,NULL,'login','success','lemon','2016-08-27 10:46:29','0:0:0:0:0:0:0:1','192.168.56.1',NULL,'1'),(277351058489344,'1',NULL,NULL,'login','success','lemon','2016-08-28 01:24:26','0:0:0:0:0:0:0:1','192.168.56.1',NULL,'1'),(277386720067584,'247689637478400',NULL,NULL,'login','success','lemon','2016-08-28 02:00:43','0:0:0:0:0:0:0:1','192.168.56.1',NULL,'1'),(277388531974144,'247689637478400',NULL,NULL,'login','success','lemon','2016-08-28 02:02:33','0:0:0:0:0:0:0:1','192.168.56.1',NULL,'1'),(277388893159424,'1',NULL,NULL,'login','success','lemon','2016-08-28 02:02:55','0:0:0:0:0:0:0:1','192.168.56.1',NULL,'1'),(277391950643200,'247689637478400',NULL,NULL,'login','success','lemon','2016-08-28 02:06:02','0:0:0:0:0:0:0:1','192.168.56.1',NULL,'1'),(277392333488128,'1',NULL,NULL,'login','success','lemon','2016-08-28 02:06:25','0:0:0:0:0:0:0:1','192.168.56.1',NULL,'1'),(277394535251968,'247689637478400',NULL,NULL,'login','success','lemon','2016-08-28 02:08:40','0:0:0:0:0:0:0:1','192.168.56.1',NULL,'1'),(277395549749248,'1',NULL,NULL,'login','success','lemon','2016-08-28 02:09:41','0:0:0:0:0:0:0:1','192.168.56.1',NULL,'1'),(277400995201024,'247689637478400',NULL,NULL,'login','success','lemon','2016-08-28 02:15:14','0:0:0:0:0:0:0:1','192.168.56.1',NULL,'1'),(277403224686592,'1',NULL,NULL,'login','success','lemon','2016-08-28 02:17:30','0:0:0:0:0:0:0:1','192.168.56.1',NULL,'1'),(277416236597248,'247689637478400',NULL,NULL,'login','success','lemon','2016-08-28 02:30:44','0:0:0:0:0:0:0:1','192.168.56.1',NULL,'1'),(277416536195072,'1',NULL,NULL,'login','success','lemon','2016-08-28 02:31:02','0:0:0:0:0:0:0:1','192.168.56.1',NULL,'1'),(277416821866496,'e',NULL,NULL,'login','failure','lemon','2016-08-28 02:31:20','0:0:0:0:0:0:0:1','192.168.56.1','账号或密码错误',''),(277416890580992,'247689000714240',NULL,NULL,'login','success','lemon','2016-08-28 02:31:24','0:0:0:0:0:0:0:1','192.168.56.1',NULL,'1'),(277417086861312,'1',NULL,NULL,'login','success','lemon','2016-08-28 02:31:36','0:0:0:0:0:0:0:1','192.168.56.1',NULL,'1'),(277433824460800,'247689637478400',NULL,NULL,'login','success','lemon','2016-08-28 02:48:38','0:0:0:0:0:0:0:1','192.168.56.1',NULL,'1'),(277434047627264,'247689000714240',NULL,NULL,'login','success','lemon','2016-08-28 02:48:51','0:0:0:0:0:0:0:1','192.168.56.1',NULL,'1'),(277434272415744,'1',NULL,NULL,'login','success','lemon','2016-08-28 02:49:05','0:0:0:0:0:0:0:1','192.168.56.1',NULL,'1'),(277436959686656,'1',NULL,NULL,'login','success','lemon','2016-08-28 02:51:49','0:0:0:0:0:0:0:1','192.168.56.1',NULL,'1'),(277438586830848,'247689637478400',NULL,NULL,'login','success','lemon','2016-08-28 02:53:28','0:0:0:0:0:0:0:1','192.168.56.1',NULL,'1'),(277438800019456,'247689000714240',NULL,NULL,'login','success','lemon','2016-08-28 02:53:41','0:0:0:0:0:0:0:1','192.168.56.1',NULL,'1'),(277438988271616,'lingo',NULL,NULL,'login','failure','lemon','2016-08-28 02:53:53','0:0:0:0:0:0:0:1','192.168.56.1','账号或密码错误',''),(277439026626560,'1',NULL,NULL,'login','success','lemon','2016-08-28 02:53:55','0:0:0:0:0:0:0:1','192.168.56.1',NULL,'1'),(277439210291200,'4',NULL,NULL,'login','success','lemon','2016-08-28 02:54:06','0:0:0:0:0:0:0:1','192.168.56.1',NULL,'1'),(277439419875328,'lingo',NULL,NULL,'login','failure','lemon','2016-08-28 02:54:19','0:0:0:0:0:0:0:1','192.168.56.1','账号或密码错误',''),(277439454150656,'1',NULL,NULL,'login','success','lemon','2016-08-28 02:54:21','0:0:0:0:0:0:0:1','192.168.56.1',NULL,'1'),(277588145946624,'247689637478400',NULL,NULL,'login','success','lemon','2016-08-28 05:25:37','0:0:0:0:0:0:0:1','192.168.56.1',NULL,'1'),(277588373110784,'1',NULL,NULL,'login','success','lemon','2016-08-28 05:25:50','0:0:0:0:0:0:0:1','192.168.56.1',NULL,'1'),(277590456172544,'4',NULL,NULL,'login','success','lemon','2016-08-28 05:27:58','0:0:0:0:0:0:0:1','192.168.56.1',NULL,'1'),(277594290585600,'1',NULL,NULL,'login','success','lemon','2016-08-28 05:31:52','0:0:0:0:0:0:0:1','192.168.56.1',NULL,'1'),(277599933513728,'247689000714240',NULL,NULL,'login','success','lemon','2016-08-28 05:37:36','0:0:0:0:0:0:0:1','192.168.56.1',NULL,'1'),(277601817788416,'1',NULL,NULL,'login','success','lemon','2016-08-28 05:39:31','0:0:0:0:0:0:0:1','192.168.56.1',NULL,'1'),(277706575331328,'1',NULL,NULL,'login','success','lemon','2016-08-28 07:26:05','127.0.0.1','192.168.56.1',NULL,'1'),(277836503711744,'1',NULL,NULL,'login','success','lemon','2016-08-28 09:38:15','127.0.0.1','192.168.56.1',NULL,'1'),(277849324683264,'1',NULL,NULL,'login','success','lemon','2016-08-28 09:51:18','127.0.0.1','192.168.56.1',NULL,'1'),(277866134142976,'1',NULL,NULL,'login','success','lemon','2016-08-28 10:08:24','127.0.0.1','192.168.56.1',NULL,'1'),(277866494328832,'1',NULL,NULL,'login','success','lemon','2016-08-28 10:08:46','127.0.0.1','192.168.56.1',NULL,'1'),(279033607307264,'1',NULL,NULL,'login','success','lemon','2016-08-29 05:56:01','0:0:0:0:0:0:0:1','192.168.56.1',NULL,'1'),(280548260593664,'1',NULL,NULL,'login','success','lemon','2016-08-30 07:36:48','0:0:0:0:0:0:0:1','10.0.0.5',NULL,'1'),(280553063399424,'1',NULL,NULL,'login','success','lemon','2016-08-30 07:41:41','0:0:0:0:0:0:0:1','10.0.0.5',NULL,'1'),(280559177121792,'1',NULL,NULL,'login','success','lemon','2016-08-30 07:47:54','0:0:0:0:0:0:0:1','10.0.0.5',NULL,'1'),(280559827632128,'1',NULL,NULL,'login','success','lemon','2016-08-30 07:48:34','0:0:0:0:0:0:0:1','10.0.0.5',NULL,'1'),(281940199292928,'1',NULL,NULL,'login','success','lemon','2016-08-31 07:12:45','0:0:0:0:0:0:0:1','10.0.0.5',NULL,'1');
/*!40000 ALTER TABLE `audit_base` ENABLE KEYS */;
UNLOCK TABLES;

--
-- Table structure for table `audit_extra`
--

DROP TABLE IF EXISTS `audit_extra`;
/*!40101 SET @saved_cs_client     = @@character_set_client */;
/*!40101 SET character_set_client = utf8 */;
CREATE TABLE `audit_extra` (
  `ID` bigint(20) NOT NULL,
  `NAME` varchar(200) DEFAULT NULL,
  `VALUE` varchar(200) DEFAULT NULL,
  `AUDIT_BASE_ID` bigint(20) DEFAULT NULL,
  `TENANT_ID` varchar(64) DEFAULT NULL,
  PRIMARY KEY (`ID`)
) ENGINE=InnoDB DEFAULT CHARSET=utf8;
/*!40101 SET character_set_client = @saved_cs_client */;

--
-- Dumping data for table `audit_extra`
--

LOCK TABLES `audit_extra` WRITE;
/*!40000 ALTER TABLE `audit_extra` DISABLE KEYS */;
/*!40000 ALTER TABLE `audit_extra` ENABLE KEYS */;
UNLOCK TABLES;

--
-- Table structure for table `auth_access`
--

DROP TABLE IF EXISTS `auth_access`;
/*!40101 SET @saved_cs_client     = @@character_set_client */;
/*!40101 SET character_set_client = utf8 */;
CREATE TABLE `auth_access` (
  `ID` bigint(20) NOT NULL,
  `TYPE` varchar(50) DEFAULT NULL,
  `VALUE` varchar(200) DEFAULT NULL,
  `PERM_ID` bigint(20) DEFAULT NULL,
  `PRIORITY` int(11) DEFAULT NULL,
  `DESCN` varchar(200) DEFAULT NULL,
  `TENANT_ID` varchar(200) DEFAULT NULL,
  PRIMARY KEY (`ID`),
  KEY `FK_AUTH_ACCESS_PERM` (`PERM_ID`),
  CONSTRAINT `FK_AUTH_ACCESS_PERM` FOREIGN KEY (`PERM_ID`) REFERENCES `auth_perm` (`ID`)
) ENGINE=InnoDB DEFAULT CHARSET=utf8;
/*!40101 SET character_set_client = @saved_cs_client */;

--
-- Dumping data for table `auth_access`
--

LOCK TABLES `auth_access` WRITE;
/*!40000 ALTER TABLE `auth_access` DISABLE KEYS */;
INSERT INTO `auth_access` VALUES (1,'URL','/**',3,9999,NULL,'1'),(2,'URL','/common/util/**',5,1,NULL,'1'),(3,'URL','/common/util/**',21,1,NULL,'1'),(4,'URL','/common/**',2,2,NULL,'1'),(5,'URL','/j_spring_security_exit_user',5,3,NULL,'1'),(6,'URL','/j_spring_security_switch_user',5,4,NULL,'1'),(7,'URL','/j_spring_security_switch_user',21,4,NULL,'1'),(8,'URL','/rs/**',2,5,NULL,'1'),(9,'URL','/guest/**',2,9,NULL,'1');
/*!40000 ALTER TABLE `auth_access` ENABLE KEYS */;
UNLOCK TABLES;

--
-- Table structure for table `auth_menu`
--

DROP TABLE IF EXISTS `auth_menu`;
/*!40101 SET @saved_cs_client     = @@character_set_client */;
/*!40101 SET character_set_client = utf8 */;
CREATE TABLE `auth_menu` (
  `ID` bigint(20) NOT NULL,
  `TYPE` varchar(50) DEFAULT NULL,
  `CODE` varchar(50) DEFAULT NULL,
  `TITLE` varchar(50) DEFAULT NULL,
  `URL` varchar(200) DEFAULT NULL,
  `PRIORITY` int(11) DEFAULT NULL,
  `DESCN` varchar(200) DEFAULT NULL,
  `PARENT_ID` bigint(20) DEFAULT NULL,
  `PERM_ID` bigint(20) DEFAULT NULL,
  `TENANT_ID` varchar(64) DEFAULT NULL,
  `DISPLAY` varchar(50) DEFAULT NULL,
  PRIMARY KEY (`ID`),
  KEY `FK_AUTH_MENU_PARENT` (`PARENT_ID`),
  KEY `FK_AUTH_MENU_PERM` (`PERM_ID`),
  CONSTRAINT `FK_AUTH_MENU_PARENT` FOREIGN KEY (`PARENT_ID`) REFERENCES `auth_menu` (`ID`),
  CONSTRAINT `FK_AUTH_MENU_PERM` FOREIGN KEY (`PERM_ID`) REFERENCES `auth_perm` (`ID`)
) ENGINE=InnoDB DEFAULT CHARSET=utf8;
/*!40101 SET character_set_client = @saved_cs_client */;

--
-- Dumping data for table `auth_menu`
--

LOCK TABLES `auth_menu` WRITE;
/*!40000 ALTER TABLE `auth_menu` DISABLE KEYS */;
INSERT INTO `auth_menu` VALUES (1,'index','portal','首页','/portal/index.do',1,NULL,NULL,101,NULL,'true'),(11,'system','pim','个人事务',NULL,11,NULL,NULL,102,NULL,'true'),(13,'module','pim','个人事务','/pim/pim-schedule-list.do',13,NULL,11,104,NULL,'true'),(14,'module','mail','邮箱','/javamail/index.do',14,NULL,11,105,NULL,'true'),(15,'module','disk','网盘','/disk/disk-info-list.do',15,NULL,11,106,NULL,'true'),(16,'module','report','统计报表','/report/chart-mostActiveProcess.do',16,NULL,11,107,NULL,'true'),(17,'module','bpm','流程中心','/bpm/workspace-home.do',12,NULL,11,108,NULL,'true'),(21,'entry','sys','系统配置',NULL,21,NULL,NULL,201,NULL,'true'),(31,'system','user','用户管理','/user/account-info-list.do',31,NULL,21,301,NULL,'true'),(32,'module','account','账号管理','/user/account-info-list.do',32,NULL,31,302,NULL,'true'),(33,'module','group','群组管理','/group/group-info-list.do',33,NULL,31,303,NULL,'true'),(34,'module','auth','权限管理','/auth/user-status-list.do',34,NULL,31,304,NULL,'true'),(35,'module','session','会话管理','/user/account-online-list.do',35,NULL,31,305,NULL,'true'),(41,'system','bpm','流程管理','/bpm/bpm-process-list.do',41,NULL,21,401,NULL,'true'),(42,'module','bpm','流程管理','/bpm/bpm-process-list.do',42,NULL,41,402,NULL,'true'),(43,'module','task','任务管理','/humantask/task-info-list.do',43,NULL,41,403,NULL,'true'),(44,'module','form','表单管理','/form/form-template-list.do',44,NULL,41,404,NULL,'true'),(45,'module','model','模块管理','/model/model-info-list.do',45,NULL,41,405,NULL,'true'),(51,'system','cms','内容管理','/cms/cms-catalog-list.do',51,NULL,21,501,NULL,'true'),(52,'module','cms','公告管理','/cms/cms-catalog-list.do',52,NULL,51,502,NULL,'true'),(61,'system','logistic','行政办公','/car/car-info-list.do',61,NULL,21,601,NULL,'true'),(62,'module','car','车辆管理','/car/car-info-list.do',62,NULL,61,602,NULL,'true'),(63,'module','meeting','会议室管理','/meeting/meeting-info-list.do',63,NULL,61,603,NULL,'true'),(71,'system','hr','人力资源','/party/org-list.do',71,NULL,21,701,NULL,'true'),(72,'module','org','组织机构','/party/org-list.do',72,NULL,71,702,NULL,'true'),(73,'module','position','职位管理','/org/job-list.do',73,NULL,71,703,NULL,'true'),(74,'module','workcal','工作日历','/workcal/workcal-view.do',74,NULL,71,704,NULL,'true'),(81,'system','sys','系统配置','/party/tree-list.do',9999,NULL,21,801,NULL,'true'),(91,'system','finance','财务管理','/expense/expense-info-list.do',91,NULL,21,901,NULL,'false'),(101,'system','crm','CRM','/customer/customer-info-list.do',101,NULL,21,1001,NULL,'false'),(111,'system','retail','进销存','/sale/sale-info-list.do',111,NULL,21,1101,NULL,'false'),(306,'module','device','设备管理','/user/account-device-list.do',306,NULL,31,306,NULL,'true'),(604,'module','book','图书管理','/book/book-info-list.do',604,NULL,61,604,NULL,'false'),(605,'module','officesupply','办公用品管理','/officesupply/officesupply-info-list.do',605,NULL,61,605,NULL,'false'),(606,'module','visitor','访客管理','/visitor/visitor-info-list.do',606,NULL,61,606,NULL,'false'),(607,'module','card','工卡管理','/card/card-info-list.do',607,NULL,61,607,NULL,'false'),(608,'module','seat','工位管理','/seat/seat-info-list.do',608,NULL,61,608,NULL,'false'),(609,'module','stamp','印章管理','/stamp/stamp-info-list.do',609,NULL,61,609,NULL,'false'),(610,'module','asset','资产管理','/asset/asset-info-list.do',610,NULL,61,610,NULL,'false'),(611,'module','activity','活动管理','/activity/activity-info-list.do',611,NULL,61,611,NULL,'false'),(612,'module','sign','签到管理','/sign/sign-info-list.do',612,NULL,61,612,NULL,'false'),(613,'module','vote','投票管理','/vote/vote-info-list.do',613,NULL,61,613,NULL,'false'),(705,'module','employee','人员管理','/employee/employee-info-list.do',705,NULL,71,705,NULL,'false'),(706,'module','contract','合同管理','/contract/contract-info-list.do',706,NULL,71,706,NULL,'false'),(707,'module','salary','薪酬管理','/salary/salary-info-list.do',707,NULL,71,707,NULL,'false'),(708,'module','socialsecurity','社保管理','/socialsecurity/socialsecurity-info-list.do',708,NULL,71,708,NULL,'false'),(709,'module','recruit','招聘管理','/recruit/recruit-info-list.do',709,NULL,71,709,NULL,'false'),(710,'module','train','培训管理','/train/train-info-list.do',710,NULL,71,710,NULL,'false'),(711,'module','performance','绩效管理','/performance/performance-info-list.do',711,NULL,71,711,NULL,'false'),(712,'module','attendance','考勤管理','/attendance/attendance-info-list.do',712,NULL,71,712,NULL,'false'),(713,'module','leave','休假管理','/leave/leave-info-list.do',713,NULL,71,713,NULL,'false'),(902,'module','expense','报销管理','/expense/expense-info-list.do',902,NULL,91,902,NULL,'true'),(903,'module','budget','预算管理','/budget/budget-info-list.do',903,NULL,91,903,NULL,'true'),(1002,'module','customer','客户管理','/customer/customer-info-list.do',1002,NULL,101,1002,NULL,'true'),(1003,'module','product','产品管理','/product/product-info-list.do',1003,NULL,101,1003,NULL,'true'),(1004,'module','business','业务管理','/business/business-info-list.do',1004,NULL,101,1004,NULL,'true'),(1102,'module','sale','销售管理','/sale/sale-info-list.do',1102,NULL,111,1102,NULL,'true'),(1103,'module','purchase','采购管理','/purchase/purchase-info-list.do',1103,NULL,111,1103,NULL,'true'),(1104,'module','inventory','库存管理','/inventory/inventory-info-list.do',1104,NULL,111,1104,NULL,'true');
/*!40000 ALTER TABLE `auth_menu` ENABLE KEYS */;
UNLOCK TABLES;

--
-- Table structure for table `auth_perm`
--

DROP TABLE IF EXISTS `auth_perm`;
/*!40101 SET @saved_cs_client     = @@character_set_client */;
/*!40101 SET character_set_client = utf8 */;
CREATE TABLE `auth_perm` (
  `ID` bigint(20) NOT NULL,
  `CODE` varchar(200) DEFAULT NULL,
  `NAME` varchar(200) DEFAULT NULL,
  `PERM_TYPE_ID` bigint(20) NOT NULL,
  `TENANT_ID` varchar(200) DEFAULT NULL,
  `priority` int(11) DEFAULT NULL,
  PRIMARY KEY (`ID`),
  KEY `FK_AUTH_PERM_TYPE` (`PERM_TYPE_ID`),
  CONSTRAINT `FK_AUTH_PERM_TYPE` FOREIGN KEY (`PERM_TYPE_ID`) REFERENCES `auth_perm_type` (`ID`)
) ENGINE=InnoDB DEFAULT CHARSET=utf8;
/*!40101 SET character_set_client = @saved_cs_client */;

--
-- Dumping data for table `auth_perm`
--

LOCK TABLES `auth_perm` WRITE;
/*!40000 ALTER TABLE `auth_perm` DISABLE KEYS */;
INSERT INTO `auth_perm` VALUES (1,'*','所有权限',1,'1',1),(2,'IS_GUEST','游客',1,'1',2),(3,'IS_USER','用户',1,'1',3),(4,'IS_LOGINED','登录',1,'1',4),(5,'IS_SWITCHED','切换身份',1,'1',5),(6,'IS_REMEMBERED','自动登录',1,'1',6),(21,'util','工具',2,'1',21),(101,'portal','工作台',11,'1',NULL),(102,'sys_pim','个人事务',11,'1',NULL),(103,'menu_pim','个人事务',11,'1',NULL),(104,'pim','个人事务',11,'1',NULL),(105,'mail','邮箱',11,'1',NULL),(106,'disk','网盘',11,'1',NULL),(107,'report','统计报表',11,'1',NULL),(108,'bpm','流程中心',11,'1',NULL),(201,'system','系统配置',21,'1',NULL),(301,'sys_user','用户管理',31,'1',NULL),(302,'account','账号管理',31,'1',NULL),(303,'group','群组管理',31,'1',NULL),(304,'auth','权限管理',31,'1',NULL),(305,'session','会话管理',31,'1',NULL),(306,'device','设备管理',31,'1',NULL),(401,'sys_bpm','流程管理',41,'1',NULL),(402,'bpm','流程管理',41,'1',NULL),(403,'task','任务管理',41,'1',NULL),(404,'form','表单管理',41,'1',NULL),(405,'model','模块管理',41,'1',NULL),(501,'sys_cms','内容管理',51,'1',NULL),(502,'cms','公告管理',51,'1',NULL),(601,'sys_logistic','行政办公',61,'1',NULL),(602,'car','车辆管理',101,'1',NULL),(603,'meeting','会议室管理',2,'1',NULL),(604,'book','图书管理',61,'1',NULL),(605,'officesupply','办公用品管理',61,'1',NULL),(606,'visitor','访客管理',61,'1',NULL),(607,'card','工卡管理',61,'1',NULL),(608,'seat','工位管理',61,'1',NULL),(609,'stamp','印章管理',61,'1',NULL),(610,'asset','资产管理',61,'1',NULL),(611,'activity','活动管理',61,'1',NULL),(612,'sign','签到管理',61,'1',NULL),(613,'vote','投票管理',61,'1',NULL),(701,'sys_hr','人力资源',71,'1',NULL),(702,'org','组织机构',71,'1',NULL),(703,'position','职位管理',71,'1',NULL),(704,'workcal','工作日历',71,'1',NULL),(705,'employee','人员管理',71,'1',NULL),(706,'contract','合同管理',71,'1',NULL),(707,'salary','薪酬管理',71,'1',NULL),(708,'socialsecurity','社保管理',71,'1',NULL),(709,'recruit','招聘管理',71,'1',NULL),(710,'train','培训管理',71,'1',NULL),(711,'performance','绩效管理',71,'1',NULL),(712,'attendance','考勤管理',71,'1',NULL),(713,'leave','休假管理',71,'1',NULL),(801,'sys_sys','系统配置',81,'1',NULL),(901,'finance','财务管理',91,'1',NULL),(902,'expense','报销管理',91,'1',NULL),(903,'budget','预算管理',91,'1',NULL),(1001,'crm','CRM',101,'1',NULL),(1002,'customer','客户管理',101,'1',NULL),(1003,'product','产品管理',101,'1',NULL),(1004,'business','业务管理',101,'1',NULL),(1101,'retail','进销存',111,'1',NULL),(1102,'sale','销售管理',111,'1',NULL),(1103,'purchase','采购管理',111,'1',NULL),(1104,'inventory','库存管理',111,'1',NULL);
/*!40000 ALTER TABLE `auth_perm` ENABLE KEYS */;
UNLOCK TABLES;

--
-- Table structure for table `auth_perm_role_def`
--

DROP TABLE IF EXISTS `auth_perm_role_def`;
/*!40101 SET @saved_cs_client     = @@character_set_client */;
/*!40101 SET character_set_client = utf8 */;
CREATE TABLE `auth_perm_role_def` (
  `PERM_ID` bigint(20) NOT NULL,
  `ROLE_DEF_ID` bigint(20) NOT NULL,
  PRIMARY KEY (`PERM_ID`,`ROLE_DEF_ID`),
  KEY `FK_AUTH_PERM_ROLE_DEF_ROLE_DEF` (`ROLE_DEF_ID`),
  CONSTRAINT `FK_AUTH_PERM_ROLE_DEF_PERM` FOREIGN KEY (`PERM_ID`) REFERENCES `auth_perm` (`ID`),
  CONSTRAINT `FK_AUTH_PERM_ROLE_DEF_ROLE_DEF` FOREIGN KEY (`ROLE_DEF_ID`) REFERENCES `auth_role_def` (`ID`)
) ENGINE=InnoDB DEFAULT CHARSET=utf8;
/*!40101 SET character_set_client = @saved_cs_client */;

--
-- Dumping data for table `auth_perm_role_def`
--

LOCK TABLES `auth_perm_role_def` WRITE;
/*!40000 ALTER TABLE `auth_perm_role_def` DISABLE KEYS */;
INSERT INTO `auth_perm_role_def` VALUES (1,1),(201,2),(801,2),(201,3),(301,3),(302,3),(303,3),(304,3),(305,3),(306,3),(201,4),(401,4),(402,4),(403,4),(404,4),(405,4),(201,5),(501,5),(502,5),(201,6),(601,6),(604,6),(605,6),(606,6),(607,6),(608,6),(609,6),(610,6),(611,6),(612,6),(613,6),(201,7),(701,7),(702,7),(703,7),(704,7),(705,7),(706,7),(707,7),(708,7),(709,7),(710,7),(711,7),(712,7),(713,7),(101,8),(102,8),(103,8),(104,8),(105,8),(106,8),(107,8),(108,8),(901,9),(902,9),(903,9),(1001,10),(1002,10),(1003,10),(1004,10),(1101,11),(1102,11),(1103,11),(1104,11);
/*!40000 ALTER TABLE `auth_perm_role_def` ENABLE KEYS */;
UNLOCK TABLES;

--
-- Table structure for table `auth_perm_type`
--

DROP TABLE IF EXISTS `auth_perm_type`;
/*!40101 SET @saved_cs_client     = @@character_set_client */;
/*!40101 SET character_set_client = utf8 */;
CREATE TABLE `auth_perm_type` (
  `ID` bigint(20) NOT NULL,
  `NAME` varchar(50) DEFAULT NULL,
  `TYPE` int(11) DEFAULT NULL,
  `PRIORITY` int(11) DEFAULT NULL,
  `DESCN` varchar(200) DEFAULT NULL,
  `TENANT_ID` varchar(200) DEFAULT NULL,
  PRIMARY KEY (`ID`)
) ENGINE=InnoDB DEFAULT CHARSET=utf8;
/*!40101 SET character_set_client = @saved_cs_client */;

--
-- Dumping data for table `auth_perm_type`
--

LOCK TABLES `auth_perm_type` WRITE;
/*!40000 ALTER TABLE `auth_perm_type` DISABLE KEYS */;
INSERT INTO `auth_perm_type` VALUES (1,'默认',1,0,NULL,'1'),(2,'系统',0,1,NULL,'1'),(11,'个人事务',0,11,NULL,'1'),(21,'系统配置入口',0,21,NULL,'1'),(31,'用户管理',0,31,NULL,'1'),(41,'流程管理',0,41,NULL,'1'),(51,'内容管理',0,51,NULL,'1'),(61,'行政办公',0,61,NULL,'1'),(71,'人力资源',0,71,NULL,'1'),(81,'系统配置',0,81,NULL,'1'),(91,'财务管理',0,91,NULL,'1'),(101,'CRM',0,101,NULL,'1'),(111,'进销存',0,111,NULL,'1');
/*!40000 ALTER TABLE `auth_perm_type` ENABLE KEYS */;
UNLOCK TABLES;

--
-- Table structure for table `auth_role`
--

DROP TABLE IF EXISTS `auth_role`;
/*!40101 SET @saved_cs_client     = @@character_set_client */;
/*!40101 SET character_set_client = utf8 */;
CREATE TABLE `auth_role` (
  `ID` bigint(20) NOT NULL,
  `NAME` varchar(50) DEFAULT NULL,
  `DESCN` varchar(200) DEFAULT NULL,
  `ROLE_DEF_ID` bigint(20) DEFAULT NULL,
  `TENANT_ID` varchar(200) DEFAULT NULL,
  PRIMARY KEY (`ID`),
  KEY `FK_AUTH_ROLE_DEF` (`ROLE_DEF_ID`),
  CONSTRAINT `FK_AUTH_ROLE_DEF` FOREIGN KEY (`ROLE_DEF_ID`) REFERENCES `auth_role_def` (`ID`)
) ENGINE=InnoDB DEFAULT CHARSET=utf8;
/*!40101 SET character_set_client = @saved_cs_client */;

--
-- Dumping data for table `auth_role`
--

LOCK TABLES `auth_role` WRITE;
/*!40000 ALTER TABLE `auth_role` DISABLE KEYS */;
INSERT INTO `auth_role` VALUES (1,'超级管理员',NULL,1,'1'),(2,'系统管理员',NULL,2,'1'),(3,'账号管理员',NULL,3,'1'),(4,'流程管理员',NULL,4,'1'),(5,'内容管理员',NULL,5,'1'),(6,'行政管理员',NULL,6,'1'),(7,'人事管理员',NULL,7,'1'),(8,'普通用户',NULL,8,'1'),(9,'财务管理员',NULL,9,'1'),(10,'CRM管理员',NULL,10,'1'),(11,'进销存管理员',NULL,11,'1');
/*!40000 ALTER TABLE `auth_role` ENABLE KEYS */;
UNLOCK TABLES;

--
-- Table structure for table `auth_role_def`
--

DROP TABLE IF EXISTS `auth_role_def`;
/*!40101 SET @saved_cs_client     = @@character_set_client */;
/*!40101 SET character_set_client = utf8 */;
CREATE TABLE `auth_role_def` (
  `ID` bigint(20) NOT NULL,
  `NAME` varchar(50) DEFAULT NULL,
  `DESCN` varchar(200) DEFAULT NULL,
  `TENANT_ID` varchar(200) DEFAULT NULL,
  PRIMARY KEY (`ID`)
) ENGINE=InnoDB DEFAULT CHARSET=utf8;
/*!40101 SET character_set_client = @saved_cs_client */;

--
-- Dumping data for table `auth_role_def`
--

LOCK TABLES `auth_role_def` WRITE;
/*!40000 ALTER TABLE `auth_role_def` DISABLE KEYS */;
INSERT INTO `auth_role_def` VALUES (1,'超级管理员',NULL,'1'),(2,'系统管理员',NULL,'1'),(3,'账号管理员',NULL,'1'),(4,'流程管理员',NULL,'1'),(5,'内容管理员',NULL,'1'),(6,'行政管理员',NULL,'1'),(7,'人事管理员',NULL,'1'),(8,'普通用户',NULL,'1'),(9,'财务管理员',NULL,'1'),(10,'CRM管理员',NULL,'1'),(11,'进销存管理员',NULL,'1');
/*!40000 ALTER TABLE `auth_role_def` ENABLE KEYS */;
UNLOCK TABLES;

--
-- Table structure for table `auth_user_role`
--

DROP TABLE IF EXISTS `auth_user_role`;
/*!40101 SET @saved_cs_client     = @@character_set_client */;
/*!40101 SET character_set_client = utf8 */;
CREATE TABLE `auth_user_role` (
  `USER_STATUS_ID` bigint(20) NOT NULL,
  `ROLE_ID` bigint(20) NOT NULL,
  PRIMARY KEY (`USER_STATUS_ID`,`ROLE_ID`),
  KEY `FK_AUTH_USER_ROLE_ROLE` (`ROLE_ID`),
  CONSTRAINT `FK_AUTH_USER_ROLE_ROLE` FOREIGN KEY (`ROLE_ID`) REFERENCES `auth_role` (`ID`),
  CONSTRAINT `FK_AUTH_USER_ROLE_USER` FOREIGN KEY (`USER_STATUS_ID`) REFERENCES `auth_user_status` (`ID`)
) ENGINE=InnoDB DEFAULT CHARSET=utf8;
/*!40101 SET character_set_client = @saved_cs_client */;

--
-- Dumping data for table `auth_user_role`
--

LOCK TABLES `auth_user_role` WRITE;
/*!40000 ALTER TABLE `auth_user_role` DISABLE KEYS */;
INSERT INTO `auth_user_role` VALUES (1,1),(2,1),(1,2),(1,4),(1,8),(4,8),(5,8),(6,8),(7,8),(8,8),(247688787001345,8),(247689002090496,8),(267768849235968,8);
/*!40000 ALTER TABLE `auth_user_role` ENABLE KEYS */;
UNLOCK TABLES;

--
-- Table structure for table `auth_user_status`
--

DROP TABLE IF EXISTS `auth_user_status`;
/*!40101 SET @saved_cs_client     = @@character_set_client */;
/*!40101 SET character_set_client = utf8 */;
CREATE TABLE `auth_user_status` (
  `ID` bigint(20) NOT NULL,
  `USERNAME` varchar(50) DEFAULT NULL,
  `PASSWORD` varchar(50) DEFAULT NULL,
  `STATUS` int(11) DEFAULT NULL,
  `ref` varchar(200) DEFAULT NULL,
  `USER_REPO_REF` varchar(50) DEFAULT NULL,
  `TENANT_ID` varchar(200) DEFAULT NULL,
  PRIMARY KEY (`ID`)
) ENGINE=InnoDB DEFAULT CHARSET=utf8;
/*!40101 SET character_set_client = @saved_cs_client */;

--
-- Dumping data for table `auth_user_status`
--

LOCK TABLES `auth_user_status` WRITE;
/*!40000 ALTER TABLE `auth_user_status` DISABLE KEYS */;
INSERT INTO `auth_user_status` VALUES (1,'lingo','1',1,'1','1','1'),(2,'vivian','1',1,'2','1','1'),(4,'king','1',1,'4','1','1'),(5,'john','1',1,'5','1','1'),(6,'william','1',1,'6','1','1'),(7,'adam','1',1,'7','1','1'),(8,'robot','1',1,'8','1','1'),(247688787001345,'ww','',1,'247688773386240','1','1'),(247689002090496,'ee','',1,'247689000714240','1','1'),(267768849235968,'2013034531',NULL,1,'267768847958016','1','1');
/*!40000 ALTER TABLE `auth_user_status` ENABLE KEYS */;
UNLOCK TABLES;

--
-- Table structure for table `book_borrow`
--

DROP TABLE IF EXISTS `book_borrow`;
/*!40101 SET @saved_cs_client     = @@character_set_client */;
/*!40101 SET character_set_client = utf8 */;
CREATE TABLE `book_borrow` (
  `ID` bigint(20) NOT NULL,
  `USER_ID` varchar(50) DEFAULT NULL,
  `BORROW_TIME` datetime DEFAULT NULL,
  `BORROW_OPERATOR` varchar(64) DEFAULT NULL,
  `RETURN_TIME` datetime DEFAULT NULL,
  `RETURN_OPERATOR` varchar(64) DEFAULT NULL,
  `EXPIRE_DATE` datetime DEFAULT NULL,
  `RENEW` varchar(50) DEFAULT NULL,
  `STATUS` varchar(50) DEFAULT NULL,
  `DESCRIPTION` varchar(200) DEFAULT NULL,
  `INFO_ID` bigint(20) DEFAULT NULL,
  PRIMARY KEY (`ID`),
  KEY `FK_BOOK_BORROW_INFO` (`INFO_ID`),
  CONSTRAINT `FK_BOOK_BORROW_INFO` FOREIGN KEY (`INFO_ID`) REFERENCES `book_info` (`ID`)
) ENGINE=InnoDB DEFAULT CHARSET=utf8;
/*!40101 SET character_set_client = @saved_cs_client */;

--
-- Dumping data for table `book_borrow`
--

LOCK TABLES `book_borrow` WRITE;
/*!40000 ALTER TABLE `book_borrow` DISABLE KEYS */;
/*!40000 ALTER TABLE `book_borrow` ENABLE KEYS */;
UNLOCK TABLES;

--
-- Table structure for table `book_info`
--

DROP TABLE IF EXISTS `book_info`;
/*!40101 SET @saved_cs_client     = @@character_set_client */;
/*!40101 SET character_set_client = utf8 */;
CREATE TABLE `book_info` (
  `ID` bigint(20) NOT NULL,
  `COVER` varchar(64) DEFAULT NULL,
  `NAME` varchar(200) DEFAULT NULL,
  `CODE` varchar(200) DEFAULT NULL,
  `AUTHOR` varchar(100) DEFAULT NULL,
  `TRANSLATOR` varchar(100) DEFAULT NULL,
  `ISBN` varchar(100) DEFAULT NULL,
  `PRICE` double DEFAULT NULL,
  `PUBLISH_COMPANY` varchar(100) DEFAULT NULL,
  `PUBLISH_DATE` date DEFAULT NULL,
  `PAGE` int(11) DEFAULT NULL,
  `ADD_TIME` datetime DEFAULT NULL,
  `OPERATOR` varchar(64) DEFAULT NULL,
  `STATUS` varchar(50) DEFAULT NULL,
  `TYPE` varchar(50) DEFAULT NULL,
  `SHELF` varchar(50) DEFAULT NULL,
  `TOTOAL_COUNT` int(11) DEFAULT NULL,
  `BORROW_COUNT` int(11) DEFAULT NULL,
  `BORROW_TIMES` int(11) DEFAULT NULL,
  `DESCRIPTION` varchar(200) DEFAULT NULL,
  PRIMARY KEY (`ID`)
) ENGINE=InnoDB DEFAULT CHARSET=utf8;
/*!40101 SET character_set_client = @saved_cs_client */;

--
-- Dumping data for table `book_info`
--

LOCK TABLES `book_info` WRITE;
/*!40000 ALTER TABLE `book_info` DISABLE KEYS */;
/*!40000 ALTER TABLE `book_info` ENABLE KEYS */;
UNLOCK TABLES;

--
-- Table structure for table `bpm_category`
--

DROP TABLE IF EXISTS `bpm_category`;
/*!40101 SET @saved_cs_client     = @@character_set_client */;
/*!40101 SET character_set_client = utf8 */;
CREATE TABLE `bpm_category` (
  `ID` bigint(20) NOT NULL,
  `NAME` varchar(200) DEFAULT NULL,
  `PRIORITY` int(11) DEFAULT NULL,
  `TENANT_ID` varchar(64) DEFAULT NULL,
  PRIMARY KEY (`ID`)
) ENGINE=InnoDB DEFAULT CHARSET=utf8;
/*!40101 SET character_set_client = @saved_cs_client */;

--
-- Dumping data for table `bpm_category`
--

LOCK TABLES `bpm_category` WRITE;
/*!40000 ALTER TABLE `bpm_category` DISABLE KEYS */;
INSERT INTO `bpm_category` VALUES (1,'常用流程',1,'1'),(247766486876160,'个人流程',2,'1');
/*!40000 ALTER TABLE `bpm_category` ENABLE KEYS */;
UNLOCK TABLES;

--
-- Table structure for table `bpm_conf_assign`
--

DROP TABLE IF EXISTS `bpm_conf_assign`;
/*!40101 SET @saved_cs_client     = @@character_set_client */;
/*!40101 SET character_set_client = utf8 */;
CREATE TABLE `bpm_conf_assign` (
  `ID` bigint(20) NOT NULL,
  `NAME` varchar(50) DEFAULT NULL,
  `NODE_ID` bigint(20) DEFAULT NULL,
  PRIMARY KEY (`ID`),
  KEY `FK_BPM_CONF_ASSIGN_NODE` (`NODE_ID`),
  CONSTRAINT `FK_BPM_CONF_ASSIGN_NODE` FOREIGN KEY (`NODE_ID`) REFERENCES `bpm_conf_node` (`ID`)
) ENGINE=InnoDB DEFAULT CHARSET=utf8;
/*!40101 SET character_set_client = @saved_cs_client */;

--
-- Dumping data for table `bpm_conf_assign`
--

LOCK TABLES `bpm_conf_assign` WRITE;
/*!40000 ALTER TABLE `bpm_conf_assign` DISABLE KEYS */;
/*!40000 ALTER TABLE `bpm_conf_assign` ENABLE KEYS */;
UNLOCK TABLES;

--
-- Table structure for table `bpm_conf_base`
--

DROP TABLE IF EXISTS `bpm_conf_base`;
/*!40101 SET @saved_cs_client     = @@character_set_client */;
/*!40101 SET character_set_client = utf8 */;
CREATE TABLE `bpm_conf_base` (
  `ID` bigint(20) NOT NULL,
  `PROCESS_DEFINITION_ID` varchar(200) DEFAULT NULL,
  `PROCESS_DEFINITION_KEY` varchar(200) DEFAULT NULL,
  `PROCESS_DEFINITION_VERSION` int(11) DEFAULT NULL,
  PRIMARY KEY (`ID`)
) ENGINE=InnoDB DEFAULT CHARSET=utf8;
/*!40101 SET character_set_client = @saved_cs_client */;

--
-- Dumping data for table `bpm_conf_base`
--

LOCK TABLES `bpm_conf_base` WRITE;
/*!40000 ALTER TABLE `bpm_conf_base` DISABLE KEYS */;
INSERT INTO `bpm_conf_base` VALUES (1,'vacation:1:12','vacation',1),(2,'publish:1:8','publish',1),(3,'permission:1:4','permission',1),(270444573179904,'process:1:15058','process',1),(270678116040704,'process:2:15160','process',2),(270691192438784,'process:3:15164','process',3),(270704741679104,'myProcess:1:15168','myProcess',1),(270743755276288,'process:4:15173','process',4),(277424166273024,'vacation-student:3:20113','vacation-student',3),(277428371881984,'vacation-student:4:20117','vacation-student',4),(280494055456768,'permission:2:22504','permission',2),(280494068908032,'publish:2:22508','publish',2),(280494076477440,'vacation:2:22512','vacation',2),(280556611911680,'permission:3:25004','permission',3),(280556617400320,'publish:3:25008','publish',3),(280556622004224,'vacation:3:25012','vacation',3),(280568931385344,'permission:4:27506','permission',4),(280568942313472,'publish:4:27510','publish',4),(280568951128064,'vacation:4:27514','vacation',4);
/*!40000 ALTER TABLE `bpm_conf_base` ENABLE KEYS */;
UNLOCK TABLES;

--
-- Table structure for table `bpm_conf_countersign`
--

DROP TABLE IF EXISTS `bpm_conf_countersign`;
/*!40101 SET @saved_cs_client     = @@character_set_client */;
/*!40101 SET character_set_client = utf8 */;
CREATE TABLE `bpm_conf_countersign` (
  `ID` bigint(20) NOT NULL,
  `SEQUENTIAL` int(11) DEFAULT NULL,
  `PARTICIPANT` varchar(200) DEFAULT NULL,
  `TYPE` int(11) DEFAULT NULL,
  `RATE` int(11) DEFAULT NULL,
  `NODE_ID` bigint(20) DEFAULT NULL,
  PRIMARY KEY (`ID`),
  KEY `FK_BPM_CONF_COUNTERSIGN_NODE` (`NODE_ID`),
  CONSTRAINT `FK_BPM_CONF_COUNTERSIGN_NODE` FOREIGN KEY (`NODE_ID`) REFERENCES `bpm_conf_node` (`ID`)
) ENGINE=InnoDB DEFAULT CHARSET=utf8;
/*!40101 SET character_set_client = @saved_cs_client */;

--
-- Dumping data for table `bpm_conf_countersign`
--

LOCK TABLES `bpm_conf_countersign` WRITE;
/*!40000 ALTER TABLE `bpm_conf_countersign` DISABLE KEYS */;
INSERT INTO `bpm_conf_countersign` VALUES (246664244854784,0,NULL,0,100,246664244330496),(247683341615104,0,NULL,0,100,246664244330496),(251786526195712,0,NULL,0,100,246664244330496),(253341346234368,0,NULL,0,100,246664244330496),(254785862107136,0,NULL,0,100,246664244330496),(254858199203840,0,NULL,0,100,246664244330496),(255315781730304,0,NULL,0,100,246664244330496),(255337129787392,0,NULL,0,100,246664244330496),(255366998474752,0,NULL,0,100,246664244330496),(255450398720000,0,NULL,0,100,246664244330496),(256175878127616,0,NULL,0,100,246664244330496),(256413247832064,0,NULL,0,100,246664244330496),(256415744344064,0,NULL,0,100,246664244330496),(256431526641664,0,NULL,0,100,246664244330496),(256450206187520,0,NULL,0,100,246664244330496),(256469180563456,0,NULL,0,100,246664244330496),(256474201751552,0,NULL,0,100,246664244330496),(256479876431872,0,NULL,0,100,246664244330496),(256514910437376,0,NULL,0,100,246664244330496),(256519195213824,0,NULL,0,100,246664244330496),(256533222506496,0,NULL,0,100,246664244330496),(256541877288960,0,NULL,0,100,246664244330496),(256547033808896,0,NULL,0,100,246664244330496),(256565678620672,0,NULL,0,100,246664244330496),(256575042076672,0,NULL,0,100,246664244330496),(256580327620608,0,NULL,0,100,246664244330496),(256594602082304,0,NULL,0,100,246664244330496),(256600705138688,0,NULL,0,100,246664244330496),(256695428415488,0,NULL,0,100,246664244330496),(256721606787072,0,NULL,0,100,246664244330496),(256726207807488,0,NULL,0,100,246664244330496),(256732985131008,0,NULL,0,100,246664244330496),(256739830185984,0,NULL,0,100,246664244330496),(256743777976320,0,NULL,0,100,246664244330496),(256751565586432,0,NULL,0,100,246664244330496),(256758882238464,0,NULL,0,100,246664244330496),(256767041486848,0,NULL,0,100,246664244330496),(256771587588096,0,NULL,0,100,246664244330496),(256777116123136,0,NULL,0,100,246664244330496),(256781211615232,0,NULL,0,100,246664244330496),(256785945001984,0,NULL,0,100,246664244330496),(256789365309440,0,NULL,0,100,246664244330496),(256795375484928,0,NULL,0,100,246664244330496),(256801357758464,0,NULL,0,100,246664244330496),(256804288790528,0,NULL,0,100,246664244330496),(256823538909184,0,NULL,0,100,246664244330496),(256828223815680,0,NULL,0,100,246664244330496),(256834383642624,0,NULL,0,100,246664244330496),(260360463515648,0,NULL,0,100,246664244330496),(260643567403008,0,NULL,0,100,246664244330496),(260647572848640,0,NULL,0,100,246664244330496),(260651034132480,0,NULL,0,100,246664244330496),(260656207347712,0,NULL,0,100,246664244330496),(260661887008768,0,NULL,0,100,246664244330496),(260665484541952,0,NULL,0,100,246664244330496),(260678674661376,0,NULL,0,100,246664244330496),(260697956827136,0,NULL,0,100,246664244330496),(260713263104000,0,NULL,0,100,246664244330496),(260719138357248,0,NULL,0,100,246664244330496),(260723506118656,0,NULL,0,100,246664244330496),(260727921606656,0,NULL,0,100,246664244330496),(260736436551680,0,NULL,0,100,246664244330496),(260747536973824,0,NULL,0,100,246664244330496),(260751468773376,0,NULL,0,100,246664244330496),(260756085751808,0,NULL,0,100,246664244330496),(260772518969344,0,NULL,0,100,246664244330496),(260786535399424,0,NULL,0,100,246664244330496),(260795025227776,0,NULL,0,100,246664244330496),(260805300092928,0,NULL,0,100,246664244330496),(260809877831680,0,NULL,0,100,246664244330496),(260815240478720,0,NULL,0,100,246664244330496),(260817946918912,0,NULL,0,100,246664244330496),(260834080636928,0,NULL,0,100,246664244330496),(260946551472128,0,NULL,0,100,246664244330496),(260948743684096,0,NULL,0,100,246664244330496),(260957910532096,0,NULL,0,100,246664244330496),(260970262921216,0,NULL,0,100,246664244330496),(261844087128064,0,NULL,0,100,246664244330496),(261894111199232,0,NULL,0,100,246664244330496),(261916946497536,0,NULL,0,100,246664244330496),(262065782636544,0,NULL,0,100,246664244330496),(262143455117312,0,NULL,0,100,246664244330496),(262145930051584,0,NULL,0,100,246664244330496),(262150050414592,0,NULL,0,100,246664244330496),(262154032005120,0,NULL,0,100,246664244330496),(262161560043520,0,NULL,0,100,246664244330496),(263269396791296,0,NULL,0,100,246664244330496),(263357431152640,0,NULL,0,100,246664244330496),(263545545424896,0,NULL,0,100,246664244330496),(263550770446336,0,NULL,0,100,246664244330496),(263778273886208,0,NULL,0,100,246664244330496),(263807624052736,0,NULL,0,100,246664244330496),(264673510883328,0,NULL,0,100,246664244330496),(264702875910144,0,NULL,0,100,246664244330496),(264714099081216,0,NULL,0,100,246664244330496),(264721067884544,0,NULL,0,100,246664244330496),(264737231732736,0,NULL,0,100,246664244330496),(267682377089024,0,NULL,0,100,246664244330496),(267753118449664,0,NULL,0,100,246664244330496),(267787345149952,0,NULL,0,100,246664244330496),(267810855452672,0,NULL,0,100,246664244330496),(267822546878464,0,NULL,0,100,246664244330496),(267828760936448,0,NULL,0,100,246664244330496),(267835533180928,0,NULL,0,100,246664244330496),(267846647463936,0,NULL,0,100,246664244330496),(267858042044416,0,NULL,0,100,246664244330496),(267870304026624,0,NULL,0,100,246664244330496),(267873521336320,0,NULL,0,100,246664244330496),(267878034735104,0,NULL,0,100,246664244330496),(267885578108928,0,NULL,0,100,246664244330496),(267899183251456,0,NULL,0,100,246664244330496),(267913964945408,0,NULL,0,100,246664244330496),(267921152786432,0,NULL,0,100,246664244330496),(267941408587776,0,NULL,0,100,246664244330496),(268048861396992,0,NULL,0,100,246664244330496),(268051110887424,0,NULL,0,100,246664244330496),(268056900026368,0,NULL,0,100,246664244330496),(268071688699904,0,NULL,0,100,246664244330496),(268858792542208,0,NULL,0,100,246664244330496),(268866249031680,0,NULL,0,100,246664244330496),(268879754575872,0,NULL,0,100,246664244330496),(268904282882048,0,NULL,0,100,246664244330496),(268933331451904,0,NULL,0,100,246664244330496),(269191413121024,0,NULL,0,100,246664244330496),(269207247355904,0,NULL,0,100,246664244330496),(269342452645888,0,NULL,0,100,246664244330496),(270337870905344,0,NULL,0,100,246664244330496),(271672129093632,0,NULL,0,100,246664244330496),(276260009295872,0,NULL,0,100,246664244330496),(276475336900608,0,NULL,0,100,246664244330496),(277346857598976,0,NULL,0,100,246664244330496),(277698918481920,0,NULL,0,100,246664244330496),(277832546631680,0,NULL,0,100,246664244330496),(277847757897728,0,NULL,0,100,246664244330496),(277863013695488,0,NULL,0,100,246664244330496),(279025754587136,0,NULL,0,100,246664244330496),(279032323375104,0,NULL,0,100,246664244330496),(280494070710272,0,NULL,0,100,280494070398976),(280517777702912,0,NULL,0,100,280494070398976),(280546294120448,0,NULL,0,100,280494070398976),(280548121755648,0,NULL,0,100,280494070398976),(280550181126144,0,NULL,0,100,280494070398976),(280552923840512,0,NULL,0,100,280494070398976),(280556618448896,0,NULL,0,100,280556618186752),(280563910000640,0,NULL,0,100,280556618186752),(280568943804416,0,NULL,0,100,280568943394816),(280571830779904,0,NULL,0,100,280568943394816),(280573984751616,0,NULL,0,100,280568943394816),(280576858259456,0,NULL,0,100,280568943394816),(280584772435968,0,NULL,0,100,280568943394816),(280629346598912,0,NULL,0,100,280568943394816),(280640104693760,0,NULL,0,100,280568943394816),(281882843283456,0,NULL,0,100,280568943394816),(281930400169984,0,NULL,0,100,280494070398976),(281940091846656,0,NULL,0,100,280494070398976);
/*!40000 ALTER TABLE `bpm_conf_countersign` ENABLE KEYS */;
UNLOCK TABLES;

--
-- Table structure for table `bpm_conf_form`
--

DROP TABLE IF EXISTS `bpm_conf_form`;
/*!40101 SET @saved_cs_client     = @@character_set_client */;
/*!40101 SET character_set_client = utf8 */;
CREATE TABLE `bpm_conf_form` (
  `ID` bigint(20) NOT NULL,
  `VALUE` varchar(200) DEFAULT NULL,
  `TYPE` int(11) DEFAULT NULL,
  `ORIGIN_VALUE` varchar(200) DEFAULT NULL,
  `ORIGIN_TYPE` int(11) DEFAULT NULL,
  `STATUS` int(11) DEFAULT NULL,
  `NODE_ID` bigint(20) DEFAULT NULL,
  PRIMARY KEY (`ID`),
  KEY `FK_BPM_CONF_FORM_NODE` (`NODE_ID`),
  CONSTRAINT `FK_BPM_CONF_FORM_NODE` FOREIGN KEY (`NODE_ID`) REFERENCES `bpm_conf_node` (`ID`)
) ENGINE=InnoDB DEFAULT CHARSET=utf8;
/*!40101 SET character_set_client = @saved_cs_client */;

--
-- Dumping data for table `bpm_conf_form`
--

LOCK TABLES `bpm_conf_form` WRITE;
/*!40000 ALTER TABLE `bpm_conf_form` DISABLE KEYS */;
INSERT INTO `bpm_conf_form` VALUES (246664235679744,'permission-request',0,'permission-request',0,0,13),(246664236810240,'permission-department',0,'permission-department',0,0,14),(246664237465600,'permission-manager',0,'permission-manager',0,0,16),(246664243625984,'publish-request',0,'publish-request',0,0,246664243511296),(246664244051968,'publish-manager',0,'publish-manager',0,0,246664243888128),(246664244559872,'publish-countersign',0,'publish-countersign',0,0,246664244330496),(246664245297152,'publish-finish',0,'publish-finish',0,0,246664245116928),(246664251867136,'vacation-request',0,'vacation-request',0,0,3),(246664252211200,'vacation-department',0,'vacation-department',0,0,4),(246664252522496,'vacation-hr',0,'vacation-hr',0,0,5),(246664252817408,'vacation-modify',0,'vacation-modify',0,0,6),(246664253292544,'vacation-finish',0,'vacation-finish',0,0,8),(271754628857856,'vacation-department1',0,NULL,NULL,1,270743755603968),(271759159558144,'vacation-request-student',0,NULL,NULL,1,270743755423744),(277431387930624,'vacation-request-student',0,NULL,NULL,1,277428372062208),(277431622221824,'vocation-depart-student',0,NULL,NULL,1,277428372209664),(277432008605696,'vacation-leader-student',0,NULL,NULL,1,277428372668416),(277432436998144,'vacation-modify-student',0,NULL,NULL,1,277428372881408),(277432697847808,'vacation-finish-student',0,NULL,NULL,1,277428372373504),(280494058455040,'permission-request',0,'permission-request',0,0,280494057308160),(280494063992832,'permission-department',0,'permission-department',0,0,280494060486656),(280494064369664,'permission-manager',0,'permission-manager',0,0,280494064189440),(280494069760000,'publish-request',0,'publish-request',0,0,280494069661696),(280494070235136,'publish-manager',0,'publish-manager',0,0,280494069940224),(280494070546432,'publish-countersign',0,'publish-countersign',0,0,280494070398976),(280494071267328,'publish-finish',0,'publish-finish',0,0,280494071136256),(280494076903424,'vacation-request',0,'vacation-request',0,0,280494076772352),(280494077394944,'vacation-department',0,'vacation-department',0,0,280494077083648),(280494077820928,'vacation-hr',0,'vacation-hr',0,0,280494077706240),(280494078181376,'vacation-modify',0,'vacation-modify',0,0,280494078066688),(280494078722048,'vacation-finish',0,'vacation-finish',0,0,280494078590976),(280556614041600,'permission-request',0,'permission-request',0,0,280556613566464),(280556614762496,'permission-department',0,'permission-department',0,0,280556614647808),(280556615106560,'permission-manager',0,'permission-manager',0,0,280556614942720),(280556617744384,'publish-request',0,'publish-request',0,0,280556617629696),(280556618006528,'publish-manager',0,'publish-manager',0,0,280556617908224),(280556618301440,'publish-countersign',0,'publish-countersign',0,0,280556618186752),(280556618776576,'publish-finish',0,'publish-finish',0,0,280556618661888),(280556622331904,'vacation-request',0,'vacation-request',0,0,280556622217216),(280556622594048,'vacation-department',0,'vacation-department',0,0,280556622495744),(280556622839808,'vacation-hr',0,'vacation-hr',0,0,280556622741504),(280556623101952,'vacation-modify',0,'vacation-modify',0,0,280556623003648),(280556623495168,'vacation-finish',0,'vacation-finish',0,0,280556623364096),(280568934645760,'permission-request',0,'permission-request',0,0,280568933793792),(280568935825408,'permission-department',0,'permission-department',0,0,280568935677952),(280568936333312,'permission-manager',0,'permission-manager',0,0,280568936103936),(280568942706688,'publish-request',0,'publish-request',0,0,280568942592000),(280568943132672,'publish-manager',0,'publish-manager',0,0,280568942968832),(280568943591424,'publish-countersign',0,'publish-countersign',0,0,280568943394816),(280568944230400,'publish-finish',0,'publish-finish',0,0,280568944066560),(280568951717888,'vacation-request',0,'vacation-request',0,0,280568951537664),(280568952127488,'vacation-department',0,'vacation-department',0,0,280568951996416),(280568952422400,'vacation-hr',0,'vacation-hr',0,0,280568952307712),(280568952750080,'vacation-modify',0,'vacation-modify',0,0,280568952602624),(280568953307136,'vacation-finish',0,'vacation-finish',0,0,280568953126912);
/*!40000 ALTER TABLE `bpm_conf_form` ENABLE KEYS */;
UNLOCK TABLES;

--
-- Table structure for table `bpm_conf_listener`
--

DROP TABLE IF EXISTS `bpm_conf_listener`;
/*!40101 SET @saved_cs_client     = @@character_set_client */;
/*!40101 SET character_set_client = utf8 */;
CREATE TABLE `bpm_conf_listener` (
  `ID` bigint(20) NOT NULL,
  `VALUE` varchar(200) DEFAULT NULL,
  `TYPE` int(11) DEFAULT NULL,
  `STATUS` int(11) DEFAULT NULL,
  `PRIORITY` int(11) DEFAULT NULL,
  `NODE_ID` bigint(20) DEFAULT NULL,
  PRIMARY KEY (`ID`),
  KEY `FK_BPM_CONF_LISTENER_NODE` (`NODE_ID`),
  CONSTRAINT `FK_BPM_CONF_LISTENER_NODE` FOREIGN KEY (`NODE_ID`) REFERENCES `bpm_conf_node` (`ID`)
) ENGINE=InnoDB DEFAULT CHARSET=utf8;
/*!40101 SET character_set_client = @saved_cs_client */;

--
-- Dumping data for table `bpm_conf_listener`
--

LOCK TABLES `bpm_conf_listener` WRITE;
/*!40000 ALTER TABLE `bpm_conf_listener` DISABLE KEYS */;
/*!40000 ALTER TABLE `bpm_conf_listener` ENABLE KEYS */;
UNLOCK TABLES;

--
-- Table structure for table `bpm_conf_node`
--

DROP TABLE IF EXISTS `bpm_conf_node`;
/*!40101 SET @saved_cs_client     = @@character_set_client */;
/*!40101 SET character_set_client = utf8 */;
CREATE TABLE `bpm_conf_node` (
  `ID` bigint(20) NOT NULL,
  `CODE` varchar(200) DEFAULT NULL,
  `NAME` varchar(200) DEFAULT NULL,
  `TYPE` varchar(200) DEFAULT NULL,
  `CONF_USER` int(11) DEFAULT NULL,
  `CONF_LISTENER` int(11) DEFAULT NULL,
  `CONF_RULE` int(11) DEFAULT NULL,
  `CONF_FORM` int(11) DEFAULT NULL,
  `CONF_OPERATION` int(11) DEFAULT NULL,
  `CONF_NOTICE` int(11) DEFAULT NULL,
  `PRIORITY` int(11) DEFAULT NULL,
  `CONF_BASE_ID` bigint(20) DEFAULT NULL,
  PRIMARY KEY (`ID`),
  KEY `FK_BPM_CONF_NODE_CONF_BASE` (`CONF_BASE_ID`),
  CONSTRAINT `FK_BPM_CONF_NODE_CONF_BASE` FOREIGN KEY (`CONF_BASE_ID`) REFERENCES `bpm_conf_base` (`ID`)
) ENGINE=InnoDB DEFAULT CHARSET=utf8;
/*!40101 SET character_set_client = @saved_cs_client */;

--
-- Dumping data for table `bpm_conf_node`
--

LOCK TABLES `bpm_conf_node` WRITE;
/*!40000 ALTER TABLE `bpm_conf_node` DISABLE KEYS */;
INSERT INTO `bpm_conf_node` VALUES (1,'vacation','全局','process',2,0,2,0,2,2,1,1),(2,'vacation_1','填写请假单','startEvent',2,0,2,0,2,0,2,1),(3,'taskuser-1','填写请假单','userTask',0,0,0,0,0,0,3,1),(4,'taskuser-2','部门领导审批','userTask',0,0,0,0,0,0,4,1),(5,'taskuser-3','人事审批','userTask',0,0,0,0,0,0,5,1),(6,'taskuser-5','调整申请','userTask',0,0,0,0,0,0,6,1),(7,'endnone-2','endnone-2','endEvent',2,0,2,2,2,0,7,1),(8,'taskuser-6','销假','userTask',0,0,0,0,0,0,8,1),(11,'permission','审批权限','process',2,0,2,0,2,2,1,3),(12,'startEvent-1','','startEvent',2,0,2,0,2,0,2,3),(13,'usertask1','发起申请','userTask',0,0,0,0,0,0,3,3),(14,'usertask2','部门经理审批','userTask',0,0,0,0,0,0,4,3),(15,'endevent1','','endEvent',2,0,2,2,2,0,5,3),(16,'usertask3','总经理审批','userTask',0,0,0,0,0,0,NULL,3),(246664243265536,'publish','全局','process',2,0,2,0,2,2,1,2),(246664243412992,'startevent1','Start','startEvent',2,0,2,0,2,0,2,2),(246664243511296,'taskuser-1','发文','userTask',0,0,0,0,0,0,3,2),(246664243888128,'taskuser-2','部门领导审批','userTask',0,0,0,0,0,0,4,2),(246664244330496,'taskuser-3','会签','userTask',0,0,0,0,0,0,5,2),(246664245116928,'taskuser-6','归档','userTask',0,0,0,0,0,0,6,2),(246664245755904,'endnone-2','endnone-2','endEvent',2,0,2,2,2,0,7,2),(270444573294592,'process','全局','process',2,0,2,0,2,2,1,270444573179904),(270444573327360,'sid-A96C3AAA-D6D7-4DB5-A1E3-73D49BA0CA60',NULL,'startEvent',2,0,2,0,2,0,2,270444573179904),(270444573360128,'sid-B42805EC-3B82-4E88-BCEB-E93869BF5284','请假','userTask',0,0,0,0,0,0,3,270444573179904),(270444573507584,'sid-62CC9B4B-804C-44D6-AC40-9E4DD72CCA0D','上级审批','userTask',0,0,0,0,0,0,4,270444573179904),(270444573655040,'sid-AE528184-10E4-4D80-ADDE-21ED7729462E',NULL,'endEvent',2,0,2,2,2,0,5,270444573179904),(270678116466688,'process','全局','process',2,0,2,0,2,2,1,270678116040704),(270678116614144,'sid-A96C3AAA-D6D7-4DB5-A1E3-73D49BA0CA60',NULL,'startEvent',2,0,2,0,2,0,2,270678116040704),(270678116696064,'sid-B42805EC-3B82-4E88-BCEB-E93869BF5284','请假','userTask',0,0,0,0,0,0,3,270678116040704),(270678117646336,'sid-62CC9B4B-804C-44D6-AC40-9E4DD72CCA0D','上级审批','userTask',0,0,0,0,0,0,4,270678116040704),(270678117777408,'sid-AE528184-10E4-4D80-ADDE-21ED7729462E',NULL,'endEvent',2,0,2,2,2,0,5,270678116040704),(270691192520704,'process','全局','process',2,0,2,0,2,2,1,270691192438784),(270691192553472,'sid-A96C3AAA-D6D7-4DB5-A1E3-73D49BA0CA60',NULL,'startEvent',2,0,2,0,2,0,2,270691192438784),(270691192569856,'sid-B42805EC-3B82-4E88-BCEB-E93869BF5284','请假','userTask',0,0,0,0,0,0,3,270691192438784),(270691192864768,'sid-62CC9B4B-804C-44D6-AC40-9E4DD72CCA0D','上级审批','userTask',0,0,0,0,0,0,4,270691192438784),(270691192995840,'sid-AE528184-10E4-4D80-ADDE-21ED7729462E',NULL,'endEvent',2,0,2,2,2,0,5,270691192438784),(270704741777408,'myProcess','全局','process',2,0,2,0,2,2,1,270704741679104),(270704741892096,'startevent1','Start','startEvent',2,0,2,0,2,0,2,270704741679104),(270704741957632,'usertask1','User Task','userTask',0,0,0,0,0,0,3,270704741679104),(270704742301696,'usertask2','User Task','userTask',0,0,0,0,0,0,4,270704741679104),(270704742531072,'endevent1','End','endEvent',2,0,2,2,2,0,5,270704741679104),(270704743284736,'usertask3','User Task','userTask',0,0,0,0,0,0,6,270704741679104),(270743755341824,'process','全局','process',2,0,2,0,2,2,1,270743755276288),(270743755390976,'sid-A96C3AAA-D6D7-4DB5-A1E3-73D49BA0CA60',NULL,'startEvent',2,0,2,0,2,0,2,270743755276288),(270743755423744,'sid-B42805EC-3B82-4E88-BCEB-E93869BF5284','请假','userTask',0,0,0,0,0,0,3,270743755276288),(270743755603968,'sid-62CC9B4B-804C-44D6-AC40-9E4DD72CCA0D','上级审批','userTask',0,0,0,0,0,0,4,270743755276288),(270743756095488,'sid-AE528184-10E4-4D80-ADDE-21ED7729462E',NULL,'endEvent',2,0,2,2,2,0,5,270743755276288),(277428371996672,'vacation-student','全局','process',2,0,2,0,2,2,1,277428371881984),(277428372029440,'sid-4CAE5CD3-1F38-40AF-833F-337531C9AA04',NULL,'startEvent',2,0,2,0,2,0,2,277428371881984),(277428372062208,'sid-92464D4A-380E-4D73-875E-E77E82399CEC','填写请假单','userTask',0,0,0,0,0,0,3,277428371881984),(277428372209664,'sid-2A5BFF60-DE0C-4DB9-954A-BA57F5611EE5','辅导员审批','userTask',0,0,0,0,0,0,4,277428371881984),(277428372373504,'sid-5732769D-2626-4CE0-98E5-40B1E96645C9','销假','userTask',0,0,0,0,0,0,5,277428371881984),(277428372553728,'sid-23B845EA-CBD0-4089-91D8-5A593FD8D038',NULL,'endEvent',2,0,2,2,2,0,6,277428371881984),(277428372668416,'sid-19ABB7E8-A781-4964-83DE-CBD2598A1C66','院系领导审批','userTask',0,0,0,0,0,0,7,277428371881984),(277428372881408,'sid-9D95D662-1BB9-4571-AEE9-D7A12E9F85FF','调整申请','userTask',0,0,0,0,0,0,8,277428371881984),(280494057111552,'permission','全局','process',2,0,2,0,2,2,1,280494055456768),(280494057226240,'startEvent-1',NULL,'startEvent',2,0,2,0,2,0,2,280494055456768),(280494057308160,'usertask1','发起申请','userTask',0,0,0,0,0,0,3,280494055456768),(280494060486656,'usertask2','部门经理审批','userTask',0,0,0,0,0,0,4,280494055456768),(280494064189440,'usertask3','总经理审批','userTask',0,0,0,0,0,0,5,280494055456768),(280494064631808,'endevent1','End','endEvent',2,0,2,2,2,0,6,280494055456768),(280494069022720,'publish','全局','process',2,0,2,0,2,2,1,280494068908032),(280494069071872,'startevent1','Start','startEvent',2,0,2,0,2,0,2,280494068908032),(280494069661696,'taskuser-1','发文','userTask',0,0,0,0,0,0,3,280494068908032),(280494069940224,'taskuser-2','部门领导审批','userTask',0,0,0,0,0,0,4,280494068908032),(280494070398976,'taskuser-3','会签','userTask',0,0,0,0,0,0,5,280494068908032),(280494071136256,'taskuser-6','归档','userTask',0,0,0,0,0,0,6,280494068908032),(280494071463936,'endnone-2','endnone-2','endEvent',2,0,2,2,2,0,7,280494068908032),(280494076608512,'vacation','全局','process',2,0,2,0,2,2,1,280494076477440),(280494076657664,'vacation_1','填写请假单','startEvent',2,0,2,0,2,0,2,280494076477440),(280494076772352,'taskuser-1','填写请假单','userTask',0,0,0,0,0,0,3,280494076477440),(280494077083648,'taskuser-2','部门领导审批','userTask',0,0,0,0,0,0,4,280494076477440),(280494077706240,'taskuser-3','人事审批','userTask',0,0,0,0,0,0,5,280494076477440),(280494078066688,'taskuser-5','调整申请','userTask',0,0,0,0,0,0,6,280494076477440),(280494078492672,'endnone-2','结束','endEvent',2,0,2,2,2,0,7,280494076477440),(280494078590976,'taskuser-6','销假','userTask',0,0,0,0,0,0,8,280494076477440),(280556613419008,'permission','全局','process',2,0,2,0,2,2,1,280556611911680),(280556613500928,'startEvent-1',NULL,'startEvent',2,0,2,0,2,0,2,280556611911680),(280556613566464,'usertask1','发起申请','userTask',0,0,0,0,0,0,3,280556611911680),(280556614647808,'usertask2','部门经理审批','userTask',0,0,0,0,0,0,4,280556611911680),(280556614942720,'usertask3','总经理审批','userTask',0,0,0,0,0,0,5,280556611911680),(280556615319552,'endevent1','End','endEvent',2,0,2,2,2,0,6,280556611911680),(280556617498624,'publish','全局','process',2,0,2,0,2,2,1,280556617400320),(280556617564160,'startevent1','Start','startEvent',2,0,2,0,2,0,2,280556617400320),(280556617629696,'taskuser-1','发文','userTask',0,0,0,0,0,0,3,280556617400320),(280556617908224,'taskuser-2','部门领导审批','userTask',0,0,0,0,0,0,4,280556617400320),(280556618186752,'taskuser-3','会签','userTask',0,0,0,0,0,0,5,280556617400320),(280556618661888,'taskuser-6','归档','userTask',0,0,0,0,0,0,6,280556617400320),(280556618956800,'endnone-2','endnone-2','endEvent',2,0,2,2,2,0,7,280556617400320),(280556622118912,'vacation','全局','process',2,0,2,0,2,2,1,280556622004224),(280556622168064,'vacation_1','填写请假单','startEvent',2,0,2,0,2,0,2,280556622004224),(280556622217216,'taskuser-1','填写请假单','userTask',0,0,0,0,0,0,3,280556622004224),(280556622495744,'taskuser-2','部门领导审批','userTask',0,0,0,0,0,0,4,280556622004224),(280556622741504,'taskuser-3','人事审批','userTask',0,0,0,0,0,0,5,280556622004224),(280556623003648,'taskuser-5','调整申请','userTask',0,0,0,0,0,0,6,280556622004224),(280556623282176,'endnone-2','结束','endEvent',2,0,2,2,2,0,7,280556622004224),(280556623364096,'taskuser-6','销假','userTask',0,0,0,0,0,0,8,280556622004224),(280568933597184,'permission','全局','process',2,0,2,0,2,2,1,280568931385344),(280568933711872,'startEvent-1',NULL,'startEvent',2,0,2,0,2,0,2,280568931385344),(280568933793792,'usertask1','发起申请','userTask',0,0,0,0,0,0,3,280568931385344),(280568935677952,'usertask2','部门经理审批','userTask',0,0,0,0,0,0,4,280568931385344),(280568936103936,'usertask3','总经理审批','userTask',0,0,0,0,0,0,5,280568931385344),(280568936595456,'endevent1','End','endEvent',2,0,2,2,2,0,6,280568931385344),(280568942428160,'publish','全局','process',2,0,2,0,2,2,1,280568942313472),(280568942493696,'startevent1','Start','startEvent',2,0,2,0,2,0,2,280568942313472),(280568942592000,'taskuser-1','发文','userTask',0,0,0,0,0,0,3,280568942313472),(280568942968832,'taskuser-2','部门领导审批','userTask',0,0,0,0,0,0,4,280568942313472),(280568943394816,'taskuser-3','会签','userTask',0,0,0,0,0,0,5,280568942313472),(280568944066560,'taskuser-6','归档','userTask',0,0,0,0,0,0,6,280568942313472),(280568944476160,'endnone-2','endnone-2','endEvent',2,0,2,2,2,0,7,280568942313472),(280568951308288,'vacation','全局','process',2,0,2,0,2,2,1,280568951128064),(280568951439360,'vacation_1','填写请假单','startEvent',2,0,2,0,2,0,2,280568951128064),(280568951537664,'taskuser-1','填写请假单','userTask',0,0,0,0,0,0,3,280568951128064),(280568951996416,'taskuser-2','部门领导审批','userTask',0,0,0,0,0,0,4,280568951128064),(280568952307712,'taskuser-3','人事审批','userTask',0,0,0,0,0,0,5,280568951128064),(280568952602624,'taskuser-5','调整申请','userTask',0,0,0,0,0,0,6,280568951128064),(280568953012224,'endnone-2','结束','endEvent',2,0,2,2,2,0,7,280568951128064),(280568953126912,'taskuser-6','销假','userTask',0,0,0,0,0,0,8,280568951128064);
/*!40000 ALTER TABLE `bpm_conf_node` ENABLE KEYS */;
UNLOCK TABLES;

--
-- Table structure for table `bpm_conf_notice`
--

DROP TABLE IF EXISTS `bpm_conf_notice`;
/*!40101 SET @saved_cs_client     = @@character_set_client */;
/*!40101 SET character_set_client = utf8 */;
CREATE TABLE `bpm_conf_notice` (
  `ID` bigint(20) NOT NULL,
  `TYPE` int(11) DEFAULT NULL,
  `RECEIVER` varchar(200) DEFAULT NULL,
  `DUE_DATE` varchar(50) DEFAULT NULL,
  `NODE_ID` bigint(20) DEFAULT NULL,
  `TEMPLATE_ID` bigint(20) DEFAULT NULL,
  `TEMPLATE_CODE` varchar(200) DEFAULT NULL,
  `NOTIFICATION_TYPE` varchar(200) DEFAULT NULL,
  PRIMARY KEY (`ID`),
  KEY `FK_BPM_CONF_NOTICE_NODE` (`NODE_ID`),
  KEY `FK_BPM_CONF_NOTICE_TEMPLATE` (`TEMPLATE_ID`),
  CONSTRAINT `FK_BPM_CONF_NOTICE_NODE` FOREIGN KEY (`NODE_ID`) REFERENCES `bpm_conf_node` (`ID`),
  CONSTRAINT `FK_BPM_CONF_NOTICE_TEMPLATE` FOREIGN KEY (`TEMPLATE_ID`) REFERENCES `bpm_mail_template` (`ID`)
) ENGINE=InnoDB DEFAULT CHARSET=utf8;
/*!40101 SET character_set_client = @saved_cs_client */;

--
-- Dumping data for table `bpm_conf_notice`
--

LOCK TABLES `bpm_conf_notice` WRITE;
/*!40000 ALTER TABLE `bpm_conf_notice` DISABLE KEYS */;
INSERT INTO `bpm_conf_notice` VALUES (1,0,'任务接收人',NULL,4,1,'arrival-assignee','msg,email'),(2,0,'流程发起人',NULL,5,2,'arrival-initiator','msg,email'),(3,1,'1',NULL,8,3,'complete','msg,email'),(4,2,'任务接收人','P1H',8,4,'timeout','msg,email');
/*!40000 ALTER TABLE `bpm_conf_notice` ENABLE KEYS */;
UNLOCK TABLES;

--
-- Table structure for table `bpm_conf_operation`
--

DROP TABLE IF EXISTS `bpm_conf_operation`;
/*!40101 SET @saved_cs_client     = @@character_set_client */;
/*!40101 SET character_set_client = utf8 */;
CREATE TABLE `bpm_conf_operation` (
  `ID` bigint(20) NOT NULL,
  `VALUE` varchar(200) DEFAULT NULL,
  `PRIORITY` int(11) DEFAULT NULL,
  `NODE_ID` bigint(20) DEFAULT NULL,
  PRIMARY KEY (`ID`),
  KEY `FK_BPM_CONF_OPERATION_NODE` (`NODE_ID`),
  CONSTRAINT `FK_BPM_CONF_OPERATION_NODE` FOREIGN KEY (`NODE_ID`) REFERENCES `bpm_conf_node` (`ID`)
) ENGINE=InnoDB DEFAULT CHARSET=utf8;
/*!40101 SET character_set_client = @saved_cs_client */;

--
-- Dumping data for table `bpm_conf_operation`
--

LOCK TABLES `bpm_conf_operation` WRITE;
/*!40000 ALTER TABLE `bpm_conf_operation` DISABLE KEYS */;
INSERT INTO `bpm_conf_operation` VALUES (1,'saveDraft',NULL,3),(2,'completeTask',NULL,3),(3,'saveDraft',NULL,4),(4,'completeTask',NULL,4),(5,'saveDraft',NULL,5),(6,'completeTask',NULL,5),(7,'saveDraft',NULL,6),(8,'completeTask',NULL,6),(9,'saveDraft',NULL,8),(10,'completeTask',NULL,8),(11,'saveDraft',NULL,14),(12,'completeTask',NULL,14),(13,'rollbackPrevious',NULL,14),(14,'saveDraft',NULL,16),(15,'completeTask',NULL,16),(16,'rollbackPrevious',NULL,16),(101,'rollbackInitiator',NULL,14),(102,'transfer',NULL,14),(103,'delegateTask',NULL,14),(104,'communicate',NULL,14),(105,'addCounterSign',NULL,14);
/*!40000 ALTER TABLE `bpm_conf_operation` ENABLE KEYS */;
UNLOCK TABLES;

--
-- Table structure for table `bpm_conf_rule`
--

DROP TABLE IF EXISTS `bpm_conf_rule`;
/*!40101 SET @saved_cs_client     = @@character_set_client */;
/*!40101 SET character_set_client = utf8 */;
CREATE TABLE `bpm_conf_rule` (
  `ID` bigint(20) NOT NULL,
  `VALUE` varchar(200) DEFAULT NULL,
  `NODE_ID` bigint(20) DEFAULT NULL,
  PRIMARY KEY (`ID`),
  KEY `FK_BPM_CONF_RULE_NODE` (`NODE_ID`),
  CONSTRAINT `FK_BPM_CONF_RULE_NODE` FOREIGN KEY (`NODE_ID`) REFERENCES `bpm_conf_node` (`ID`)
) ENGINE=InnoDB DEFAULT CHARSET=utf8;
/*!40101 SET character_set_client = @saved_cs_client */;

--
-- Dumping data for table `bpm_conf_rule`
--

LOCK TABLES `bpm_conf_rule` WRITE;
/*!40000 ALTER TABLE `bpm_conf_rule` DISABLE KEYS */;
INSERT INTO `bpm_conf_rule` VALUES (1,'职位',14);
/*!40000 ALTER TABLE `bpm_conf_rule` ENABLE KEYS */;
UNLOCK TABLES;

--
-- Table structure for table `bpm_conf_user`
--

DROP TABLE IF EXISTS `bpm_conf_user`;
/*!40101 SET @saved_cs_client     = @@character_set_client */;
/*!40101 SET character_set_client = utf8 */;
CREATE TABLE `bpm_conf_user` (
  `ID` bigint(20) NOT NULL,
  `VALUE` varchar(200) DEFAULT NULL,
  `TYPE` int(11) DEFAULT NULL,
  `STATUS` int(11) DEFAULT NULL,
  `PRIORITY` int(11) DEFAULT NULL,
  `NODE_ID` bigint(20) DEFAULT NULL,
  PRIMARY KEY (`ID`),
  KEY `FK_BPM_CONF_USER_NODE` (`NODE_ID`),
  CONSTRAINT `FK_BPM_CONF_USER_NODE` FOREIGN KEY (`NODE_ID`) REFERENCES `bpm_conf_node` (`ID`)
) ENGINE=InnoDB DEFAULT CHARSET=utf8;
/*!40101 SET character_set_client = @saved_cs_client */;

--
-- Dumping data for table `bpm_conf_user`
--

LOCK TABLES `bpm_conf_user` WRITE;
/*!40000 ALTER TABLE `bpm_conf_user` DISABLE KEYS */;
INSERT INTO `bpm_conf_user` VALUES (246664235171840,'常用语:流程发起人',0,0,1,13),(246664236777472,'岗位:经理',0,0,1,14),(246664237383680,'岗位:总经理',0,0,1,16),(246664243593216,'常用语:流程发起人',0,0,1,246664243511296),(246664244002816,'常用语:直接上级',0,0,1,246664243888128),(246664244477952,'${countersignUser}',0,0,1,246664244330496),(246664245215232,'常用语:流程发起人',0,0,1,246664245116928),(246664251817984,'常用语:流程发起人',0,0,1,3),(246664252162048,'常用语:直接上级',0,0,1,4),(246664252473344,'7',0,0,1,5),(246664252784640,'常用语:流程发起人',0,0,1,6),(246664253227008,'常用语:流程发起人',0,0,1,8),(270678116761600,'3',0,0,1,270678116696064),(270678116909056,'4',1,0,2,270678116696064),(270678116974592,'5',2,0,3,270678116696064),(270691192619008,'test',2,0,1,270691192569856),(270691192668160,'tes',2,0,1,270691192569856),(270704742023168,'张三，李四',2,0,1,270704741957632),(270743755472896,'常用语:流程发起人',0,0,1,270743755423744),(270743755653120,'岗位:院长',0,0,1,270743755603968),(277428372094976,'常用语:流程发起人',0,0,1,277428372062208),(277428372275200,'常用语:直接上级',0,0,1,277428372209664),(277428372422656,'常用语:流程发起人',0,0,1,277428372373504),(277428372717568,'岗位:书记',0,0,1,277428372668416),(277428372963328,'常用语:流程发起人',0,0,1,277428372881408),(280494057979904,'常用语:流程发起人',0,0,1,280494057308160),(280494063960064,'岗位:经理',0,0,1,280494060486656),(280494064304128,'岗位:总经理',0,0,1,280494064189440),(280494069727232,'常用语:流程发起人',0,0,1,280494069661696),(280494070202368,'常用语:直接上级',0,0,1,280494069940224),(280494070497280,'${countersignUser}',0,0,1,280494070398976),(280494071218176,'常用语:流程发起人',0,0,1,280494071136256),(280494076870656,'常用语:流程发起人',0,0,1,280494076772352),(280494077247488,'常用语:直接上级',0,0,1,280494077083648),(280494077788160,'7',0,0,1,280494077706240),(280494078148608,'常用语:流程发起人',0,0,1,280494078066688),(280494078672896,'常用语:流程发起人',0,0,1,280494078590976),(280556613828608,'常用语:流程发起人',0,0,1,280556613566464),(280556614729728,'岗位:经理',0,0,1,280556614647808),(280556615041024,'岗位:总经理',0,0,1,280556614942720),(280556617711616,'常用语:流程发起人',0,0,1,280556617629696),(280556617973760,'常用语:直接上级',0,0,1,280556617908224),(280556618268672,'${countersignUser}',0,0,1,280556618186752),(280556618727424,'常用语:流程发起人',0,0,1,280556618661888),(280556622315520,'常用语:流程发起人',0,0,1,280556622217216),(280556622561280,'常用语:直接上级',0,0,1,280556622495744),(280556622807040,'7',0,0,1,280556622741504),(280556623069184,'常用语:流程发起人',0,0,1,280556623003648),(280556623446016,'常用语:流程发起人',0,0,1,280556623364096),(280568934219776,'常用语:流程发起人',0,0,1,280568933793792),(280568935776256,'岗位:经理',0,0,1,280568935677952),(280568936251392,'岗位:总经理',0,0,1,280568936103936),(280568942657536,'常用语:流程发起人',0,0,1,280568942592000),(280568943083520,'常用语:直接上级',0,0,1,280568942968832),(280568943525888,'${countersignUser}',0,0,1,280568943394816),(280568944181248,'常用语:流程发起人',0,0,1,280568944066560),(280568951668736,'常用语:流程发起人',0,0,1,280568951537664),(280568952094720,'常用语:直接上级',0,0,1,280568951996416),(280568952389632,'7',0,0,1,280568952307712),(280568952700928,'常用语:流程发起人',0,0,1,280568952602624),(280568953241600,'常用语:流程发起人',0,0,1,280568953126912);
/*!40000 ALTER TABLE `bpm_conf_user` ENABLE KEYS */;
UNLOCK TABLES;

--
-- Table structure for table `bpm_instance`
--

DROP TABLE IF EXISTS `bpm_instance`;
/*!40101 SET @saved_cs_client     = @@character_set_client */;
/*!40101 SET character_set_client = utf8 */;
CREATE TABLE `bpm_instance` (
  `ID` bigint(20) NOT NULL,
  `NAME` varchar(200) DEFAULT NULL,
  `BUSINESS_KEY` varchar(64) DEFAULT NULL,
  `REF` varchar(64) DEFAULT NULL,
  `CREATE_TIME` datetime DEFAULT NULL,
  `INITIATOR` varchar(64) DEFAULT NULL,
  `PRIORITY` int(11) DEFAULT NULL,
  `TENANT_ID` varchar(64) DEFAULT NULL,
  `PROCESS_ID` bigint(20) DEFAULT NULL,
  PRIMARY KEY (`ID`),
  KEY `FK_BPM_INSTANCE_PROCESS` (`PROCESS_ID`),
  CONSTRAINT `FK_BPM_INSTANCE_PROCESS` FOREIGN KEY (`PROCESS_ID`) REFERENCES `bpm_process` (`ID`)
) ENGINE=InnoDB DEFAULT CHARSET=utf8;
/*!40101 SET character_set_client = @saved_cs_client */;

--
-- Dumping data for table `bpm_instance`
--

LOCK TABLES `bpm_instance` WRITE;
/*!40000 ALTER TABLE `bpm_instance` DISABLE KEYS */;
/*!40000 ALTER TABLE `bpm_instance` ENABLE KEYS */;
UNLOCK TABLES;

--
-- Table structure for table `bpm_mail_template`
--

DROP TABLE IF EXISTS `bpm_mail_template`;
/*!40101 SET @saved_cs_client     = @@character_set_client */;
/*!40101 SET character_set_client = utf8 */;
CREATE TABLE `bpm_mail_template` (
  `ID` bigint(20) NOT NULL,
  `NAME` varchar(50) DEFAULT NULL,
  `SUBJECT` varchar(100) DEFAULT NULL,
  `CONTENT` varchar(200) DEFAULT NULL,
  PRIMARY KEY (`ID`)
) ENGINE=InnoDB DEFAULT CHARSET=utf8;
/*!40101 SET character_set_client = @saved_cs_client */;

--
-- Dumping data for table `bpm_mail_template`
--

LOCK TABLES `bpm_mail_template` WRITE;
/*!40000 ALTER TABLE `bpm_mail_template` DISABLE KEYS */;
INSERT INTO `bpm_mail_template` VALUES (1,'任务到达（任务处理人）','您有新任务需要处理','#{task.assignee}您好，您有新任务需要处理——#{task.name}。'),(2,'任务到达（流程发起人）','您的流程已经到达#{task.name}环节','#{initiator}您好，您的流程已经到达#{task.name}环节'),(3,'任务完成','流程已经完成#{task.name}环节','您好，#{initiator}的流程已经完成#{task.name}环节'),(4,'任务超时提醒','任务即将过期','#{task.assignee}您好，任务#{task.name}已经即将到期');
/*!40000 ALTER TABLE `bpm_mail_template` ENABLE KEYS */;
UNLOCK TABLES;

--
-- Table structure for table `bpm_process`
--

DROP TABLE IF EXISTS `bpm_process`;
/*!40101 SET @saved_cs_client     = @@character_set_client */;
/*!40101 SET character_set_client = utf8 */;
CREATE TABLE `bpm_process` (
  `ID` bigint(20) NOT NULL,
  `NAME` varchar(200) DEFAULT NULL,
  `CATEGORY_ID` bigint(20) DEFAULT NULL,
  `PRIORITY` int(11) DEFAULT NULL,
  `DESCN` varchar(200) DEFAULT NULL,
  `USE_TASK_CONF` int(11) DEFAULT NULL,
  `CODE` varchar(64) DEFAULT NULL,
  `CONF_BASE_ID` bigint(20) DEFAULT NULL,
  `TENANT_ID` varchar(64) DEFAULT NULL,
  PRIMARY KEY (`ID`),
  KEY `FK_BPM_PROCESS_CATEGORY_ID` (`CATEGORY_ID`),
  KEY `FK_BPM_PROCESS_CONF_BASE` (`CONF_BASE_ID`),
  CONSTRAINT `FK_BPM_PROCESS_CATEGORY_ID` FOREIGN KEY (`CATEGORY_ID`) REFERENCES `bpm_category` (`ID`),
  CONSTRAINT `FK_BPM_PROCESS_CONF_BASE` FOREIGN KEY (`CONF_BASE_ID`) REFERENCES `bpm_conf_base` (`ID`)
) ENGINE=InnoDB DEFAULT CHARSET=utf8;
/*!40101 SET character_set_client = @saved_cs_client */;

--
-- Dumping data for table `bpm_process`
--

LOCK TABLES `bpm_process` WRITE;
/*!40000 ALTER TABLE `bpm_process` DISABLE KEYS */;
INSERT INTO `bpm_process` VALUES (1,'请假流程',1,1,'通用请假流程',0,'vacation',1,'1'),(2,'发文流程',1,2,'通用发文流程',0,'publish',2,'1'),(3,'权限审批',1,3,'权限审批流程',1,'permission',3,'1'),(270656120799232,'请假demo',1,4,'',0,NULL,270444573179904,'1'),(270745847971840,'test',1,6,'11',0,NULL,270743755276288,'1'),(277430478815232,'学生请假流程',1,7,'1',0,NULL,277428371881984,'1');
/*!40000 ALTER TABLE `bpm_process` ENABLE KEYS */;
UNLOCK TABLES;

--
-- Table structure for table `bpm_task_conf`
--

DROP TABLE IF EXISTS `bpm_task_conf`;
/*!40101 SET @saved_cs_client     = @@character_set_client */;
/*!40101 SET character_set_client = utf8 */;
CREATE TABLE `bpm_task_conf` (
  `ID` bigint(20) NOT NULL,
  `BUSINESS_KEY` varchar(200) DEFAULT NULL,
  `TASK_DEFINITION_KEY` varchar(200) DEFAULT NULL,
  `ASSIGNEE` varchar(200) DEFAULT NULL,
  PRIMARY KEY (`ID`)
) ENGINE=InnoDB DEFAULT CHARSET=utf8;
/*!40101 SET character_set_client = @saved_cs_client */;

--
-- Dumping data for table `bpm_task_conf`
--

LOCK TABLES `bpm_task_conf` WRITE;
/*!40000 ALTER TABLE `bpm_task_conf` DISABLE KEYS */;
/*!40000 ALTER TABLE `bpm_task_conf` ENABLE KEYS */;
UNLOCK TABLES;

--
-- Table structure for table `bpm_task_def`
--

DROP TABLE IF EXISTS `bpm_task_def`;
/*!40101 SET @saved_cs_client     = @@character_set_client */;
/*!40101 SET character_set_client = utf8 */;
CREATE TABLE `bpm_task_def` (
  `ID` bigint(20) NOT NULL,
  `TASK_DEFINITION_KEY` varchar(200) DEFAULT NULL,
  `ASSIGNEE` varchar(200) DEFAULT NULL,
  `CANDIDATE` varchar(200) DEFAULT NULL,
  `PROCESS_ID` bigint(20) DEFAULT NULL,
  PRIMARY KEY (`ID`),
  KEY `FK_BPM_TASK_DEF_ID` (`PROCESS_ID`),
  CONSTRAINT `FK_BPM_TASK_DEF_ID` FOREIGN KEY (`PROCESS_ID`) REFERENCES `bpm_process` (`ID`)
) ENGINE=InnoDB DEFAULT CHARSET=utf8;
/*!40101 SET character_set_client = @saved_cs_client */;

--
-- Dumping data for table `bpm_task_def`
--

LOCK TABLES `bpm_task_def` WRITE;
/*!40000 ALTER TABLE `bpm_task_def` DISABLE KEYS */;
/*!40000 ALTER TABLE `bpm_task_def` ENABLE KEYS */;
UNLOCK TABLES;

--
-- Table structure for table `bpm_task_def_notice`
--

DROP TABLE IF EXISTS `bpm_task_def_notice`;
/*!40101 SET @saved_cs_client     = @@character_set_client */;
/*!40101 SET character_set_client = utf8 */;
CREATE TABLE `bpm_task_def_notice` (
  `ID` bigint(20) NOT NULL,
  `TASK_DEFINITION_KEY` varchar(200) DEFAULT NULL,
  `TYPE` int(11) DEFAULT NULL,
  `RECEIVER` varchar(200) DEFAULT NULL,
  `DUE_DATE` varchar(50) DEFAULT NULL,
  `TEMPLATE_ID` bigint(20) DEFAULT NULL,
  `PROCESS_ID` bigint(20) DEFAULT NULL,
  PRIMARY KEY (`ID`),
  KEY `FK_BPM_TASK_DEF_NOTICE_PROCESS` (`PROCESS_ID`),
  KEY `FK_BPM_TASK_DEF_NOTICE_TEMPLATE` (`TEMPLATE_ID`),
  CONSTRAINT `FK_BPM_TASK_DEF_NOTICE_PROCESS` FOREIGN KEY (`PROCESS_ID`) REFERENCES `bpm_process` (`ID`),
  CONSTRAINT `FK_BPM_TASK_DEF_NOTICE_TEMPLATE` FOREIGN KEY (`TEMPLATE_ID`) REFERENCES `bpm_mail_template` (`ID`)
) ENGINE=InnoDB DEFAULT CHARSET=utf8;
/*!40101 SET character_set_client = @saved_cs_client */;

--
-- Dumping data for table `bpm_task_def_notice`
--

LOCK TABLES `bpm_task_def_notice` WRITE;
/*!40000 ALTER TABLE `bpm_task_def_notice` DISABLE KEYS */;
INSERT INTO `bpm_task_def_notice` VALUES (1,'taskuser-2',0,'任务接收人',NULL,1,1),(2,'taskuser-3',0,'流程发起人',NULL,2,1),(3,'taskuser-6',1,'king',NULL,3,1),(4,'taskuser-6',2,'任务接收人','P1H',4,1);
/*!40000 ALTER TABLE `bpm_task_def_notice` ENABLE KEYS */;
UNLOCK TABLES;

--
-- Table structure for table `budget_info`
--

DROP TABLE IF EXISTS `budget_info`;
/*!40101 SET @saved_cs_client     = @@character_set_client */;
/*!40101 SET character_set_client = utf8 */;
CREATE TABLE `budget_info` (
  `ID` bigint(20) NOT NULL,
  `NAME` varchar(200) DEFAULT NULL,
  `CREATE_TIME` datetime DEFAULT NULL,
  `STATUS` varchar(50) DEFAULT NULL,
  `TYPE` varchar(50) DEFAULT NULL,
  `MONEY` double DEFAULT NULL,
  `START_TIME` datetime DEFAULT NULL,
  `END_TIME` datetime DEFAULT NULL,
  `DESCRIPTION` text,
  `USER_ID` varchar(64) DEFAULT NULL,
  `TENANT_ID` varchar(64) DEFAULT NULL,
  PRIMARY KEY (`ID`)
) ENGINE=InnoDB DEFAULT CHARSET=utf8;
/*!40101 SET character_set_client = @saved_cs_client */;

--
-- Dumping data for table `budget_info`
--

LOCK TABLES `budget_info` WRITE;
/*!40000 ALTER TABLE `budget_info` DISABLE KEYS */;
/*!40000 ALTER TABLE `budget_info` ENABLE KEYS */;
UNLOCK TABLES;

--
-- Table structure for table `business_info`
--

DROP TABLE IF EXISTS `business_info`;
/*!40101 SET @saved_cs_client     = @@character_set_client */;
/*!40101 SET character_set_client = utf8 */;
CREATE TABLE `business_info` (
  `ID` bigint(20) NOT NULL,
  `NAME` varchar(200) DEFAULT NULL,
  `CREATE_TIME` datetime DEFAULT NULL,
  `STATUS` varchar(50) DEFAULT NULL,
  `CUSTOMER` varchar(100) DEFAULT NULL,
  `PRODUCT` varchar(100) DEFAULT NULL,
  `DESCRIPTION` text,
  `USER_ID` varchar(64) DEFAULT NULL,
  `TENANT_ID` varchar(64) DEFAULT NULL,
  PRIMARY KEY (`ID`)
) ENGINE=InnoDB DEFAULT CHARSET=utf8;
/*!40101 SET character_set_client = @saved_cs_client */;

--
-- Dumping data for table `business_info`
--

LOCK TABLES `business_info` WRITE;
/*!40000 ALTER TABLE `business_info` DISABLE KEYS */;
/*!40000 ALTER TABLE `business_info` ENABLE KEYS */;
UNLOCK TABLES;

--
-- Table structure for table `car_info`
--

DROP TABLE IF EXISTS `car_info`;
/*!40101 SET @saved_cs_client     = @@character_set_client */;
/*!40101 SET character_set_client = utf8 */;
CREATE TABLE `car_info` (
  `ID` bigint(20) NOT NULL,
  `NAME` varchar(200) DEFAULT NULL,
  `CODE` varchar(200) DEFAULT NULL,
  `STATUS` int(11) DEFAULT NULL,
  `WEIGHT` int(11) DEFAULT NULL,
  `PEOPLE` int(11) DEFAULT NULL,
  `TENANT_ID` varchar(64) DEFAULT NULL,
  PRIMARY KEY (`ID`)
) ENGINE=InnoDB DEFAULT CHARSET=utf8;
/*!40101 SET character_set_client = @saved_cs_client */;

--
-- Dumping data for table `car_info`
--

LOCK TABLES `car_info` WRITE;
/*!40000 ALTER TABLE `car_info` DISABLE KEYS */;
/*!40000 ALTER TABLE `car_info` ENABLE KEYS */;
UNLOCK TABLES;

--
-- Table structure for table `card_info`
--

DROP TABLE IF EXISTS `card_info`;
/*!40101 SET @saved_cs_client     = @@character_set_client */;
/*!40101 SET character_set_client = utf8 */;
CREATE TABLE `card_info` (
  `ID` bigint(20) NOT NULL,
  `CODE` varchar(200) DEFAULT NULL,
  `DESCRIPTION` varchar(200) DEFAULT NULL,
  `TENANT_ID` varchar(64) DEFAULT NULL,
  PRIMARY KEY (`ID`)
) ENGINE=InnoDB DEFAULT CHARSET=utf8;
/*!40101 SET character_set_client = @saved_cs_client */;

--
-- Dumping data for table `card_info`
--

LOCK TABLES `card_info` WRITE;
/*!40000 ALTER TABLE `card_info` DISABLE KEYS */;
/*!40000 ALTER TABLE `card_info` ENABLE KEYS */;
UNLOCK TABLES;

--
-- Table structure for table `cms_article`
--

DROP TABLE IF EXISTS `cms_article`;
/*!40101 SET @saved_cs_client     = @@character_set_client */;
/*!40101 SET character_set_client = utf8 */;
CREATE TABLE `cms_article` (
  `ID` bigint(20) NOT NULL,
  `TITLE` varchar(200) DEFAULT NULL,
  `SHORT_TITLE` varchar(200) DEFAULT NULL,
  `SUB_TITLE` varchar(200) DEFAULT NULL,
  `CONTENT` text,
  `SUMMARY` varchar(200) DEFAULT NULL,
  `LOGO` varchar(200) DEFAULT NULL,
  `KEYWORD` varchar(200) DEFAULT NULL,
  `TAGS` varchar(200) DEFAULT NULL,
  `SOURCE` varchar(200) DEFAULT NULL,
  `ALLOW_COMMENT` int(11) DEFAULT NULL,
  `STATUS` int(11) DEFAULT NULL,
  `PUBLISH_TIME` timestamp NULL DEFAULT NULL,
  `CLOSE_TIME` timestamp NULL DEFAULT NULL,
  `TYPE` int(11) DEFAULT NULL,
  `TOP` int(11) DEFAULT NULL,
  `WEIGHT` int(11) DEFAULT NULL,
  `CREATE_TIME` timestamp NULL DEFAULT NULL,
  `TEMPLATE` varchar(200) DEFAULT NULL,
  `HIT_COUNT` varchar(200) DEFAULT NULL,
  `RECOMMEND_ID` bigint(20) DEFAULT NULL,
  `RECOMMEND_STATUS` int(11) DEFAULT NULL,
  `USER_ID` varchar(200) DEFAULT NULL,
  `CATALOG_ID` bigint(20) DEFAULT NULL,
  `COMMENT_COUNT` int(11) DEFAULT NULL,
  `CODE` varchar(50) DEFAULT NULL,
  `TENANT_ID` varchar(64) DEFAULT NULL,
  PRIMARY KEY (`ID`),
  KEY `FK_CMS_ARTICLE_CATALOG` (`CATALOG_ID`),
  CONSTRAINT `FK_CMS_ARTICLE_CATALOG` FOREIGN KEY (`CATALOG_ID`) REFERENCES `cms_catalog` (`ID`)
) ENGINE=InnoDB DEFAULT CHARSET=utf8;
/*!40101 SET character_set_client = @saved_cs_client */;

--
-- Dumping data for table `cms_article`
--

LOCK TABLES `cms_article` WRITE;
/*!40000 ALTER TABLE `cms_article` DISABLE KEYS */;
INSERT INTO `cms_article` VALUES (279049062678528,'df',NULL,NULL,'dfg','dfgd',NULL,NULL,NULL,NULL,NULL,NULL,NULL,NULL,NULL,NULL,NULL,'2016-08-29 06:11:44',NULL,NULL,NULL,NULL,'1',1,NULL,NULL,'1');
/*!40000 ALTER TABLE `cms_article` ENABLE KEYS */;
UNLOCK TABLES;

--
-- Table structure for table `cms_attachment`
--

DROP TABLE IF EXISTS `cms_attachment`;
/*!40101 SET @saved_cs_client     = @@character_set_client */;
/*!40101 SET character_set_client = utf8 */;
CREATE TABLE `cms_attachment` (
  `ID` bigint(20) NOT NULL,
  `TYPE` varchar(200) DEFAULT NULL,
  `NAME` varchar(200) DEFAULT NULL,
  `PATH` varchar(200) DEFAULT NULL,
  `SIZE` int(11) DEFAULT NULL,
  `HEIGHT` int(11) DEFAULT NULL,
  `WIDTH` int(11) DEFAULT NULL,
  `CREATE_TIME` timestamp NOT NULL DEFAULT CURRENT_TIMESTAMP ON UPDATE CURRENT_TIMESTAMP,
  `USER_ID` varchar(200) DEFAULT NULL,
  `ARTICLE_ID` bigint(20) DEFAULT NULL,
  PRIMARY KEY (`ID`),
  KEY `FK_CMS_ATTACHMENT_ARTICLE` (`ARTICLE_ID`),
  CONSTRAINT `FK_CMS_ATTACHMENT_ARTICLE` FOREIGN KEY (`ARTICLE_ID`) REFERENCES `cms_article` (`ID`)
) ENGINE=InnoDB DEFAULT CHARSET=utf8;
/*!40101 SET character_set_client = @saved_cs_client */;

--
-- Dumping data for table `cms_attachment`
--

LOCK TABLES `cms_attachment` WRITE;
/*!40000 ALTER TABLE `cms_attachment` DISABLE KEYS */;
INSERT INTO `cms_attachment` VALUES (279049063677952,NULL,'','20160829/9e175a24-41dd-4285-ad5c-cd51ca0b8223',NULL,NULL,NULL,'2016-08-29 06:11:43',NULL,279049062678528);
/*!40000 ALTER TABLE `cms_attachment` ENABLE KEYS */;
UNLOCK TABLES;

--
-- Table structure for table `cms_catalog`
--

DROP TABLE IF EXISTS `cms_catalog`;
/*!40101 SET @saved_cs_client     = @@character_set_client */;
/*!40101 SET character_set_client = utf8 */;
CREATE TABLE `cms_catalog` (
  `ID` bigint(20) NOT NULL,
  `NAME` varchar(50) DEFAULT NULL,
  `CODE` varchar(200) DEFAULT NULL,
  `LOGO` varchar(200) DEFAULT NULL,
  `TYPE` int(11) DEFAULT NULL,
  `TEMPLATE_INDEX` varchar(200) DEFAULT NULL,
  `TEMPLATE_LIST` varchar(200) DEFAULT NULL,
  `TEMPLATE_DETAIL` varchar(200) DEFAULT NULL,
  `KEYWORD` varchar(200) DEFAULT NULL,
  `DESCRIPTION` varchar(200) DEFAULT NULL,
  `PARENT_ID` bigint(20) DEFAULT NULL,
  `TENANT_ID` varchar(64) DEFAULT NULL,
  `SITE_ID` bigint(20) DEFAULT NULL,
  PRIMARY KEY (`ID`),
  KEY `FK_CMS_CATALOG_PARENT` (`PARENT_ID`),
  KEY `FK_CMS_CATALOG_SITE` (`SITE_ID`),
  CONSTRAINT `FK_CMS_CATALOG_PARENT` FOREIGN KEY (`PARENT_ID`) REFERENCES `cms_catalog` (`ID`),
  CONSTRAINT `FK_CMS_CATALOG_SITE` FOREIGN KEY (`SITE_ID`) REFERENCES `cms_site` (`ID`)
) ENGINE=InnoDB DEFAULT CHARSET=utf8;
/*!40101 SET character_set_client = @saved_cs_client */;

--
-- Dumping data for table `cms_catalog`
--

LOCK TABLES `cms_catalog` WRITE;
/*!40000 ALTER TABLE `cms_catalog` DISABLE KEYS */;
INSERT INTO `cms_catalog` VALUES (1,'最新动态','news',NULL,0,'/default/index.html','/default/list.html','/default/detail.html',NULL,NULL,NULL,'1',NULL),(270763739004928,'1','as','as',0,'sa','as','as','as','sa',NULL,'1',NULL),(279048761606144,'wer','ee','e',1,'ee','ee','ee','e','',NULL,'1',NULL);
/*!40000 ALTER TABLE `cms_catalog` ENABLE KEYS */;
UNLOCK TABLES;

--
-- Table structure for table `cms_click`
--

DROP TABLE IF EXISTS `cms_click`;
/*!40101 SET @saved_cs_client     = @@character_set_client */;
/*!40101 SET character_set_client = utf8 */;
CREATE TABLE `cms_click` (
  `ID` bigint(20) NOT NULL,
  `TYPE` varchar(50) DEFAULT NULL,
  `USER_ID` varchar(50) DEFAULT NULL,
  `CREATE_TIME` datetime DEFAULT NULL,
  `PRIORITY` int(11) DEFAULT NULL,
  `TENANT_ID` varchar(64) DEFAULT NULL,
  `ARTICLE_ID` bigint(20) DEFAULT NULL,
  PRIMARY KEY (`ID`),
  KEY `FK_CMS_CLICK_ARTICLE` (`ARTICLE_ID`),
  CONSTRAINT `FK_CMS_CLICK_ARTICLE` FOREIGN KEY (`ARTICLE_ID`) REFERENCES `cms_article` (`ID`)
) ENGINE=InnoDB DEFAULT CHARSET=utf8;
/*!40101 SET character_set_client = @saved_cs_client */;

--
-- Dumping data for table `cms_click`
--

LOCK TABLES `cms_click` WRITE;
/*!40000 ALTER TABLE `cms_click` DISABLE KEYS */;
/*!40000 ALTER TABLE `cms_click` ENABLE KEYS */;
UNLOCK TABLES;

--
-- Table structure for table `cms_comment`
--

DROP TABLE IF EXISTS `cms_comment`;
/*!40101 SET @saved_cs_client     = @@character_set_client */;
/*!40101 SET character_set_client = utf8 */;
CREATE TABLE `cms_comment` (
  `ID` bigint(20) NOT NULL AUTO_INCREMENT,
  `TITLE` varchar(200) DEFAULT NULL,
  `CONTENT` varchar(200) DEFAULT NULL,
  `STATUS` int(11) DEFAULT NULL,
  `CREATE_TIME` timestamp NOT NULL DEFAULT CURRENT_TIMESTAMP ON UPDATE CURRENT_TIMESTAMP,
  `USER_ID` varchar(200) DEFAULT NULL,
  `ARTICLE_ID` bigint(20) DEFAULT NULL,
  `TENANT_ID` varchar(64) DEFAULT NULL,
  `PARENT_ID` bigint(20) DEFAULT NULL,
  PRIMARY KEY (`ID`),
  KEY `FK_CMS_COMMENT_ARTICLE` (`ARTICLE_ID`),
  KEY `FK_CMS_COMMENT_PARENT` (`PARENT_ID`),
  CONSTRAINT `FK_CMS_COMMENT_ARTICLE` FOREIGN KEY (`ARTICLE_ID`) REFERENCES `cms_article` (`ID`),
  CONSTRAINT `FK_CMS_COMMENT_PARENT` FOREIGN KEY (`PARENT_ID`) REFERENCES `cms_comment` (`ID`)
) ENGINE=InnoDB DEFAULT CHARSET=utf8;
/*!40101 SET character_set_client = @saved_cs_client */;

--
-- Dumping data for table `cms_comment`
--

LOCK TABLES `cms_comment` WRITE;
/*!40000 ALTER TABLE `cms_comment` DISABLE KEYS */;
/*!40000 ALTER TABLE `cms_comment` ENABLE KEYS */;
UNLOCK TABLES;

--
-- Table structure for table `cms_content`
--

DROP TABLE IF EXISTS `cms_content`;
/*!40101 SET @saved_cs_client     = @@character_set_client */;
/*!40101 SET character_set_client = utf8 */;
CREATE TABLE `cms_content` (
  `ID` bigint(20) NOT NULL,
  `NAME` varchar(50) DEFAULT NULL,
  `CODE` varchar(200) DEFAULT NULL,
  `CONTENT` text,
  `TENANT_ID` varchar(64) DEFAULT NULL,
  PRIMARY KEY (`ID`)
) ENGINE=InnoDB DEFAULT CHARSET=utf8;
/*!40101 SET character_set_client = @saved_cs_client */;

--
-- Dumping data for table `cms_content`
--

LOCK TABLES `cms_content` WRITE;
/*!40000 ALTER TABLE `cms_content` DISABLE KEYS */;
/*!40000 ALTER TABLE `cms_content` ENABLE KEYS */;
UNLOCK TABLES;

--
-- Table structure for table `cms_favorite`
--

DROP TABLE IF EXISTS `cms_favorite`;
/*!40101 SET @saved_cs_client     = @@character_set_client */;
/*!40101 SET character_set_client = utf8 */;
CREATE TABLE `cms_favorite` (
  `ID` bigint(20) NOT NULL,
  `SUBJECT` varchar(200) DEFAULT NULL,
  `CREATE_TIME` timestamp NOT NULL DEFAULT CURRENT_TIMESTAMP ON UPDATE CURRENT_TIMESTAMP,
  `USER_ID` varchar(200) DEFAULT NULL,
  `ARTICLE_ID` bigint(20) DEFAULT NULL,
  `COMMENT_ID` bigint(20) DEFAULT NULL,
  PRIMARY KEY (`ID`),
  KEY `FK_CMS_FAVORITE_ARTICLE` (`ARTICLE_ID`),
  KEY `FK_CMS_FAVORITE_COMMENT` (`COMMENT_ID`),
  CONSTRAINT `FK_CMS_FAVORITE_ARTICLE` FOREIGN KEY (`ARTICLE_ID`) REFERENCES `cms_article` (`ID`),
  CONSTRAINT `FK_CMS_FAVORITE_COMMENT` FOREIGN KEY (`COMMENT_ID`) REFERENCES `cms_comment` (`ID`)
) ENGINE=InnoDB DEFAULT CHARSET=utf8;
/*!40101 SET character_set_client = @saved_cs_client */;

--
-- Dumping data for table `cms_favorite`
--

LOCK TABLES `cms_favorite` WRITE;
/*!40000 ALTER TABLE `cms_favorite` DISABLE KEYS */;
/*!40000 ALTER TABLE `cms_favorite` ENABLE KEYS */;
UNLOCK TABLES;

--
-- Table structure for table `cms_site`
--

DROP TABLE IF EXISTS `cms_site`;
/*!40101 SET @saved_cs_client     = @@character_set_client */;
/*!40101 SET character_set_client = utf8 */;
CREATE TABLE `cms_site` (
  `ID` bigint(20) NOT NULL,
  `TYPE` varchar(50) DEFAULT NULL,
  `NAME` varchar(50) DEFAULT NULL,
  `CODE` varchar(200) DEFAULT NULL,
  `PRIORITY` int(11) DEFAULT NULL,
  `TENANT_ID` varchar(64) DEFAULT NULL,
  `PARENT_ID` bigint(20) DEFAULT NULL,
  PRIMARY KEY (`ID`),
  KEY `FK_CMS_ARTICLE_PARENT` (`PARENT_ID`),
  CONSTRAINT `FK_CMS_ARTICLE_PARENT` FOREIGN KEY (`PARENT_ID`) REFERENCES `cms_article` (`ID`)
) ENGINE=InnoDB DEFAULT CHARSET=utf8;
/*!40101 SET character_set_client = @saved_cs_client */;

--
-- Dumping data for table `cms_site`
--

LOCK TABLES `cms_site` WRITE;
/*!40000 ALTER TABLE `cms_site` DISABLE KEYS */;
/*!40000 ALTER TABLE `cms_site` ENABLE KEYS */;
UNLOCK TABLES;

--
-- Table structure for table `cms_tag`
--

DROP TABLE IF EXISTS `cms_tag`;
/*!40101 SET @saved_cs_client     = @@character_set_client */;
/*!40101 SET character_set_client = utf8 */;
CREATE TABLE `cms_tag` (
  `ID` bigint(20) NOT NULL,
  `NAME` varchar(50) DEFAULT NULL,
  `COUNT_ARTICLE` int(11) DEFAULT NULL,
  `TENANT_ID` varchar(64) DEFAULT NULL,
  PRIMARY KEY (`ID`)
) ENGINE=InnoDB DEFAULT CHARSET=utf8;
/*!40101 SET character_set_client = @saved_cs_client */;

--
-- Dumping data for table `cms_tag`
--

LOCK TABLES `cms_tag` WRITE;
/*!40000 ALTER TABLE `cms_tag` DISABLE KEYS */;
/*!40000 ALTER TABLE `cms_tag` ENABLE KEYS */;
UNLOCK TABLES;

--
-- Table structure for table `cms_tag_article`
--

DROP TABLE IF EXISTS `cms_tag_article`;
/*!40101 SET @saved_cs_client     = @@character_set_client */;
/*!40101 SET character_set_client = utf8 */;
CREATE TABLE `cms_tag_article` (
  `ID` bigint(20) NOT NULL,
  `TYPE` varchar(50) DEFAULT NULL,
  `TAG_ID` bigint(20) DEFAULT NULL,
  `ARTICLE_ID` bigint(20) DEFAULT NULL,
  `TENANT_ID` varchar(64) DEFAULT NULL,
  PRIMARY KEY (`ID`),
  KEY `FK_CMS_TAG_ARTICLE_TAG` (`TAG_ID`),
  KEY `FK_CMS_TAG_ARTICLE_ARTICLE` (`ARTICLE_ID`),
  CONSTRAINT `FK_CMS_TAG_ARTICLE_ARTICLE` FOREIGN KEY (`ARTICLE_ID`) REFERENCES `cms_article` (`ID`),
  CONSTRAINT `FK_CMS_TAG_ARTICLE_TAG` FOREIGN KEY (`TAG_ID`) REFERENCES `cms_tag` (`ID`)
) ENGINE=InnoDB DEFAULT CHARSET=utf8;
/*!40101 SET character_set_client = @saved_cs_client */;

--
-- Dumping data for table `cms_tag_article`
--

LOCK TABLES `cms_tag_article` WRITE;
/*!40000 ALTER TABLE `cms_tag_article` DISABLE KEYS */;
/*!40000 ALTER TABLE `cms_tag_article` ENABLE KEYS */;
UNLOCK TABLES;

--
-- Table structure for table `cms_version`
--

DROP TABLE IF EXISTS `cms_version`;
/*!40101 SET @saved_cs_client     = @@character_set_client */;
/*!40101 SET character_set_client = utf8 */;
CREATE TABLE `cms_version` (
  `ID` bigint(20) NOT NULL,
  `CODE` varchar(64) DEFAULT NULL,
  `NAME` varchar(50) DEFAULT NULL,
  `USER_ID` varchar(64) DEFAULT NULL,
  `CREATE_TIME` datetime DEFAULT NULL,
  `PRIORITY` int(11) DEFAULT NULL,
  `TENANT_ID` varchar(64) DEFAULT NULL,
  `CONTENT_ID` bigint(20) DEFAULT NULL,
  PRIMARY KEY (`ID`),
  KEY `FK_CMS_VERSION_CONTENT` (`CONTENT_ID`),
  CONSTRAINT `FK_CMS_VERSION_CONTENT` FOREIGN KEY (`CONTENT_ID`) REFERENCES `cms_content` (`ID`)
) ENGINE=InnoDB DEFAULT CHARSET=utf8;
/*!40101 SET character_set_client = @saved_cs_client */;

--
-- Dumping data for table `cms_version`
--

LOCK TABLES `cms_version` WRITE;
/*!40000 ALTER TABLE `cms_version` DISABLE KEYS */;
/*!40000 ALTER TABLE `cms_version` ENABLE KEYS */;
UNLOCK TABLES;

--
-- Table structure for table `contract_info`
--

DROP TABLE IF EXISTS `contract_info`;
/*!40101 SET @saved_cs_client     = @@character_set_client */;
/*!40101 SET character_set_client = utf8 */;
CREATE TABLE `contract_info` (
  `ID` bigint(20) NOT NULL,
  `NAME` varchar(200) DEFAULT NULL,
  `CREATE_TIME` datetime DEFAULT NULL,
  `STATUS` varchar(50) DEFAULT NULL,
  `COMPANY` varchar(50) DEFAULT NULL,
  `CODE` varchar(50) DEFAULT NULL,
  `TYPE` varchar(50) DEFAULT NULL,
  `START_TIME` datetime DEFAULT NULL,
  `END_TIME` datetime DEFAULT NULL,
  `TENANT_ID` varchar(64) DEFAULT NULL,
  PRIMARY KEY (`ID`)
) ENGINE=InnoDB DEFAULT CHARSET=utf8;
/*!40101 SET character_set_client = @saved_cs_client */;

--
-- Dumping data for table `contract_info`
--

LOCK TABLES `contract_info` WRITE;
/*!40000 ALTER TABLE `contract_info` DISABLE KEYS */;
/*!40000 ALTER TABLE `contract_info` ENABLE KEYS */;
UNLOCK TABLES;

--
-- Table structure for table `customer_info`
--

DROP TABLE IF EXISTS `customer_info`;
/*!40101 SET @saved_cs_client     = @@character_set_client */;
/*!40101 SET character_set_client = utf8 */;
CREATE TABLE `customer_info` (
  `ID` bigint(20) NOT NULL,
  `NAME` varchar(200) DEFAULT NULL,
  `CREATE_TIME` datetime DEFAULT NULL,
  `STATUS` varchar(50) DEFAULT NULL,
  `TYPE` varchar(50) DEFAULT NULL,
  `ADDRESS` varchar(200) DEFAULT NULL,
  `CONTACT` varchar(100) DEFAULT NULL,
  `COMPANY` varchar(100) DEFAULT NULL,
  `DESCRIPTION` text,
  `USER_ID` varchar(64) DEFAULT NULL,
  `TENANT_ID` varchar(64) DEFAULT NULL,
  PRIMARY KEY (`ID`)
) ENGINE=InnoDB DEFAULT CHARSET=utf8;
/*!40101 SET character_set_client = @saved_cs_client */;

--
-- Dumping data for table `customer_info`
--

LOCK TABLES `customer_info` WRITE;
/*!40000 ALTER TABLE `customer_info` DISABLE KEYS */;
/*!40000 ALTER TABLE `customer_info` ENABLE KEYS */;
UNLOCK TABLES;

--
-- Table structure for table `delegate_history`
--

DROP TABLE IF EXISTS `delegate_history`;
/*!40101 SET @saved_cs_client     = @@character_set_client */;
/*!40101 SET character_set_client = utf8 */;
CREATE TABLE `delegate_history` (
  `ID` bigint(20) NOT NULL,
  `ASSIGNEE` varchar(200) DEFAULT NULL,
  `ATTORNEY` varchar(200) DEFAULT NULL,
  `DELEGATE_TIME` datetime DEFAULT NULL,
  `TASK_ID` varchar(100) DEFAULT NULL,
  `PROCESS_DEFINITION_ID` varchar(100) DEFAULT NULL,
  `TASK_DEFINITION_KEY` varchar(100) DEFAULT NULL,
  `STATUS` int(11) DEFAULT NULL,
  `TENANT_ID` varchar(64) DEFAULT NULL,
  PRIMARY KEY (`ID`)
) ENGINE=InnoDB DEFAULT CHARSET=utf8;
/*!40101 SET character_set_client = @saved_cs_client */;

--
-- Dumping data for table `delegate_history`
--

LOCK TABLES `delegate_history` WRITE;
/*!40000 ALTER TABLE `delegate_history` DISABLE KEYS */;
/*!40000 ALTER TABLE `delegate_history` ENABLE KEYS */;
UNLOCK TABLES;

--
-- Table structure for table `delegate_info`
--

DROP TABLE IF EXISTS `delegate_info`;
/*!40101 SET @saved_cs_client     = @@character_set_client */;
/*!40101 SET character_set_client = utf8 */;
CREATE TABLE `delegate_info` (
  `ID` bigint(20) NOT NULL,
  `ASSIGNEE` varchar(200) DEFAULT NULL,
  `ATTORNEY` varchar(200) DEFAULT NULL,
  `START_TIME` datetime DEFAULT NULL,
  `END_TIME` datetime DEFAULT NULL,
  `PROCESS_DEFINITION_ID` varchar(100) DEFAULT NULL,
  `TASK_DEFINITION_KEY` varchar(100) DEFAULT NULL,
  `STATUS` int(11) DEFAULT NULL,
  `TENANT_ID` varchar(64) DEFAULT NULL,
  PRIMARY KEY (`ID`)
) ENGINE=InnoDB DEFAULT CHARSET=utf8;
/*!40101 SET character_set_client = @saved_cs_client */;

--
-- Dumping data for table `delegate_info`
--

LOCK TABLES `delegate_info` WRITE;
/*!40000 ALTER TABLE `delegate_info` DISABLE KEYS */;
/*!40000 ALTER TABLE `delegate_info` ENABLE KEYS */;
UNLOCK TABLES;

--
-- Table structure for table `dict_data`
--

DROP TABLE IF EXISTS `dict_data`;
/*!40101 SET @saved_cs_client     = @@character_set_client */;
/*!40101 SET character_set_client = utf8 */;
CREATE TABLE `dict_data` (
  `ID` bigint(20) NOT NULL,
  `NAME` varchar(200) DEFAULT NULL,
  `VALUE` varchar(200) DEFAULT NULL,
  `INFO_ID` bigint(20) DEFAULT NULL,
  `SCHEMA_ID` bigint(20) DEFAULT NULL,
  `TENANT_ID` varchar(64) DEFAULT NULL,
  PRIMARY KEY (`ID`),
  KEY `FK_DICT_DATA_INFO` (`INFO_ID`),
  KEY `FK_DICT_DATA_SCHEMA` (`SCHEMA_ID`),
  CONSTRAINT `FK_DICT_DATA_INFO` FOREIGN KEY (`INFO_ID`) REFERENCES `dict_info` (`ID`),
  CONSTRAINT `FK_DICT_DATA_SCHEMA` FOREIGN KEY (`SCHEMA_ID`) REFERENCES `dict_schema` (`ID`)
) ENGINE=InnoDB DEFAULT CHARSET=utf8;
/*!40101 SET character_set_client = @saved_cs_client */;

--
-- Dumping data for table `dict_data`
--

LOCK TABLES `dict_data` WRITE;
/*!40000 ALTER TABLE `dict_data` DISABLE KEYS */;
INSERT INTO `dict_data` VALUES (1,'城市','北京',201,1,'1'),(2,'人员','临远',201,2,'1'),(3,'电话','13800138000',201,3,'1'),(4,'地址','北京六环外',201,4,'1'),(11,'城市','唐山',202,1,'1'),(12,'人员','临远',202,2,'1'),(13,'电话','13800138000',202,3,'1'),(14,'地址','路北区凤凰山',202,4,'1');
/*!40000 ALTER TABLE `dict_data` ENABLE KEYS */;
UNLOCK TABLES;

--
-- Table structure for table `dict_info`
--

DROP TABLE IF EXISTS `dict_info`;
/*!40101 SET @saved_cs_client     = @@character_set_client */;
/*!40101 SET character_set_client = utf8 */;
CREATE TABLE `dict_info` (
  `ID` bigint(20) NOT NULL,
  `NAME` varchar(200) DEFAULT NULL,
  `VALUE` varchar(200) DEFAULT NULL,
  `PRIORITY` int(11) DEFAULT NULL,
  `TYPE_ID` bigint(20) DEFAULT NULL,
  `TENANT_ID` varchar(64) DEFAULT NULL,
  PRIMARY KEY (`ID`),
  KEY `FK_DICT_INFO_TYPE` (`TYPE_ID`),
  CONSTRAINT `FK_DICT_INFO_TYPE` FOREIGN KEY (`TYPE_ID`) REFERENCES `dict_type` (`ID`)
) ENGINE=InnoDB DEFAULT CHARSET=utf8;
/*!40101 SET character_set_client = @saved_cs_client */;

--
-- Dumping data for table `dict_info`
--

LOCK TABLES `dict_info` WRITE;
/*!40000 ALTER TABLE `dict_info` DISABLE KEYS */;
INSERT INTO `dict_info` VALUES (1,'北京','北京',1,1,'1'),(2,'天津','天津',2,1,'1'),(3,'河北','河北',3,1,'1'),(4,'山西','山西',4,1,'1'),(5,'内蒙古','内蒙古',5,1,'1'),(6,'辽宁','辽宁',6,1,'1'),(7,'吉林','吉林',7,1,'1'),(8,'黑龙江','黑龙江',8,1,'1'),(9,'上海','上海',9,1,'1'),(10,'江苏','江苏',10,1,'1'),(11,'浙江','浙江',11,1,'1'),(12,'安徽','安徽',12,1,'1'),(13,'福建','福建',13,1,'1'),(14,'江西','江西',14,1,'1'),(15,'山东','山东',15,1,'1'),(16,'河南','河南',16,1,'1'),(17,'湖北','湖北',17,1,'1'),(18,'湖南','湖南',18,1,'1'),(19,'广东','广东',19,1,'1'),(20,'广西','广西',20,1,'1'),(21,'海南','海南',21,1,'1'),(22,'重庆','重庆',22,1,'1'),(23,'四川','四川',23,1,'1'),(24,'贵州','贵州',24,1,'1'),(25,'云南','云南',25,1,'1'),(26,'西藏','西藏',26,1,'1'),(27,'陕西','陕西',27,1,'1'),(28,'甘肃','甘肃',28,1,'1'),(29,'青海','青海',29,1,'1'),(30,'宁夏','宁夏',30,1,'1'),(31,'新疆','新疆',31,1,'1'),(32,'台湾','台湾',32,1,'1'),(33,'香港','香港',33,1,'1'),(34,'澳门','澳门',34,1,'1'),(101,'ACHANG','阿昌族',1,2,'1'),(102,'BAI','白族',1,2,'1'),(103,'BLANG','布朗族',1,2,'1'),(104,'BONAN','保安族',1,2,'1'),(105,'BOUYEI','布依族',1,2,'1'),(106,'CHOSEN','朝鲜族',1,2,'1'),(107,'DAI','傣族',1,2,'1'),(108,'DAUR','达斡尔族',1,2,'1'),(109,'DEANG','德昂族',1,2,'1'),(110,'DONG','侗族',1,2,'1'),(111,'DONGXIAN','东乡族',1,2,'1'),(112,'DRUNG','独龙族',1,2,'1'),(113,'EWENKI','鄂温克族',1,2,'1'),(114,'GAOSHAN','高山族',1,2,'1'),(115,'GELAO','仡佬族',1,2,'1'),(116,'HAN','汉族',1,2,'1'),(117,'HANI','哈尼族',1,2,'1'),(118,'HEZHEN','赫哲族',1,2,'1'),(119,'HUI','回族',1,2,'1'),(120,'JING','京族',1,2,'1'),(121,'JINGPO','景颇族',1,2,'1'),(122,'JINO','基诺族',1,2,'1'),(123,'KAZAK','哈萨克族',1,2,'1'),(124,'KIRGIZ','柯尔克孜族',1,2,'1'),(125,'LAHU','拉祜族',1,2,'1'),(126,'LHOBA','珞巴族',1,2,'1'),(127,'LI','黎族',1,2,'1'),(128,'LISU','傈僳族',1,2,'1'),(129,'MAN','满族',1,2,'1'),(130,'MAONAN','毛南族',1,2,'1'),(131,'MIAO','苗族',1,2,'1'),(132,'MOINBA','门巴族',1,2,'1'),(133,'MONGOL','蒙古族',1,2,'1'),(134,'MULAO','仫佬族',1,2,'1'),(135,'NAXI','纳西族',1,2,'1'),(136,'NU','怒族',1,2,'1'),(137,'OROQEN','鄂伦春族',1,2,'1'),(138,'OZBEK','乌孜别克族',1,2,'1'),(139,'PUMI','普米族',1,2,'1'),(140,'QIANG','羌族',1,2,'1'),(141,'RUSSIAN','俄罗斯族',1,2,'1'),(142,'SALAR','撒拉族',1,2,'1'),(143,'SHE','畲族',1,2,'1'),(144,'SHUI','水族',1,2,'1'),(145,'TAJIK','塔吉克族',1,2,'1'),(146,'TATAR','塔塔尔族',1,2,'1'),(147,'TU','土族',1,2,'1'),(148,'TUJIA','土家族',1,2,'1'),(149,'UYGUR','维吾尔族',1,2,'1'),(150,'VA','佤族',1,2,'1'),(151,'XIBE','锡伯族',1,2,'1'),(152,'YAO','瑶族',1,2,'1'),(153,'YI','彝族',1,2,'1'),(154,'YUGUR','裕固族',1,2,'1'),(155,'ZANG','藏族',1,2,'1'),(156,'ZHUANG','壮族',1,2,'1'),(201,'BEIJING','北京',1,3,'1'),(202,'TANGSHAN','唐山',1,3,'1');
/*!40000 ALTER TABLE `dict_info` ENABLE KEYS */;
UNLOCK TABLES;

--
-- Table structure for table `dict_schema`
--

DROP TABLE IF EXISTS `dict_schema`;
/*!40101 SET @saved_cs_client     = @@character_set_client */;
/*!40101 SET character_set_client = utf8 */;
CREATE TABLE `dict_schema` (
  `ID` bigint(20) NOT NULL,
  `NAME` varchar(200) DEFAULT NULL,
  `TYPE` varchar(50) DEFAULT NULL,
  `PRIORITY` int(11) DEFAULT NULL,
  `DESCN` varchar(200) DEFAULT NULL,
  `TYPE_ID` bigint(20) DEFAULT NULL,
  `TENANT_ID` varchar(64) DEFAULT NULL,
  PRIMARY KEY (`ID`),
  KEY `FK_DICT_SCHEMA_TYPE` (`TYPE_ID`),
  CONSTRAINT `FK_DICT_SCHEMA_TYPE` FOREIGN KEY (`TYPE_ID`) REFERENCES `dict_type` (`ID`)
) ENGINE=InnoDB DEFAULT CHARSET=utf8;
/*!40101 SET character_set_client = @saved_cs_client */;

--
-- Dumping data for table `dict_schema`
--

LOCK TABLES `dict_schema` WRITE;
/*!40000 ALTER TABLE `dict_schema` DISABLE KEYS */;
INSERT INTO `dict_schema` VALUES (1,'城市',NULL,1,NULL,3,'1'),(2,'人员',NULL,2,NULL,3,'1'),(3,'电话',NULL,3,NULL,3,'1'),(4,'地址',NULL,4,NULL,3,'1');
/*!40000 ALTER TABLE `dict_schema` ENABLE KEYS */;
UNLOCK TABLES;

--
-- Table structure for table `dict_type`
--

DROP TABLE IF EXISTS `dict_type`;
/*!40101 SET @saved_cs_client     = @@character_set_client */;
/*!40101 SET character_set_client = utf8 */;
CREATE TABLE `dict_type` (
  `ID` bigint(20) NOT NULL,
  `NAME` varchar(200) DEFAULT NULL,
  `TYPE` varchar(200) DEFAULT NULL,
  `DESCN` varchar(200) DEFAULT NULL,
  `TENANT_ID` varchar(64) DEFAULT NULL,
  PRIMARY KEY (`ID`)
) ENGINE=InnoDB DEFAULT CHARSET=utf8;
/*!40101 SET character_set_client = @saved_cs_client */;

--
-- Dumping data for table `dict_type`
--

LOCK TABLES `dict_type` WRITE;
/*!40000 ALTER TABLE `dict_type` DISABLE KEYS */;
INSERT INTO `dict_type` VALUES (1,'省直辖市','string',NULL,'1'),(2,'民族','string',NULL,'1'),(3,'联系人','multiple',NULL,'1');
/*!40000 ALTER TABLE `dict_type` ENABLE KEYS */;
UNLOCK TABLES;

--
-- Table structure for table `disk_acl`
--

DROP TABLE IF EXISTS `disk_acl`;
/*!40101 SET @saved_cs_client     = @@character_set_client */;
/*!40101 SET character_set_client = utf8 */;
CREATE TABLE `disk_acl` (
  `ID` bigint(20) NOT NULL,
  `TYPE` varchar(50) DEFAULT NULL,
  `REF` varchar(64) DEFAULT NULL,
  `SHARE_ID` bigint(20) DEFAULT NULL,
  PRIMARY KEY (`ID`),
  KEY `FK_DISK_ACL_SHARE` (`SHARE_ID`),
  CONSTRAINT `FK_DISK_ACL_SHARE` FOREIGN KEY (`SHARE_ID`) REFERENCES `disk_share` (`ID`)
) ENGINE=InnoDB DEFAULT CHARSET=utf8;
/*!40101 SET character_set_client = @saved_cs_client */;

--
-- Dumping data for table `disk_acl`
--

LOCK TABLES `disk_acl` WRITE;
/*!40000 ALTER TABLE `disk_acl` DISABLE KEYS */;
/*!40000 ALTER TABLE `disk_acl` ENABLE KEYS */;
UNLOCK TABLES;

--
-- Table structure for table `disk_info`
--

DROP TABLE IF EXISTS `disk_info`;
/*!40101 SET @saved_cs_client     = @@character_set_client */;
/*!40101 SET character_set_client = utf8 */;
CREATE TABLE `disk_info` (
  `ID` bigint(20) NOT NULL,
  `NAME` varchar(200) DEFAULT NULL,
  `DESCRIPTION` varchar(255) DEFAULT NULL,
  `TYPE` varchar(50) DEFAULT NULL,
  `FILE_SIZE` bigint(20) DEFAULT NULL,
  `CREATOR` varchar(64) DEFAULT NULL,
  `CREATE_TIME` datetime DEFAULT NULL,
  `REF` varchar(200) DEFAULT NULL,
  `PREVIEW_STATUS` varchar(50) DEFAULT NULL,
  `PREVIEW_REF` varchar(200) DEFAULT NULL,
  `PARENT_ID` bigint(20) DEFAULT NULL,
  `PARENT_PATH` varchar(200) DEFAULT NULL,
  `DIR_TYPE` int(11) DEFAULT NULL,
  `PRIORITY` int(11) DEFAULT NULL,
  `LAST_MODIFIER` varchar(64) DEFAULT NULL,
  `LAST_MODIFIED_TIME` datetime DEFAULT NULL,
  `STATUS` varchar(50) DEFAULT NULL,
  `EXPIRE_TIME` datetime DEFAULT NULL,
  `CHECKOUT_STATUS` varchar(50) DEFAULT NULL,
  `FILE_VERSION` varchar(50) DEFAULT NULL,
  `SECURITY_LEVEL` varchar(50) DEFAULT NULL,
  PRIMARY KEY (`ID`),
  KEY `FK_DISK_INFO_PARENT` (`PARENT_ID`),
  CONSTRAINT `FK_DISK_INFO_PARENT` FOREIGN KEY (`PARENT_ID`) REFERENCES `disk_info` (`ID`)
) ENGINE=InnoDB DEFAULT CHARSET=utf8;
/*!40101 SET character_set_client = @saved_cs_client */;

--
-- Dumping data for table `disk_info`
--

LOCK TABLES `disk_info` WRITE;
/*!40000 ALTER TABLE `disk_info` DISABLE KEYS */;
INSERT INTO `disk_info` VALUES (279044636983296,'lemon.sql',NULL,'sql',760087,'1','2016-08-29 14:07:14','20160829/5b6f766e-a377-4f41-9f91-95e9bc7f67eb.sql',NULL,NULL,NULL,'',1,NULL,'1','2016-08-29 14:07:14','active',NULL,NULL,NULL,NULL);
/*!40000 ALTER TABLE `disk_info` ENABLE KEYS */;
UNLOCK TABLES;

--
-- Table structure for table `disk_share`
--

DROP TABLE IF EXISTS `disk_share`;
/*!40101 SET @saved_cs_client     = @@character_set_client */;
/*!40101 SET character_set_client = utf8 */;
CREATE TABLE `disk_share` (
  `ID` bigint(20) NOT NULL,
  `SHARE_TYPE` varchar(50) DEFAULT NULL,
  `SHARE_TIME` datetime DEFAULT NULL,
  `INFO_ID` bigint(20) DEFAULT NULL,
  `NAME` varchar(200) DEFAULT NULL,
  `CREATOR` varchar(64) DEFAULT NULL,
  `TYPE` varchar(64) DEFAULT NULL,
  `DIR_TYPE` int(11) DEFAULT NULL,
  `COUNT_VIEW` int(11) DEFAULT NULL,
  `COUNT_SAVE` int(11) DEFAULT NULL,
  `COUNT_DOWNLOAD` int(11) DEFAULT NULL,
  PRIMARY KEY (`ID`),
  KEY `FK_DISK_SHARE_INFO` (`INFO_ID`),
  CONSTRAINT `FK_DISK_SHARE_INFO` FOREIGN KEY (`INFO_ID`) REFERENCES `disk_info` (`ID`)
) ENGINE=InnoDB DEFAULT CHARSET=utf8;
/*!40101 SET character_set_client = @saved_cs_client */;

--
-- Dumping data for table `disk_share`
--

LOCK TABLES `disk_share` WRITE;
/*!40000 ALTER TABLE `disk_share` DISABLE KEYS */;
INSERT INTO `disk_share` VALUES (279044819025920,'public','2016-08-29 14:07:25',279044636983296,'lemon.sql','1','sql',1,0,0,0);
/*!40000 ALTER TABLE `disk_share` ENABLE KEYS */;
UNLOCK TABLES;

--
-- Table structure for table `door_info`
--

DROP TABLE IF EXISTS `door_info`;
/*!40101 SET @saved_cs_client     = @@character_set_client */;
/*!40101 SET character_set_client = utf8 */;
CREATE TABLE `door_info` (
  `ID` bigint(20) NOT NULL,
  `NAME` varchar(200) DEFAULT NULL,
  `TYPE` varchar(50) DEFAULT NULL,
  `BUILDING` varchar(100) DEFAULT NULL,
  `FLOOR` varchar(100) DEFAULT NULL,
  `PRIORITY` int(11) DEFAULT NULL,
  `DESCRIPTION` varchar(200) DEFAULT NULL,
  PRIMARY KEY (`ID`)
) ENGINE=InnoDB DEFAULT CHARSET=utf8;
/*!40101 SET character_set_client = @saved_cs_client */;

--
-- Dumping data for table `door_info`
--

LOCK TABLES `door_info` WRITE;
/*!40000 ALTER TABLE `door_info` DISABLE KEYS */;
/*!40000 ALTER TABLE `door_info` ENABLE KEYS */;
UNLOCK TABLES;

--
-- Table structure for table `employee_info`
--

DROP TABLE IF EXISTS `employee_info`;
/*!40101 SET @saved_cs_client     = @@character_set_client */;
/*!40101 SET character_set_client = utf8 */;
CREATE TABLE `employee_info` (
  `ID` bigint(20) NOT NULL,
  `NAME` varchar(200) DEFAULT NULL,
  `CREATE_TIME` datetime DEFAULT NULL,
  `STATUS` varchar(50) DEFAULT NULL,
  `DEPARTMENT` varchar(50) DEFAULT NULL,
  `COMPANY` varchar(50) DEFAULT NULL,
  `POSITION` varchar(50) DEFAULT NULL,
  `TENANT_ID` varchar(64) DEFAULT NULL,
  PRIMARY KEY (`ID`)
) ENGINE=InnoDB DEFAULT CHARSET=utf8;
/*!40101 SET character_set_client = @saved_cs_client */;

--
-- Dumping data for table `employee_info`
--

LOCK TABLES `employee_info` WRITE;
/*!40000 ALTER TABLE `employee_info` DISABLE KEYS */;
/*!40000 ALTER TABLE `employee_info` ENABLE KEYS */;
UNLOCK TABLES;

--
-- Table structure for table `expense_info`
--

DROP TABLE IF EXISTS `expense_info`;
/*!40101 SET @saved_cs_client     = @@character_set_client */;
/*!40101 SET character_set_client = utf8 */;
CREATE TABLE `expense_info` (
  `ID` bigint(20) NOT NULL,
  `NAME` varchar(200) DEFAULT NULL,
  `CREATE_TIME` datetime DEFAULT NULL,
  `STATUS` varchar(50) DEFAULT NULL,
  `TYPE` varchar(50) DEFAULT NULL,
  `MONEY` double DEFAULT NULL,
  `START_TIME` datetime DEFAULT NULL,
  `END_TIME` datetime DEFAULT NULL,
  `HEAD_COUNT` int(11) DEFAULT NULL,
  `PERSON` varchar(200) DEFAULT NULL,
  `TRAFFIC` varchar(100) DEFAULT NULL,
  `COUNTRY` varchar(100) DEFAULT NULL,
  `ADDRESS` varchar(100) DEFAULT NULL,
  `THING` varchar(100) DEFAULT NULL,
  `USER_ID` varchar(64) DEFAULT NULL,
  `TENANT_ID` varchar(64) DEFAULT NULL,
  PRIMARY KEY (`ID`)
) ENGINE=InnoDB DEFAULT CHARSET=utf8;
/*!40101 SET character_set_client = @saved_cs_client */;

--
-- Dumping data for table `expense_info`
--

LOCK TABLES `expense_info` WRITE;
/*!40000 ALTER TABLE `expense_info` DISABLE KEYS */;
/*!40000 ALTER TABLE `expense_info` ENABLE KEYS */;
UNLOCK TABLES;

--
-- Table structure for table `form_schema`
--

DROP TABLE IF EXISTS `form_schema`;
/*!40101 SET @saved_cs_client     = @@character_set_client */;
/*!40101 SET character_set_client = utf8 */;
CREATE TABLE `form_schema` (
  `ID` bigint(20) NOT NULL,
  `CODE` varchar(50) DEFAULT NULL,
  `NAME` varchar(50) DEFAULT NULL,
  `TYPE` varchar(200) DEFAULT NULL,
  `READ_ONLY` int(11) DEFAULT NULL,
  `NOT_NULL` int(11) DEFAULT NULL,
  `UNIQUE_CONSTRAINT` int(11) DEFAULT NULL,
  `VALIDATOR` varchar(200) DEFAULT NULL,
  `CONVERSION_PATTERN` varchar(200) DEFAULT NULL,
  `MULTIPLE` int(11) DEFAULT NULL,
  `ENUMERATION_KEYS` varchar(200) DEFAULT NULL,
  `ENUMERATION_VALUES` varchar(200) DEFAULT NULL,
  `FORM_TEMPLATE_ID` bigint(20) DEFAULT NULL,
  `TENANT_ID` varchar(200) DEFAULT NULL,
  PRIMARY KEY (`ID`),
  KEY `FK_FORM_SCHEMA_TEMPLATE` (`FORM_TEMPLATE_ID`),
  CONSTRAINT `FK_FORM_SCHEMA_TEMPLATE` FOREIGN KEY (`FORM_TEMPLATE_ID`) REFERENCES `form_template` (`ID`)
) ENGINE=InnoDB DEFAULT CHARSET=utf8;
/*!40101 SET character_set_client = @saved_cs_client */;

--
-- Dumping data for table `form_schema`
--

LOCK TABLES `form_schema` WRITE;
/*!40000 ALTER TABLE `form_schema` DISABLE KEYS */;
/*!40000 ALTER TABLE `form_schema` ENABLE KEYS */;
UNLOCK TABLES;

--
-- Table structure for table `form_template`
--

DROP TABLE IF EXISTS `form_template`;
/*!40101 SET @saved_cs_client     = @@character_set_client */;
/*!40101 SET character_set_client = utf8 */;
CREATE TABLE `form_template` (
  `ID` bigint(20) NOT NULL,
  `TYPE` int(11) DEFAULT NULL,
  `NAME` varchar(200) DEFAULT NULL,
  `CONTENT` text,
  `code` varchar(50) DEFAULT NULL,
  `TENANT_ID` varchar(64) DEFAULT NULL,
  `USER_ID` varchar(64) DEFAULT NULL,
  `CREATE_TIME` datetime DEFAULT NULL,
  PRIMARY KEY (`ID`)
) ENGINE=InnoDB DEFAULT CHARSET=utf8;
/*!40101 SET character_set_client = @saved_cs_client */;

--
-- Dumping data for table `form_template`
--

LOCK TABLES `form_template` WRITE;
/*!40000 ALTER TABLE `form_template` DISABLE KEYS */;
INSERT INTO `form_template` VALUES (246664254881792,0,'申请单','{\r\n	\"code\":\"vacation-request\",\r\n	\"name\":\"申请单\",\r\n	\"sections\":[{\r\n		\"type\":\"text\",\r\n		\"tag\":\"h1\",\r\n		\"text\":\"申请单\"\r\n	},{\r\n		\"type\":\"grid\",\r\n		\"row\":\"4\",\r\n		\"col\":\"4\",\r\n		\"merge\":[{\r\n			\"startId\":\"0-1\",\r\n			\"minRow\":0,\r\n			\"minCol\":1,\r\n			\"maxRow\":0,\r\n			\"maxCol\":3\r\n		},{\r\n			\"startId\":\"1-1\",\r\n			\"minRow\":1,\r\n			\"minCol\":1,\r\n			\"maxRow\":1,\r\n			\"maxCol\":3\r\n		},{\r\n			\"startId\":\"2-2\",\r\n			\"minRow\":2,\r\n			\"minCol\":2,\r\n			\"maxRow\":2,\r\n			\"maxCol\":3\r\n		},{\r\n			\"startId\":\"3-2\",\r\n			\"minRow\":3,\r\n			\"minCol\":2,\r\n			\"maxRow\":3,\r\n			\"maxCol\":3\r\n		}],\r\n		\"fields\":[{\r\n			\"type\":\"label\",\r\n			\"row\":0,\r\n			\"col\":0,\r\n			\"text\":\"请假原因\"\r\n		},{\r\n			\"type\":\"textfield\",\r\n			\"row\":0,\r\n			\"col\":1,\r\n			\"name\":\"reason\",\r\n			\"required\":true,\r\n			\"readOnly\":false\r\n		},{\r\n			\"type\":\"label\",\r\n			\"row\":1,\r\n			\"col\":0,\r\n			\"text\":\"请假类型\"\r\n		},{\r\n			\"type\":\"radio\",\r\n			\"row\":1,\r\n			\"col\":1,\r\n			\"name\":\"type\",\r\n			\"items\":\"倒休,事假,病假,婚假\",\r\n			\"required\":true,\r\n			\"readOnly\":false\r\n		},{\r\n			\"type\":\"label\",\r\n			\"row\":2,\r\n			\"col\":0,\r\n			\"text\":\"开始时间\"\r\n		},{\r\n			\"type\":\"datepicker\",\r\n			\"row\":2,\r\n			\"col\":1,\r\n			\"name\":\"startDate\",\r\n			\"required\":true,\r\n			\"readOnly\":false\r\n		},{\r\n			\"type\":\"select\",\r\n			\"row\":2,\r\n			\"col\":2,\r\n			\"name\":\"startDateTime\",\r\n			\"items\":\"上午,下午\",\r\n			\"required\":true,\r\n			\"readOnly\":false\r\n		},{\r\n			\"type\":\"label\",\r\n			\"row\":3,\r\n			\"col\":0,\r\n			\"text\":\"结束时间\"\r\n		},{\r\n			\"type\":\"datepicker\",\r\n			\"row\":3,\r\n			\"col\":1,\r\n			\"name\":\"endDate\",\r\n			\"required\":true,\r\n			\"readOnly\":false\r\n		},{\r\n			\"type\":\"select\",\r\n			\"row\":3,\r\n			\"col\":2,\r\n			\"name\":\"endDateTime\",\r\n			\"items\":\"下午,上午\",\r\n			\"required\":true,\r\n			\"readOnly\":false\r\n		}]\r\n	}]\r\n}\r\n','vacation-request','1',NULL,NULL),(246664255078400,0,'上级审批','{\"name\":\"上级审批\",\"code\":\"vacation-department\",\"sections\":[{\"type\":\"text\",\"tag\":\"h1\",\"text\":\"上级审批\"},{\"type\":\"grid\",\"row\":\"5\",\"col\":\"4\",\"merge\":[{\"startId\":\"0-1\",\"minRow\":0,\"minCol\":1,\"maxRow\":0,\"maxCol\":3},{\"startId\":\"1-1\",\"minRow\":1,\"minCol\":1,\"maxRow\":1,\"maxCol\":3},{\"startId\":\"2-2\",\"minRow\":2,\"minCol\":2,\"maxRow\":2,\"maxCol\":3},{\"startId\":\"3-2\",\"minRow\":3,\"minCol\":2,\"maxRow\":3,\"maxCol\":3},{\"startId\":\"4-1\",\"minRow\":4,\"minCol\":1,\"maxRow\":4,\"maxCol\":3}],\"fields\":[{\"type\":\"label\",\"row\":0,\"col\":0,\"text\":\"请假原因\"},{\"type\":\"textfield\",\"row\":0,\"col\":1,\"name\":\"reason\",\"required\":false,\"readOnly\":true},{\"type\":\"label\",\"row\":1,\"col\":0,\"text\":\"请假类型\"},{\"type\":\"radio\",\"row\":1,\"col\":1,\"name\":\"type\",\"items\":\"倒休,事假,病假,婚假\",\"required\":false,\"readOnly\":true},{\"type\":\"label\",\"row\":2,\"col\":0,\"text\":\"开始时间\"},{\"type\":\"datepicker\",\"row\":2,\"col\":1,\"name\":\"startDate\",\"required\":false,\"readOnly\":true},{\"type\":\"select\",\"row\":2,\"col\":2,\"name\":\"startDateTime\",\"items\":\"上午,下午\",\"required\":false,\"readOnly\":true},{\"type\":\"label\",\"row\":3,\"col\":0,\"text\":\"结束时间\"},{\"type\":\"datepicker\",\"row\":3,\"col\":1,\"name\":\"endDate\",\"required\":false,\"readOnly\":true},{\"type\":\"select\",\"row\":3,\"col\":2,\"name\":\"endDateTime\",\"items\":\"下午,上午\",\"required\":false,\"readOnly\":true},{\"type\":\"label\",\"row\":4,\"col\":0,\"text\":\"系主任意见\"},{\"type\":\"radio\",\"row\":4,\"col\":1,\"name\":\"leaderComment\",\"items\":\"同意,不同意\",\"required\":false,\"readOnly\":false}]}]}','vacation-department','1',NULL,NULL),(246664255307776,0,'人事审批','{\"name\":\"人事审批\",\"code\":\"vacation-hr\",\"sections\":[{\"type\":\"text\",\"tag\":\"h1\",\"text\":\"人事审批\"},{\"type\":\"grid\",\"row\":\"6\",\"col\":\"4\",\"merge\":[{\"startId\":\"0-1\",\"minRow\":0,\"minCol\":1,\"maxRow\":0,\"maxCol\":3},{\"startId\":\"1-1\",\"minRow\":1,\"minCol\":1,\"maxRow\":1,\"maxCol\":3},{\"startId\":\"2-2\",\"minRow\":2,\"minCol\":2,\"maxRow\":2,\"maxCol\":3},{\"startId\":\"3-2\",\"minRow\":3,\"minCol\":2,\"maxRow\":3,\"maxCol\":3},{\"startId\":\"4-1\",\"minRow\":4,\"minCol\":1,\"maxRow\":4,\"maxCol\":3},{\"startId\":\"5-1\",\"minRow\":5,\"minCol\":1,\"maxRow\":5,\"maxCol\":3}],\"fields\":[{\"type\":\"label\",\"row\":0,\"col\":0,\"text\":\"请假原因\"},{\"type\":\"textfield\",\"row\":0,\"col\":1,\"name\":\"reason\",\"required\":false,\"readOnly\":true},{\"type\":\"label\",\"row\":1,\"col\":0,\"text\":\"请假类型\"},{\"type\":\"radio\",\"row\":1,\"col\":1,\"name\":\"type\",\"items\":\"倒休,事假,病假,婚假\",\"required\":false,\"readOnly\":true},{\"type\":\"label\",\"row\":2,\"col\":0,\"text\":\"开始时间\"},{\"type\":\"datepicker\",\"row\":2,\"col\":1,\"name\":\"startDate\",\"required\":false,\"readOnly\":true},{\"type\":\"select\",\"row\":2,\"col\":2,\"name\":\"startDateTime\",\"items\":\"上午,下午\",\"required\":true,\"readOnly\":true},{\"type\":\"label\",\"row\":3,\"col\":0,\"text\":\"结束时间\"},{\"type\":\"datepicker\",\"row\":3,\"col\":1,\"name\":\"endDate\",\"required\":false,\"readOnly\":true},{\"type\":\"select\",\"row\":3,\"col\":2,\"name\":\"endDateTime\",\"items\":\"下午,上午\",\"required\":false,\"readOnly\":true},{\"type\":\"label\",\"row\":4,\"col\":0,\"text\":\"系主任意见\"},{\"type\":\"radio\",\"row\":4,\"col\":1,\"name\":\"leaderComment\",\"items\":\"同意,不同意\",\"required\":false,\"readOnly\":true},{\"type\":\"label\",\"row\":5,\"col\":0,\"text\":\"人事意见\"},{\"type\":\"radio\",\"row\":5,\"col\":1,\"name\":\"hrComment\",\"items\":\"同意,不同意\",\"required\":false,\"readOnly\":false}]}]}','vacation-hr','1',NULL,NULL),(246664255520768,0,'调整申请','{\"name\":\"调整申请\",\"code\":\"vacation-modify\",\"sections\":[{\"type\":\"text\",\"tag\":\"h1\",\"text\":\"调整申请\"},{\"type\":\"grid\",\"row\":\"7\",\"col\":\"4\",\"merge\":[{\"startId\":\"0-1\",\"minRow\":0,\"minCol\":1,\"maxRow\":0,\"maxCol\":3},{\"startId\":\"1-1\",\"minRow\":1,\"minCol\":1,\"maxRow\":1,\"maxCol\":3},{\"startId\":\"2-2\",\"minRow\":2,\"minCol\":2,\"maxRow\":2,\"maxCol\":3},{\"startId\":\"3-2\",\"minRow\":3,\"minCol\":2,\"maxRow\":3,\"maxCol\":3},{\"startId\":\"4-1\",\"minRow\":4,\"minCol\":1,\"maxRow\":4,\"maxCol\":3},{\"startId\":\"5-1\",\"minRow\":5,\"minCol\":1,\"maxRow\":5,\"maxCol\":3},{\"startId\":\"6-1\",\"minRow\":6,\"minCol\":1,\"maxRow\":6,\"maxCol\":3}],\"fields\":[{\"type\":\"label\",\"row\":0,\"col\":0,\"text\":\"请假原因\"},{\"type\":\"textfield\",\"row\":0,\"col\":1,\"name\":\"reason\",\"required\":true,\"readOnly\":false},{\"type\":\"label\",\"row\":1,\"col\":0,\"text\":\"请假类型\"},{\"type\":\"radio\",\"row\":1,\"col\":1,\"name\":\"type\",\"items\":\"倒休,事假,病假,婚假\",\"required\":true,\"readOnly\":false},{\"type\":\"label\",\"row\":2,\"col\":0,\"text\":\"开始时间\"},{\"type\":\"datepicker\",\"row\":2,\"col\":1,\"name\":\"startDate\",\"required\":true,\"readOnly\":false},{\"type\":\"select\",\"row\":2,\"col\":2,\"name\":\"startDateTime\",\"items\":\"上午,下午\",\"required\":true,\"readOnly\":false},{\"type\":\"label\",\"row\":3,\"col\":0,\"text\":\"结束时间\"},{\"type\":\"datepicker\",\"row\":3,\"col\":1,\"name\":\"endDate\",\"required\":true,\"readOnly\":false},{\"type\":\"select\",\"row\":3,\"col\":2,\"name\":\"endDateTime\",\"items\":\"下午,上午\",\"required\":true,\"readOnly\":false},{\"type\":\"label\",\"row\":4,\"col\":0,\"text\":\"系主任意见\"},{\"type\":\"radio\",\"row\":4,\"col\":1,\"name\":\"leaderComment\",\"items\":\"同意,不同意\",\"required\":false,\"readOnly\":true},{\"type\":\"label\",\"row\":5,\"col\":0,\"text\":\"人事意见\"},{\"type\":\"radio\",\"row\":5,\"col\":1,\"name\":\"hrComment\",\"items\":\"同意,不同意\",\"required\":false,\"readOnly\":true},{\"type\":\"label\",\"row\":6,\"col\":0,\"text\":\"调整申请\"},{\"type\":\"radio\",\"row\":6,\"col\":1,\"name\":\"initiatorComment\",\"items\":\"重新申请,撤销申请\",\"required\":true,\"readOnly\":false}]}]}','vacation-modify','1',NULL,NULL),(246664255766528,0,'销假','{\"name\":\"销假\",\"code\":\"vacation-finish\",\"sections\":[{\"type\":\"text\",\"tag\":\"h1\",\"text\":\"销假\"},{\"type\":\"grid\",\"row\":\"6\",\"col\":\"4\",\"merge\":[{\"startId\":\"0-1\",\"minRow\":0,\"minCol\":1,\"maxRow\":0,\"maxCol\":3},{\"startId\":\"1-1\",\"minRow\":1,\"minCol\":1,\"maxRow\":1,\"maxCol\":3},{\"startId\":\"2-2\",\"minRow\":2,\"minCol\":2,\"maxRow\":2,\"maxCol\":3},{\"startId\":\"3-2\",\"minRow\":3,\"minCol\":2,\"maxRow\":3,\"maxCol\":3},{\"startId\":\"4-1\",\"minRow\":4,\"minCol\":1,\"maxRow\":4,\"maxCol\":3},{\"startId\":\"5-1\",\"minRow\":5,\"minCol\":1,\"maxRow\":5,\"maxCol\":3}],\"fields\":[{\"type\":\"label\",\"row\":0,\"col\":0,\"text\":\"请假原因\"},{\"type\":\"textfield\",\"row\":0,\"col\":1,\"name\":\"reason\",\"required\":false,\"readOnly\":true},{\"type\":\"label\",\"row\":1,\"col\":0,\"text\":\"请假类型\"},{\"type\":\"radio\",\"row\":1,\"col\":1,\"name\":\"type\",\"items\":\"倒休,事假,病假,婚假\",\"required\":false,\"readOnly\":true},{\"type\":\"label\",\"row\":2,\"col\":0,\"text\":\"开始时间\"},{\"type\":\"datepicker\",\"row\":2,\"col\":1,\"name\":\"startDate\",\"required\":false,\"readOnly\":true},{\"type\":\"select\",\"row\":2,\"col\":2,\"name\":\"startDateTime\",\"items\":\"上午,下午\",\"required\":false,\"readOnly\":true},{\"type\":\"label\",\"row\":3,\"col\":0,\"text\":\"结束时间\"},{\"type\":\"datepicker\",\"row\":3,\"col\":1,\"name\":\"endDate\",\"required\":false,\"readOnly\":true},{\"type\":\"select\",\"row\":3,\"col\":2,\"name\":\"endDateTime\",\"items\":\"下午,上午\",\"required\":false,\"readOnly\":true},{\"type\":\"label\",\"row\":4,\"col\":0,\"text\":\"系主任意见\"},{\"type\":\"radio\",\"row\":4,\"col\":1,\"name\":\"leaderComment\",\"items\":\"同意,不同意\",\"required\":false,\"readOnly\":true},{\"type\":\"label\",\"row\":5,\"col\":0,\"text\":\"人事意见\"},{\"type\":\"radio\",\"row\":5,\"col\":1,\"name\":\"hrComment\",\"items\":\"同意,不同意\",\"required\":false,\"readOnly\":true}]}]}','vacation-finish','1',NULL,NULL),(246664256045056,0,'发文','{\r\n	\"code\":\"publish-request\",\r\n	\"name\":\"发文\",\r\n	\"sections\":[{\r\n		\"type\":\"text\",\r\n		\"tag\":\"h1\",\r\n		\"text\":\"发文\"\r\n	},{\r\n		\"type\":\"grid\",\r\n		\"row\":\"3\",\r\n		\"col\":\"4\",\r\n		\"merge\":[{\r\n			\"startId\":\"0-1\",\r\n			\"minRow\":0,\r\n			\"minCol\":1,\r\n			\"maxRow\":0,\r\n			\"maxCol\":3\r\n		},{\r\n			\"startId\":\"1-1\",\r\n			\"minRow\":1,\r\n			\"minCol\":1,\r\n			\"maxRow\":1,\r\n			\"maxCol\":3\r\n		},{\r\n			\"startId\":\"2-1\",\r\n			\"minRow\":2,\r\n			\"minCol\":1,\r\n			\"maxRow\":2,\r\n			\"maxCol\":3\r\n		}],\r\n		\"fields\":[{\r\n			\"type\":\"label\",\r\n			\"row\":0,\r\n			\"col\":0,\r\n			\"text\":\"标题\"\r\n		},{\r\n			\"type\":\"textfield\",\r\n			\"row\":0,\"col\":1,\r\n			\"name\":\"title\",\r\n			\"required\":false,\r\n			\"readOnly\":false\r\n		},{\r\n			\"type\":\"label\",\r\n			\"row\":2,\r\n			\"col\":0,\r\n			\"text\":\"内容\"\r\n		},{\r\n			\"type\":\"textarea\",\r\n			\"row\":2,\r\n			\"col\":1,\r\n			\"name\":\"content\",\r\n			\"required\":false,\r\n			\"readOnly\":false\r\n		},{\r\n			\"type\":\"label\",\r\n			\"row\":1,\r\n			\"col\":0,\r\n			\"text\":\"拟稿审批\"\r\n		},{\r\n			\"type\":\"userpicker\",\r\n			\"row\":1,\r\n			\"col\":1,\r\n			\"name\":\"countersignUsers\",\r\n			\"required\":false,\r\n			\"readOnly\":false\r\n		}]\r\n	}]\r\n}\r\n	','publish-request','1',NULL,NULL),(246664256241664,0,'经理审批','{\r\n	\"code\":\"publish-manager\",\r\n	\"name\":\"经理审批\",\r\n	\"sections\":[{\r\n		\"type\":\"text\",\r\n		\"tag\":\"h1\",\r\n		\"text\":\"经理审批\"\r\n	},{\r\n		\"type\":\"grid\",\r\n		\"row\":\"3\",\r\n		\"col\":\"4\",\r\n		\"merge\":[{\r\n			\"startId\":\"0-1\",\r\n			\"minRow\":0,\r\n			\"minCol\":1,\r\n			\"maxRow\":0,\r\n			\"maxCol\":3\r\n		},{\r\n			\"startId\":\"1-1\",\r\n			\"minRow\":1,\r\n			\"minCol\":1,\r\n			\"maxRow\":1,\r\n			\"maxCol\":3\r\n		},{\r\n			\"startId\":\"2-1\",\r\n			\"minRow\":2,\r\n			\"minCol\":1,\r\n			\"maxRow\":2,\r\n			\"maxCol\":3\r\n		}],\r\n		\"fields\":[{\r\n			\"type\":\"label\",\r\n			\"row\":0,\r\n			\"col\":0,\r\n			\"text\":\"标题\"\r\n		},{\r\n			\"type\":\"textfield\",\r\n			\"row\":0,\"col\":1,\r\n			\"name\":\"title\",\r\n			\"required\":false,\r\n			\"readOnly\":true\r\n		},{\r\n			\"type\":\"label\",\r\n			\"row\":1,\r\n			\"col\":0,\r\n			\"text\":\"内容\"\r\n		},{\r\n			\"type\":\"textarea\",\r\n			\"row\":1,\r\n			\"col\":1,\r\n			\"name\":\"content\",\r\n			\"required\":false,\r\n			\"readOnly\":true\r\n		},{\r\n			\"type\":\"label\",\r\n			\"row\":2,\r\n			\"col\":0,\r\n			\"text\":\"部门经理意见\"\r\n		},{\r\n			\"type\":\"radio\",\r\n			\"row\":2,\r\n			\"col\":1,\r\n			\"name\":\"leaderComment\",\r\n			\"items\":\"同意,不同意\",\r\n			\"required\":false,\r\n			\"readOnly\":false\r\n		}]\r\n	}]\r\n}\r\n','publish-manager','1',NULL,NULL),(246664256421888,0,'会签审批','{\r\n	\"code\":\"publish-countersign\",\r\n	\"name\":\"会签审批\",\r\n	\"sections\":[{\r\n		\"type\":\"text\",\r\n		\"tag\":\"h1\",\r\n		\"text\":\"会签审批\"\r\n	},{\r\n		\"type\":\"grid\",\r\n		\"row\":\"3\",\r\n		\"col\":\"4\",\r\n		\"merge\":[{\r\n			\"startId\":\"0-1\",\r\n			\"minRow\":0,\r\n			\"minCol\":1,\r\n			\"maxRow\":0,\r\n			\"maxCol\":3\r\n		},{\r\n			\"startId\":\"1-1\",\r\n			\"minRow\":1,\r\n			\"minCol\":1,\r\n			\"maxRow\":1,\r\n			\"maxCol\":3\r\n		},{\r\n			\"startId\":\"2-1\",\r\n			\"minRow\":2,\r\n			\"minCol\":1,\r\n			\"maxRow\":2,\r\n			\"maxCol\":3\r\n		}],\r\n		\"fields\":[{\r\n			\"type\":\"label\",\r\n			\"row\":0,\r\n			\"col\":0,\r\n			\"text\":\"标题\"\r\n		},{\r\n			\"type\":\"textfield\",\r\n			\"row\":0,\"col\":1,\r\n			\"name\":\"title\",\r\n			\"required\":false,\r\n			\"readOnly\":true\r\n		},{\r\n			\"type\":\"label\",\r\n			\"row\":1,\r\n			\"col\":0,\r\n			\"text\":\"内容\"\r\n		},{\r\n			\"type\":\"textarea\",\r\n			\"row\":1,\r\n			\"col\":1,\r\n			\"name\":\"content\",\r\n			\"required\":false,\r\n			\"readOnly\":true\r\n		},{\r\n			\"type\":\"label\",\r\n			\"row\":2,\r\n			\"col\":0,\r\n			\"text\":\"审批意见\"\r\n		},{\r\n			\"type\":\"radio\",\r\n			\"row\":2,\r\n			\"col\":1,\r\n			\"name\":\"countersignComment\",\r\n			\"items\":\"同意,不同意\",\r\n			\"required\":false,\r\n			\"readOnly\":false\r\n		}]\r\n	}]\r\n}\r\n','publish-countersign','1',NULL,NULL),(246664256651264,0,'归档','{\r\n	\"code\":\"publish-finish\",\r\n	\"name\":\"归档\",\r\n	\"sections\":[{\r\n		\"type\":\"text\",\r\n		\"tag\":\"h1\",\r\n		\"text\":\"归档\"\r\n	},{\r\n		\"type\":\"grid\",\r\n		\"row\":\"2\",\r\n		\"col\":\"4\",\r\n		\"merge\":[{\r\n			\"startId\":\"0-1\",\r\n			\"minRow\":0,\r\n			\"minCol\":1,\r\n			\"maxRow\":0,\r\n			\"maxCol\":3\r\n		},{\r\n			\"startId\":\"1-1\",\r\n			\"minRow\":1,\r\n			\"minCol\":1,\r\n			\"maxRow\":1,\r\n			\"maxCol\":3\r\n		}],\r\n		\"fields\":[{\r\n			\"type\":\"label\",\r\n			\"row\":0,\r\n			\"col\":0,\r\n			\"text\":\"标题\"\r\n		},{\r\n			\"type\":\"textfield\",\r\n			\"row\":0,\"col\":1,\r\n			\"name\":\"title\",\r\n			\"required\":false,\r\n			\"readOnly\":true\r\n		},{\r\n			\"type\":\"label\",\r\n			\"row\":1,\r\n			\"col\":0,\r\n			\"text\":\"内容\"\r\n		},{\r\n			\"type\":\"textarea\",\r\n			\"row\":1,\r\n			\"col\":1,\r\n			\"name\":\"content\",\r\n			\"required\":false,\r\n			\"readOnly\":true\r\n		}]\r\n	}]\r\n}\r\n','publish-finish','1',NULL,NULL),(246664256847872,0,'发起申请','{\r\n	\"code\":\"permission-request\",\r\n	\"name\":\"发起申请\",\r\n	\"sections\":[{\r\n		\"type\":\"text\",\r\n		\"tag\":\"h1\",\r\n		\"text\":\"发起申请\"\r\n	},{\r\n		\"type\":\"grid\",\r\n		\"row\":\"1\",\r\n		\"col\":\"4\",\r\n		\"merge\":[{\r\n			\"startId\":\"0-1\",\r\n			\"minRow\":0,\r\n			\"minCol\":1,\r\n			\"maxRow\":0,\r\n			\"maxCol\":3\r\n		}],\r\n		\"fields\":[{\r\n			\"type\":\"label\",\r\n			\"row\":0,\r\n			\"col\":0,\r\n			\"text\":\"申请\"\r\n		},{\r\n			\"type\":\"textfield\",\r\n			\"row\":0,\r\n			\"col\":1,\r\n			\"name\":\"name\",\r\n			\"required\":false,\r\n			\"readOnly\":false\r\n		}]\r\n	}]\r\n}\r\n','permission-request','1',NULL,NULL),(246664257011712,0,'经理审批','{\r\n	\"code\":\"permission-department\",\r\n	\"name\":\"经理审批\",\r\n	\"sections\":[{\r\n		\"type\":\"text\",\r\n		\"tag\":\"h1\",\r\n		\"text\":\"经理审批\"\r\n	},{\r\n		\"type\":\"grid\",\r\n		\"row\":\"2\",\r\n		\"col\":\"4\",\r\n		\"merge\":[{\r\n			\"startId\":\"0-1\",\r\n			\"minRow\":0,\r\n			\"minCol\":1,\r\n			\"maxRow\":0,\r\n			\"maxCol\":3\r\n		},{\r\n			\"startId\":\"1-1\",\r\n			\"minRow\":1,\r\n			\"minCol\":1,\r\n			\"maxRow\":1,\r\n			\"maxCol\":3\r\n		}],\r\n		\"fields\":[{\r\n			\"type\":\"label\",\r\n			\"row\":0,\r\n			\"col\":0,\r\n			\"text\":\"申请\"\r\n		},{\r\n			\"type\":\"textfield\",\r\n			\"row\":0,\r\n			\"col\":1,\r\n			\"name\":\"name\",\r\n			\"required\":false,\r\n			\"readOnly\":true\r\n		},{\r\n			\"type\":\"label\",\r\n			\"row\":1,\r\n			\"col\":0,\r\n			\"text\":\"经理审批意见\"\r\n		},{\r\n			\"type\":\"radio\",\r\n			\"row\":1,\r\n			\"col\":1,\r\n			\"name\":\"managerComment\",\r\n			\"items\":\"同意,不同意\",\r\n			\"required\":false,\r\n			\"readOnly\":false\r\n		}]\r\n	}]\r\n}\r\n','permission-department','1',NULL,NULL),(246664257191936,0,'总经理审批','{\r\n	\"code\":\"permission-manager\",\r\n	\"name\":\"总经理审批\",\r\n	\"sections\":[{\r\n		\"type\":\"text\",\r\n		\"tag\":\"h1\",\r\n		\"text\":\"总经理审批\"\r\n	},{\r\n		\"type\":\"grid\",\r\n		\"row\":\"3\",\r\n		\"col\":\"4\",\r\n		\"merge\":[{\r\n			\"startId\":\"0-1\",\r\n			\"minRow\":0,\r\n			\"minCol\":1,\r\n			\"maxRow\":0,\r\n			\"maxCol\":3\r\n		},{\r\n			\"startId\":\"1-1\",\r\n			\"minRow\":1,\r\n			\"minCol\":1,\r\n			\"maxRow\":1,\r\n			\"maxCol\":3\r\n		},{\r\n			\"startId\":\"2-1\",\r\n			\"minRow\":2,\r\n			\"minCol\":1,\r\n			\"maxRow\":2,\r\n			\"maxCol\":3\r\n		}],\r\n		\"fields\":[{\r\n			\"type\":\"label\",\r\n			\"row\":0,\r\n			\"col\":0,\r\n			\"text\":\"申请\"\r\n		},{\r\n			\"type\":\"textfield\",\r\n			\"row\":0,\r\n			\"col\":1,\r\n			\"name\":\"name\",\r\n			\"required\":false,\r\n			\"readOnly\":true\r\n		},{\r\n			\"type\":\"label\",\r\n			\"row\":1,\r\n			\"col\":0,\r\n			\"text\":\"经理审批意见\"\r\n		},{\r\n			\"type\":\"radio\",\r\n			\"row\":1,\r\n			\"col\":1,\r\n			\"name\":\"managerComment\",\r\n			\"items\":\"同意,不同意\",\r\n			\"required\":false,\r\n			\"readOnly\":true\r\n		},{\r\n			\"type\":\"label\",\r\n			\"row\":2,\r\n			\"col\":0,\r\n			\"text\":\"总经理审批意见\"\r\n		},{\r\n			\"type\":\"radio\",\r\n			\"row\":2,\r\n			\"col\":1,\r\n			\"name\":\"leaderComment\",\r\n			\"items\":\"同意,不同意\",\r\n			\"required\":false,\r\n			\"readOnly\":false\r\n		}]\r\n	}]\r\n}\r\n','permission-manager','1',NULL,NULL),(271716752752640,0,'学生调整申请','{\"name\":\"学生调整申请\",\"code\":\"vacation-modify-student\",\"sections\":[{\"type\":\"text\",\"tag\":\"h1\",\"text\":\"调整申请\"},{\"type\":\"grid\",\"row\":\"8\",\"col\":\"4\",\"merge\":[{\"startId\":\"0-1\",\"minRow\":0,\"minCol\":1,\"maxRow\":0,\"maxCol\":3},{\"startId\":\"1-1\",\"minRow\":1,\"minCol\":1,\"maxRow\":1,\"maxCol\":3},{\"startId\":\"2-2\",\"minRow\":2,\"minCol\":2,\"maxRow\":2,\"maxCol\":3},{\"startId\":\"3-2\",\"minRow\":3,\"minCol\":2,\"maxRow\":3,\"maxCol\":3},{\"startId\":\"4-1\",\"minRow\":4,\"minCol\":1,\"maxRow\":4,\"maxCol\":3},{\"startId\":\"5-1\",\"minRow\":5,\"minCol\":1,\"maxRow\":5,\"maxCol\":3},{\"startId\":\"6-1\",\"minRow\":6,\"minCol\":1,\"maxRow\":6,\"maxCol\":3},{\"startId\":\"7-1\",\"minRow\":7,\"minCol\":1,\"maxRow\":7,\"maxCol\":3}],\"fields\":[{\"type\":\"label\",\"row\":0,\"col\":0,\"text\":\"请假原因\"},{\"type\":\"textfield\",\"row\":0,\"col\":1,\"name\":\"reason\",\"required\":true,\"readOnly\":false},{\"type\":\"label\",\"row\":1,\"col\":0,\"text\":\"请假类型\"},{\"type\":\"radio\",\"row\":1,\"col\":1,\"name\":\"type\",\"items\":\"事假,病假\",\"required\":true,\"readOnly\":false},{\"type\":\"label\",\"row\":2,\"col\":0,\"text\":\"开始时间\"},{\"type\":\"datepicker\",\"row\":2,\"col\":1,\"name\":\"startDate\",\"required\":true,\"readOnly\":false},{\"type\":\"select\",\"row\":2,\"col\":2,\"name\":\"startDateTime\",\"items\":\"上午,下午\",\"required\":true,\"readOnly\":false},{\"type\":\"label\",\"row\":3,\"col\":0,\"text\":\"结束时间\"},{\"type\":\"datepicker\",\"row\":3,\"col\":1,\"name\":\"endDate\",\"required\":true,\"readOnly\":false},{\"type\":\"select\",\"row\":3,\"col\":2,\"name\":\"endDateTime\",\"items\":\"下午,上午\",\"required\":true,\"readOnly\":false},{\"type\":\"label\",\"row\":4,\"col\":0,\"text\":\"辅导员意见\"},{\"type\":\"radio\",\"row\":4,\"col\":1,\"name\":\"leaderComment\",\"items\":\"同意,不同意\",\"required\":false,\"readOnly\":true},{\"type\":\"label\",\"row\":5,\"col\":0,\"text\":\"院系领导意见\"},{\"type\":\"radio\",\"row\":5,\"col\":1,\"name\":\"hrComment\",\"items\":\"同意,不同意\",\"required\":false,\"readOnly\":true},{\"type\":\"label\",\"row\":6,\"col\":0,\"text\":\"调整申请\"},{\"type\":\"radio\",\"row\":6,\"col\":1,\"name\":\"initiatorComment\",\"items\":\"重新申请,撤销申请\",\"required\":true,\"readOnly\":false},{\"type\":\"label\",\"row\":7,\"col\":0,\"text\":\"请假天数\"},{\"type\":\"radio\",\"row\":7,\"col\":1,\"name\":\"totalDays\",\"items\":\"大于三天,小于三天\",\"required\":true,\"readOnly\":false}]}]}','vacation-modify-student','1','1',NULL),(276490922000384,0,'学生销假销假','{\"name\":\"学生销假销假\",\"code\":\"vacation-finish-student\",\"sections\":[{\"type\":\"text\",\"tag\":\"h1\",\"text\":\"销假\"},{\"type\":\"grid\",\"row\":\"6\",\"col\":\"4\",\"merge\":[{\"startId\":\"0-1\",\"minRow\":0,\"minCol\":1,\"maxRow\":0,\"maxCol\":3},{\"startId\":\"1-1\",\"minRow\":1,\"minCol\":1,\"maxRow\":1,\"maxCol\":3},{\"startId\":\"2-2\",\"minRow\":2,\"minCol\":2,\"maxRow\":2,\"maxCol\":3},{\"startId\":\"3-2\",\"minRow\":3,\"minCol\":2,\"maxRow\":3,\"maxCol\":3},{\"startId\":\"4-1\",\"minRow\":4,\"minCol\":1,\"maxRow\":4,\"maxCol\":3},{\"startId\":\"5-1\",\"minRow\":5,\"minCol\":1,\"maxRow\":5,\"maxCol\":3}],\"fields\":[{\"type\":\"label\",\"row\":0,\"col\":0,\"text\":\"请假原因\"},{\"type\":\"textfield\",\"row\":0,\"col\":1,\"name\":\"reason\",\"required\":false,\"readOnly\":true},{\"type\":\"label\",\"row\":1,\"col\":0,\"text\":\"请假类型\"},{\"type\":\"radio\",\"row\":1,\"col\":1,\"name\":\"type\",\"items\":\"事假,病假\",\"required\":false,\"readOnly\":true},{\"type\":\"label\",\"row\":2,\"col\":0,\"text\":\"开始时间\"},{\"type\":\"datepicker\",\"row\":2,\"col\":1,\"name\":\"startDate\",\"required\":false,\"readOnly\":true},{\"type\":\"select\",\"row\":2,\"col\":2,\"name\":\"startDateTime\",\"items\":\"上午,下午\",\"required\":false,\"readOnly\":true},{\"type\":\"label\",\"row\":3,\"col\":0,\"text\":\"结束时间\"},{\"type\":\"datepicker\",\"row\":3,\"col\":1,\"name\":\"endDate\",\"required\":false,\"readOnly\":true},{\"type\":\"select\",\"row\":3,\"col\":2,\"name\":\"endDateTime\",\"items\":\"下午,上午\",\"required\":false,\"readOnly\":true},{\"type\":\"label\",\"row\":4,\"col\":0,\"text\":\"辅导员意见\"},{\"type\":\"radio\",\"row\":4,\"col\":1,\"name\":\"leaderComment\",\"items\":\"同意,不同意\",\"required\":false,\"readOnly\":true},{\"type\":\"label\",\"row\":5,\"col\":0,\"text\":\"院系领导意见\"},{\"type\":\"radio\",\"row\":5,\"col\":1,\"name\":\"hrComment\",\"items\":\"同意,不同意\",\"required\":false,\"readOnly\":true}]}]}','vacation-finish-student','1','1',NULL),(276498367135744,0,'辅导员审批','{\"name\":\"辅导员审批\",\"code\":\"vocation-depart-student\",\"sections\":[{\"type\":\"text\",\"tag\":\"h1\",\"text\":\"辅导员审批\"},{\"type\":\"grid\",\"row\":\"6\",\"col\":\"4\",\"merge\":[{\"startId\":\"0-1\",\"minRow\":0,\"minCol\":1,\"maxRow\":0,\"maxCol\":3},{\"startId\":\"1-1\",\"minRow\":1,\"minCol\":1,\"maxRow\":1,\"maxCol\":3},{\"startId\":\"2-2\",\"minRow\":2,\"minCol\":2,\"maxRow\":2,\"maxCol\":3},{\"startId\":\"3-2\",\"minRow\":3,\"minCol\":2,\"maxRow\":3,\"maxCol\":3},{\"startId\":\"4-1\",\"minRow\":4,\"minCol\":1,\"maxRow\":4,\"maxCol\":3},{\"startId\":\"5-1\",\"minRow\":5,\"minCol\":1,\"maxRow\":5,\"maxCol\":3}],\"fields\":[{\"type\":\"label\",\"row\":0,\"col\":0,\"text\":\"请假原因\"},{\"type\":\"textfield\",\"row\":0,\"col\":1,\"name\":\"reason\",\"required\":false,\"readOnly\":true},{\"type\":\"label\",\"row\":1,\"col\":0,\"text\":\"请假类型\"},{\"type\":\"radio\",\"row\":1,\"col\":1,\"name\":\"type\",\"items\":\"事假,病假\",\"required\":false,\"readOnly\":true},{\"type\":\"label\",\"row\":2,\"col\":0,\"text\":\"开始时间\"},{\"type\":\"datepicker\",\"row\":2,\"col\":1,\"name\":\"startDate\",\"required\":false,\"readOnly\":true},{\"type\":\"select\",\"row\":2,\"col\":2,\"name\":\"startDateTime\",\"items\":\"上午,下午\",\"required\":false,\"readOnly\":true},{\"type\":\"label\",\"row\":3,\"col\":0,\"text\":\"结束时间\"},{\"type\":\"datepicker\",\"row\":3,\"col\":1,\"name\":\"endDate\",\"required\":false,\"readOnly\":true},{\"type\":\"select\",\"row\":3,\"col\":2,\"name\":\"endDateTime\",\"items\":\"下午,上午\",\"required\":false,\"readOnly\":true},{\"type\":\"radio\",\"row\":5,\"col\":1,\"name\":\"leaderComment\",\"items\":\"同意,不同意\",\"required\":true,\"readOnly\":false},{\"type\":\"radio\",\"row\":4,\"col\":1,\"name\":\"totalDays\",\"items\":\"大于三天,小于三天\",\"required\":true,\"readOnly\":false},{\"type\":\"label\",\"row\":5,\"col\":0,\"text\":\"辅导员意见\"},{\"type\":\"label\",\"row\":4,\"col\":0,\"text\":\"请假天数\"}]}]}','vocation-depart-student','1','1',NULL),(276505718063104,0,'院系领导审批','{\"name\":\"院系领导审批\",\"code\":\"vacation-leader-student\",\"sections\":[{\"type\":\"text\",\"tag\":\"h1\",\"text\":\"院系领导审批\"},{\"type\":\"grid\",\"row\":\"7\",\"col\":\"4\",\"merge\":[{\"startId\":\"0-1\",\"minRow\":0,\"minCol\":1,\"maxRow\":0,\"maxCol\":3},{\"startId\":\"1-1\",\"minRow\":1,\"minCol\":1,\"maxRow\":1,\"maxCol\":3},{\"startId\":\"2-2\",\"minRow\":2,\"minCol\":2,\"maxRow\":2,\"maxCol\":3},{\"startId\":\"3-2\",\"minRow\":3,\"minCol\":2,\"maxRow\":3,\"maxCol\":3},{\"startId\":\"4-1\",\"minRow\":4,\"minCol\":1,\"maxRow\":4,\"maxCol\":3},{\"startId\":\"5-1\",\"minRow\":5,\"minCol\":1,\"maxRow\":5,\"maxCol\":3},{\"startId\":\"6-1\",\"minRow\":6,\"minCol\":1,\"maxRow\":6,\"maxCol\":3}],\"fields\":[{\"type\":\"label\",\"row\":0,\"col\":0,\"text\":\"请假原因\"},{\"type\":\"textfield\",\"row\":0,\"col\":1,\"name\":\"reason\",\"required\":false,\"readOnly\":true},{\"type\":\"label\",\"row\":1,\"col\":0,\"text\":\"请假类型\"},{\"type\":\"radio\",\"row\":1,\"col\":1,\"name\":\"type\",\"items\":\"事假,病假\",\"required\":false,\"readOnly\":true},{\"type\":\"label\",\"row\":2,\"col\":0,\"text\":\"开始时间\"},{\"type\":\"datepicker\",\"row\":2,\"col\":1,\"name\":\"startDate\",\"required\":false,\"readOnly\":true},{\"type\":\"select\",\"row\":2,\"col\":2,\"name\":\"startDateTime\",\"items\":\"上午,下午\",\"required\":false,\"readOnly\":true},{\"type\":\"label\",\"row\":3,\"col\":0,\"text\":\"结束时间\"},{\"type\":\"datepicker\",\"row\":3,\"col\":1,\"name\":\"endDate\",\"required\":false,\"readOnly\":true},{\"type\":\"select\",\"row\":3,\"col\":2,\"name\":\"endDateTime\",\"items\":\"下午,上午\",\"required\":false,\"readOnly\":true},{\"type\":\"radio\",\"row\":5,\"col\":1,\"name\":\"leaderComment\",\"items\":\"同意,不同意\",\"required\":false,\"readOnly\":false},{\"type\":\"radio\",\"row\":4,\"col\":1,\"name\":\"totalDays\",\"items\":\"大于三天,小于三天\",\"required\":false,\"readOnly\":true},{\"type\":\"label\",\"row\":5,\"col\":0,\"text\":\"辅导员意见\"},{\"type\":\"label\",\"row\":4,\"col\":0,\"text\":\"请假天数\"},{\"type\":\"label\",\"row\":6,\"col\":0,\"text\":\"院系领导意见\"},{\"type\":\"radio\",\"row\":6,\"col\":1,\"name\":\"hrComment\",\"items\":\"同意,不同意\",\"required\":false,\"readOnly\":false}]}]}','vacation-leader-student','1','1',NULL),(276513208221696,0,'学生申请单','{\"name\":\"学生申请单\",\"code\":\"vacation-request-student\",\"sections\":[{\"type\":\"text\",\"tag\":\"h1\",\"text\":\"申请单\"},{\"type\":\"grid\",\"row\":\"5\",\"col\":\"4\",\"merge\":[{\"startId\":\"0-1\",\"minRow\":0,\"minCol\":1,\"maxRow\":0,\"maxCol\":3},{\"startId\":\"1-1\",\"minRow\":1,\"minCol\":1,\"maxRow\":1,\"maxCol\":3},{\"startId\":\"2-2\",\"minRow\":2,\"minCol\":2,\"maxRow\":2,\"maxCol\":3},{\"startId\":\"3-2\",\"minRow\":3,\"minCol\":2,\"maxRow\":3,\"maxCol\":3},{\"startId\":\"4-1\",\"minRow\":4,\"minCol\":1,\"maxRow\":4,\"maxCol\":3}],\"fields\":[{\"type\":\"label\",\"row\":0,\"col\":0,\"text\":\"请假原因\"},{\"type\":\"textfield\",\"row\":0,\"col\":1,\"name\":\"reason\",\"required\":true,\"readOnly\":false},{\"type\":\"label\",\"row\":1,\"col\":0,\"text\":\"请假类型\"},{\"type\":\"radio\",\"row\":1,\"col\":1,\"name\":\"type\",\"items\":\"事假,病假\",\"required\":true,\"readOnly\":false},{\"type\":\"label\",\"row\":2,\"col\":0,\"text\":\"开始时间\"},{\"type\":\"datepicker\",\"row\":2,\"col\":1,\"name\":\"startDate\",\"required\":true,\"readOnly\":false},{\"type\":\"select\",\"row\":2,\"col\":2,\"name\":\"startDateTime\",\"items\":\"上午,下午\",\"required\":true,\"readOnly\":false},{\"type\":\"label\",\"row\":3,\"col\":0,\"text\":\"结束时间\"},{\"type\":\"datepicker\",\"row\":3,\"col\":1,\"name\":\"endDate\",\"required\":true,\"readOnly\":false},{\"type\":\"select\",\"row\":3,\"col\":2,\"name\":\"endDateTime\",\"items\":\"下午,上午\",\"required\":true,\"readOnly\":false},{\"type\":\"label\",\"row\":4,\"col\":0,\"text\":\"请假天数\"},{\"type\":\"radio\",\"row\":4,\"col\":1,\"name\":\"totalDays\",\"items\":\"大于三天,小于三天\",\"required\":true,\"readOnly\":false}]}]}','vacation-request-student','1','1',NULL);
/*!40000 ALTER TABLE `form_template` ENABLE KEYS */;
UNLOCK TABLES;

--
-- Table structure for table `group_admin`
--

DROP TABLE IF EXISTS `group_admin`;
/*!40101 SET @saved_cs_client     = @@character_set_client */;
/*!40101 SET character_set_client = utf8 */;
CREATE TABLE `group_admin` (
  `ID` bigint(20) NOT NULL,
  `INFO_ID` bigint(20) DEFAULT NULL,
  `USER_ID` varchar(64) DEFAULT NULL,
  `TENANT_ID` varchar(64) DEFAULT NULL,
  PRIMARY KEY (`ID`),
  KEY `FK_GROUP_ADIMN_INFO` (`INFO_ID`),
  CONSTRAINT `FK_GROUP_ADIMN_INFO` FOREIGN KEY (`INFO_ID`) REFERENCES `group_info` (`ID`)
) ENGINE=InnoDB DEFAULT CHARSET=utf8;
/*!40101 SET character_set_client = @saved_cs_client */;

--
-- Dumping data for table `group_admin`
--

LOCK TABLES `group_admin` WRITE;
/*!40000 ALTER TABLE `group_admin` DISABLE KEYS */;
INSERT INTO `group_admin` VALUES (1,1,'1','1');
/*!40000 ALTER TABLE `group_admin` ENABLE KEYS */;
UNLOCK TABLES;

--
-- Table structure for table `group_alias`
--

DROP TABLE IF EXISTS `group_alias`;
/*!40101 SET @saved_cs_client     = @@character_set_client */;
/*!40101 SET character_set_client = utf8 */;
CREATE TABLE `group_alias` (
  `ID` bigint(20) NOT NULL,
  `NAME` varchar(50) DEFAULT NULL,
  `CATALOG` varchar(100) DEFAULT NULL,
  `INFO_ID` bigint(20) DEFAULT NULL,
  `TENANT_ID` varchar(64) DEFAULT NULL,
  PRIMARY KEY (`ID`),
  KEY `FK_GROUP_ALIAS_INFO` (`INFO_ID`),
  CONSTRAINT `FK_GROUP_ALIAS_INFO` FOREIGN KEY (`INFO_ID`) REFERENCES `group_info` (`ID`)
) ENGINE=InnoDB DEFAULT CHARSET=utf8;
/*!40101 SET character_set_client = @saved_cs_client */;

--
-- Dumping data for table `group_alias`
--

LOCK TABLES `group_alias` WRITE;
/*!40000 ALTER TABLE `group_alias` DISABLE KEYS */;
/*!40000 ALTER TABLE `group_alias` ENABLE KEYS */;
UNLOCK TABLES;

--
-- Table structure for table `group_info`
--

DROP TABLE IF EXISTS `group_info`;
/*!40101 SET @saved_cs_client     = @@character_set_client */;
/*!40101 SET character_set_client = utf8 */;
CREATE TABLE `group_info` (
  `ID` bigint(20) NOT NULL,
  `CODE` varchar(50) DEFAULT NULL,
  `NAME` varchar(50) DEFAULT NULL,
  `REF` varchar(200) DEFAULT NULL,
  `DESCN` varchar(200) DEFAULT NULL,
  `MEMBER_COUNT` int(11) DEFAULT NULL,
  `STATUS` varchar(50) DEFAULT NULL,
  `TYPE_ID` bigint(20) DEFAULT NULL,
  `TENANT_ID` varchar(64) DEFAULT NULL,
  PRIMARY KEY (`ID`),
  KEY `FK_GROUP_INFO_TYPE` (`TYPE_ID`),
  CONSTRAINT `FK_GROUP_INFO_TYPE` FOREIGN KEY (`TYPE_ID`) REFERENCES `group_type` (`ID`)
) ENGINE=InnoDB DEFAULT CHARSET=utf8;
/*!40101 SET character_set_client = @saved_cs_client */;

--
-- Dumping data for table `group_info`
--

LOCK TABLES `group_info` WRITE;
/*!40000 ALTER TABLE `group_info` DISABLE KEYS */;
INSERT INTO `group_info` VALUES (1,NULL,'全体成员',NULL,NULL,8,NULL,NULL,'1');
/*!40000 ALTER TABLE `group_info` ENABLE KEYS */;
UNLOCK TABLES;

--
-- Table structure for table `group_member`
--

DROP TABLE IF EXISTS `group_member`;
/*!40101 SET @saved_cs_client     = @@character_set_client */;
/*!40101 SET character_set_client = utf8 */;
CREATE TABLE `group_member` (
  `ID` bigint(20) NOT NULL,
  `INFO_ID` bigint(20) DEFAULT NULL,
  `USER_ID` varchar(64) DEFAULT NULL,
  `TENANT_ID` varchar(64) DEFAULT NULL,
  PRIMARY KEY (`ID`),
  KEY `FK_GROUP_MEMBER_INFO` (`INFO_ID`),
  CONSTRAINT `FK_GROUP_MEMBER_INFO` FOREIGN KEY (`INFO_ID`) REFERENCES `group_info` (`ID`)
) ENGINE=InnoDB DEFAULT CHARSET=utf8;
/*!40101 SET character_set_client = @saved_cs_client */;

--
-- Dumping data for table `group_member`
--

LOCK TABLES `group_member` WRITE;
/*!40000 ALTER TABLE `group_member` DISABLE KEYS */;
INSERT INTO `group_member` VALUES (1,1,'1','1'),(2,1,'2','1'),(3,1,'3','1'),(4,1,'4','1'),(5,1,'5','1'),(6,1,'6','1'),(7,1,'7','1'),(8,1,'8','1');
/*!40000 ALTER TABLE `group_member` ENABLE KEYS */;
UNLOCK TABLES;

--
-- Table structure for table `group_relation`
--

DROP TABLE IF EXISTS `group_relation`;
/*!40101 SET @saved_cs_client     = @@character_set_client */;
/*!40101 SET character_set_client = utf8 */;
CREATE TABLE `group_relation` (
  `ID` bigint(20) NOT NULL,
  `PARENT_ID` bigint(20) DEFAULT NULL,
  `CHILD_ID` bigint(20) DEFAULT NULL,
  `TENANT_ID` varchar(64) DEFAULT NULL,
  PRIMARY KEY (`ID`),
  KEY `FK_GROUP_RELATION_PARENT` (`PARENT_ID`),
  KEY `FK_GROUP_RELATION_CHILD` (`CHILD_ID`),
  CONSTRAINT `FK_GROUP_RELATION_CHILD` FOREIGN KEY (`CHILD_ID`) REFERENCES `group_info` (`ID`),
  CONSTRAINT `FK_GROUP_RELATION_PARENT` FOREIGN KEY (`PARENT_ID`) REFERENCES `group_info` (`ID`)
) ENGINE=InnoDB DEFAULT CHARSET=utf8;
/*!40101 SET character_set_client = @saved_cs_client */;

--
-- Dumping data for table `group_relation`
--

LOCK TABLES `group_relation` WRITE;
/*!40000 ALTER TABLE `group_relation` DISABLE KEYS */;
/*!40000 ALTER TABLE `group_relation` ENABLE KEYS */;
UNLOCK TABLES;

--
-- Table structure for table `group_type`
--

DROP TABLE IF EXISTS `group_type`;
/*!40101 SET @saved_cs_client     = @@character_set_client */;
/*!40101 SET character_set_client = utf8 */;
CREATE TABLE `group_type` (
  `ID` bigint(20) NOT NULL,
  `NAME` varchar(50) DEFAULT NULL,
  `TENANT_ID` varchar(64) DEFAULT NULL,
  PRIMARY KEY (`ID`)
) ENGINE=InnoDB DEFAULT CHARSET=utf8;
/*!40101 SET character_set_client = @saved_cs_client */;

--
-- Dumping data for table `group_type`
--

LOCK TABLES `group_type` WRITE;
/*!40000 ALTER TABLE `group_type` DISABLE KEYS */;
INSERT INTO `group_type` VALUES (1,'default','1');
/*!40000 ALTER TABLE `group_type` ENABLE KEYS */;
UNLOCK TABLES;

--
-- Table structure for table `ht_humantask`
--

DROP TABLE IF EXISTS `ht_humantask`;
/*!40101 SET @saved_cs_client     = @@character_set_client */;
/*!40101 SET character_set_client = utf8 */;
CREATE TABLE `ht_humantask` (
  `ID` bigint(20) NOT NULL,
  `NAME` varchar(200) DEFAULT NULL,
  `DESCRIPTION` varchar(200) DEFAULT NULL,
  `ASSIGNEE` varchar(64) DEFAULT NULL,
  `OWNER` varchar(64) DEFAULT NULL,
  `DELEGATE_STATUS` varchar(50) DEFAULT NULL,
  `PRIORITY` int(11) DEFAULT NULL,
  `CREATE_TIME` datetime DEFAULT NULL,
  `DURATION` varchar(50) DEFAULT NULL,
  `SUSPEND_STATUS` varchar(50) DEFAULT NULL,
  `CATEGORY` varchar(50) DEFAULT NULL,
  `CODE` varchar(200) DEFAULT NULL,
  `FORM` varchar(200) DEFAULT NULL,
  `TASK_ID` varchar(200) DEFAULT NULL,
  `EXECUTION_ID` varchar(200) DEFAULT NULL,
  `PROCESS_INSTANCE_ID` varchar(200) DEFAULT NULL,
  `PROCESS_DEFINITION_ID` varchar(200) DEFAULT NULL,
  `TENENT_ID` varchar(64) DEFAULT NULL,
  `PARENT_ID` bigint(20) DEFAULT NULL,
  `STATUS` varchar(50) DEFAULT NULL,
  `COMPLETE_TIME` datetime DEFAULT NULL,
  PRIMARY KEY (`ID`),
  KEY `FK_HT_HUMANTASK_PARENT` (`PARENT_ID`),
  CONSTRAINT `FK_HT_HUMANTASK_PARENT` FOREIGN KEY (`PARENT_ID`) REFERENCES `ht_humantask` (`ID`)
) ENGINE=InnoDB DEFAULT CHARSET=utf8;
/*!40101 SET character_set_client = @saved_cs_client */;

--
-- Dumping data for table `ht_humantask`
--

LOCK TABLES `ht_humantask` WRITE;
/*!40000 ALTER TABLE `ht_humantask` DISABLE KEYS */;
/*!40000 ALTER TABLE `ht_humantask` ENABLE KEYS */;
UNLOCK TABLES;

--
-- Table structure for table `ht_participant`
--

DROP TABLE IF EXISTS `ht_participant`;
/*!40101 SET @saved_cs_client     = @@character_set_client */;
/*!40101 SET character_set_client = utf8 */;
CREATE TABLE `ht_participant` (
  `ID` bigint(20) NOT NULL,
  `CATEGORY` varchar(200) DEFAULT NULL,
  `TYPE` varchar(200) DEFAULT NULL,
  `REF` varchar(200) DEFAULT NULL,
  `HUMANTASK_ID` bigint(20) DEFAULT NULL,
  PRIMARY KEY (`ID`),
  KEY `FK_HT_PARTICIPANT_HUMANTASK` (`HUMANTASK_ID`),
  CONSTRAINT `FK_HT_PARTICIPANT_HUMANTASK` FOREIGN KEY (`HUMANTASK_ID`) REFERENCES `ht_humantask` (`ID`)
) ENGINE=InnoDB DEFAULT CHARSET=utf8;
/*!40101 SET character_set_client = @saved_cs_client */;

--
-- Dumping data for table `ht_participant`
--

LOCK TABLES `ht_participant` WRITE;
/*!40000 ALTER TABLE `ht_participant` DISABLE KEYS */;
/*!40000 ALTER TABLE `ht_participant` ENABLE KEYS */;
UNLOCK TABLES;

--
-- Table structure for table `inventory_info`
--

DROP TABLE IF EXISTS `inventory_info`;
/*!40101 SET @saved_cs_client     = @@character_set_client */;
/*!40101 SET character_set_client = utf8 */;
CREATE TABLE `inventory_info` (
  `ID` bigint(20) NOT NULL,
  `NAME` varchar(200) DEFAULT NULL,
  `CREATE_TIME` datetime DEFAULT NULL,
  `STATUS` varchar(50) DEFAULT NULL,
  `GOODS` varchar(100) DEFAULT NULL,
  `SUPPLIER` varchar(100) DEFAULT NULL,
  `DESCRIPTION` text,
  `USER_ID` varchar(64) DEFAULT NULL,
  `TENANT_ID` varchar(64) DEFAULT NULL,
  PRIMARY KEY (`ID`)
) ENGINE=InnoDB DEFAULT CHARSET=utf8;
/*!40101 SET character_set_client = @saved_cs_client */;

--
-- Dumping data for table `inventory_info`
--

LOCK TABLES `inventory_info` WRITE;
/*!40000 ALTER TABLE `inventory_info` DISABLE KEYS */;
/*!40000 ALTER TABLE `inventory_info` ENABLE KEYS */;
UNLOCK TABLES;

--
-- Table structure for table `javamail_attachment`
--

DROP TABLE IF EXISTS `javamail_attachment`;
/*!40101 SET @saved_cs_client     = @@character_set_client */;
/*!40101 SET character_set_client = utf8 */;
CREATE TABLE `javamail_attachment` (
  `ID` bigint(20) NOT NULL,
  `NAME` varchar(200) DEFAULT NULL,
  `REF` varchar(200) DEFAULT NULL,
  `TYPE` varchar(50) DEFAULT NULL,
  `MESSAGE_ID` bigint(20) DEFAULT NULL,
  PRIMARY KEY (`ID`),
  KEY `FK_JAVAMAIL_ATTACHMENT_MESSAGE` (`MESSAGE_ID`),
  CONSTRAINT `FK_JAVAMAIL_ATTACHMENT_MESSAGE` FOREIGN KEY (`MESSAGE_ID`) REFERENCES `javamail_message` (`ID`)
) ENGINE=InnoDB DEFAULT CHARSET=utf8;
/*!40101 SET character_set_client = @saved_cs_client */;

--
-- Dumping data for table `javamail_attachment`
--

LOCK TABLES `javamail_attachment` WRITE;
/*!40000 ALTER TABLE `javamail_attachment` DISABLE KEYS */;
/*!40000 ALTER TABLE `javamail_attachment` ENABLE KEYS */;
UNLOCK TABLES;

--
-- Table structure for table `javamail_config`
--

DROP TABLE IF EXISTS `javamail_config`;
/*!40101 SET @saved_cs_client     = @@character_set_client */;
/*!40101 SET character_set_client = utf8 */;
CREATE TABLE `javamail_config` (
  `ID` bigint(20) NOT NULL,
  `USERNAME` varchar(200) DEFAULT NULL,
  `PASSWORD` varchar(200) DEFAULT NULL,
  `RECEIVE_TYPE` varchar(50) DEFAULT NULL,
  `RECEIVE_HOST` varchar(200) DEFAULT NULL,
  `RECEIVE_PORT` varchar(10) DEFAULT NULL,
  `RECEIVE_SECURE` varchar(50) DEFAULT NULL,
  `SEND_TYPE` varchar(50) DEFAULT NULL,
  `SEND_HOST` varchar(50) DEFAULT NULL,
  `SEND_PORT` varchar(10) DEFAULT NULL,
  `SEND_SECURE` varchar(50) DEFAULT NULL,
  `PRIORITY` int(11) DEFAULT NULL,
  `USER_ID` varchar(64) DEFAULT NULL,
  PRIMARY KEY (`ID`)
) ENGINE=InnoDB DEFAULT CHARSET=utf8;
/*!40101 SET character_set_client = @saved_cs_client */;

--
-- Dumping data for table `javamail_config`
--

LOCK TABLES `javamail_config` WRITE;
/*!40000 ALTER TABLE `javamail_config` DISABLE KEYS */;
INSERT INTO `javamail_config` VALUES (1,'lingo@mossle.com','~lemon2mossle','pop3','mail.mossle.com','995','ssl-all','smtp','mail.mossle.com','465','ssl-all',1,'1');
/*!40000 ALTER TABLE `javamail_config` ENABLE KEYS */;
UNLOCK TABLES;

--
-- Table structure for table `javamail_message`
--

DROP TABLE IF EXISTS `javamail_message`;
/*!40101 SET @saved_cs_client     = @@character_set_client */;
/*!40101 SET character_set_client = utf8 */;
CREATE TABLE `javamail_message` (
  `ID` bigint(20) NOT NULL,
  `SENDER` varchar(200) DEFAULT NULL,
  `RECEIVER` varchar(200) DEFAULT NULL,
  `CC` varchar(200) DEFAULT NULL,
  `BCC` varchar(200) DEFAULT NULL,
  `SUBJECT` text,
  `CONTENT` text,
  `SEND_TIME` datetime DEFAULT NULL,
  `RECEIVE_TIME` datetime DEFAULT NULL,
  `STATUS` varchar(50) DEFAULT NULL,
  `FOLDER` varchar(200) DEFAULT NULL,
  `MESSAGE_ID` varchar(200) DEFAULT NULL,
  `MESSAGE_NUMBER` int(11) DEFAULT NULL,
  `CONFIG_ID` bigint(20) DEFAULT NULL,
  PRIMARY KEY (`ID`),
  KEY `FK_JAVAMAIL_MESSAGE_CONFIG` (`CONFIG_ID`),
  CONSTRAINT `FK_JAVAMAIL_MESSAGE_CONFIG` FOREIGN KEY (`CONFIG_ID`) REFERENCES `javamail_config` (`ID`)
) ENGINE=InnoDB DEFAULT CHARSET=utf8;
/*!40101 SET character_set_client = @saved_cs_client */;

--
-- Dumping data for table `javamail_message`
--

LOCK TABLES `javamail_message` WRITE;
/*!40000 ALTER TABLE `javamail_message` DISABLE KEYS */;
/*!40000 ALTER TABLE `javamail_message` ENABLE KEYS */;
UNLOCK TABLES;

--
-- Table structure for table `job_grade`
--

DROP TABLE IF EXISTS `job_grade`;
/*!40101 SET @saved_cs_client     = @@character_set_client */;
/*!40101 SET character_set_client = utf8 */;
CREATE TABLE `job_grade` (
  `ID` bigint(20) NOT NULL,
  `NAME` varchar(50) DEFAULT NULL,
  `TENANT_ID` varchar(200) DEFAULT NULL,
  `PRIORITY` int(11) DEFAULT NULL,
  PRIMARY KEY (`ID`)
) ENGINE=InnoDB DEFAULT CHARSET=utf8;
/*!40101 SET character_set_client = @saved_cs_client */;

--
-- Dumping data for table `job_grade`
--

LOCK TABLES `job_grade` WRITE;
/*!40000 ALTER TABLE `job_grade` DISABLE KEYS */;
INSERT INTO `job_grade` VALUES (1,'A','1',1),(2,'B','1',2);
/*!40000 ALTER TABLE `job_grade` ENABLE KEYS */;
UNLOCK TABLES;

--
-- Table structure for table `job_info`
--

DROP TABLE IF EXISTS `job_info`;
/*!40101 SET @saved_cs_client     = @@character_set_client */;
/*!40101 SET character_set_client = utf8 */;
CREATE TABLE `job_info` (
  `ID` bigint(20) NOT NULL,
  `NAME` varchar(50) DEFAULT NULL,
  `LEVEL_ID` bigint(20) DEFAULT NULL,
  `TYPE_ID` bigint(20) DEFAULT NULL,
  `TITLE_ID` bigint(20) DEFAULT NULL,
  `TENANT_ID` varchar(200) DEFAULT NULL,
  PRIMARY KEY (`ID`),
  KEY `FK_JOB_INFO_LEVEL` (`LEVEL_ID`),
  KEY `FK_JOB_INFO_TYPE` (`TYPE_ID`),
  KEY `FK_JOB_INFO_TITLE` (`TITLE_ID`),
  CONSTRAINT `FK_JOB_INFO_LEVEL` FOREIGN KEY (`LEVEL_ID`) REFERENCES `job_level` (`ID`),
  CONSTRAINT `FK_JOB_INFO_TITLE` FOREIGN KEY (`TITLE_ID`) REFERENCES `job_title` (`ID`),
  CONSTRAINT `FK_JOB_INFO_TYPE` FOREIGN KEY (`TYPE_ID`) REFERENCES `job_type` (`ID`)
) ENGINE=InnoDB DEFAULT CHARSET=utf8;
/*!40101 SET character_set_client = @saved_cs_client */;

--
-- Dumping data for table `job_info`
--

LOCK TABLES `job_info` WRITE;
/*!40000 ALTER TABLE `job_info` DISABLE KEYS */;
INSERT INTO `job_info` VALUES (1,NULL,1,1,1,'1'),(2,NULL,2,2,2,'1');
/*!40000 ALTER TABLE `job_info` ENABLE KEYS */;
UNLOCK TABLES;

--
-- Table structure for table `job_level`
--

DROP TABLE IF EXISTS `job_level`;
/*!40101 SET @saved_cs_client     = @@character_set_client */;
/*!40101 SET character_set_client = utf8 */;
CREATE TABLE `job_level` (
  `ID` bigint(20) NOT NULL,
  `NAME` varchar(50) DEFAULT NULL,
  `GRADE_ID` bigint(20) DEFAULT NULL,
  `TENANT_ID` varchar(200) DEFAULT NULL,
  `PRIORITY` int(11) DEFAULT NULL,
  PRIMARY KEY (`ID`),
  KEY `FK_JOB_LEVEL_GRADE` (`GRADE_ID`),
  CONSTRAINT `FK_JOB_LEVEL_GRADE` FOREIGN KEY (`GRADE_ID`) REFERENCES `job_grade` (`ID`)
) ENGINE=InnoDB DEFAULT CHARSET=utf8;
/*!40101 SET character_set_client = @saved_cs_client */;

--
-- Dumping data for table `job_level`
--

LOCK TABLES `job_level` WRITE;
/*!40000 ALTER TABLE `job_level` DISABLE KEYS */;
INSERT INTO `job_level` VALUES (1,'3',1,'1',1),(2,'2',2,'1',2),(3,'1',2,'1',3);
/*!40000 ALTER TABLE `job_level` ENABLE KEYS */;
UNLOCK TABLES;

--
-- Table structure for table `job_title`
--

DROP TABLE IF EXISTS `job_title`;
/*!40101 SET @saved_cs_client     = @@character_set_client */;
/*!40101 SET character_set_client = utf8 */;
CREATE TABLE `job_title` (
  `ID` bigint(20) NOT NULL,
  `NAME` varchar(50) DEFAULT NULL,
  `TENANT_ID` varchar(200) DEFAULT NULL,
  PRIMARY KEY (`ID`)
) ENGINE=InnoDB DEFAULT CHARSET=utf8;
/*!40101 SET character_set_client = @saved_cs_client */;

--
-- Dumping data for table `job_title`
--

LOCK TABLES `job_title` WRITE;
/*!40000 ALTER TABLE `job_title` DISABLE KEYS */;
INSERT INTO `job_title` VALUES (1,'总经理','1'),(2,'部门经理','1'),(270737941118976,'辅导员','1');
/*!40000 ALTER TABLE `job_title` ENABLE KEYS */;
UNLOCK TABLES;

--
-- Table structure for table `job_type`
--

DROP TABLE IF EXISTS `job_type`;
/*!40101 SET @saved_cs_client     = @@character_set_client */;
/*!40101 SET character_set_client = utf8 */;
CREATE TABLE `job_type` (
  `ID` bigint(20) NOT NULL,
  `NAME` varchar(50) DEFAULT NULL,
  `PARENT_ID` bigint(20) DEFAULT NULL,
  `TENANT_ID` varchar(200) DEFAULT NULL,
  PRIMARY KEY (`ID`),
  KEY `FK_JOB_TYPE_PARENT` (`PARENT_ID`),
  CONSTRAINT `FK_JOB_TYPE_PARENT` FOREIGN KEY (`PARENT_ID`) REFERENCES `job_type` (`ID`)
) ENGINE=InnoDB DEFAULT CHARSET=utf8;
/*!40101 SET character_set_client = @saved_cs_client */;

--
-- Dumping data for table `job_type`
--

LOCK TABLES `job_type` WRITE;
/*!40000 ALTER TABLE `job_type` DISABLE KEYS */;
INSERT INTO `job_type` VALUES (1,'决策管理类',NULL,'1'),(2,'技术类',NULL,'2');
/*!40000 ALTER TABLE `job_type` ENABLE KEYS */;
UNLOCK TABLES;

--
-- Table structure for table `job_user`
--

DROP TABLE IF EXISTS `job_user`;
/*!40101 SET @saved_cs_client     = @@character_set_client */;
/*!40101 SET character_set_client = utf8 */;
CREATE TABLE `job_user` (
  `ID` bigint(20) NOT NULL,
  `USER_REF` varchar(50) DEFAULT NULL,
  `JOB_INFO_ID` bigint(20) DEFAULT NULL,
  `TENANT_ID` varchar(200) DEFAULT NULL,
  PRIMARY KEY (`ID`),
  KEY `FK_JOB_USER_JOB` (`JOB_INFO_ID`),
  CONSTRAINT `FK_JOB_USER_JOB` FOREIGN KEY (`JOB_INFO_ID`) REFERENCES `job_info` (`ID`)
) ENGINE=InnoDB DEFAULT CHARSET=utf8;
/*!40101 SET character_set_client = @saved_cs_client */;

--
-- Dumping data for table `job_user`
--

LOCK TABLES `job_user` WRITE;
/*!40000 ALTER TABLE `job_user` DISABLE KEYS */;
INSERT INTO `job_user` VALUES (1,'5',1,'1'),(2,'3',2,'1'),(3,'4',2,'1');
/*!40000 ALTER TABLE `job_user` ENABLE KEYS */;
UNLOCK TABLES;

--
-- Table structure for table `kv_prop`
--

DROP TABLE IF EXISTS `kv_prop`;
/*!40101 SET @saved_cs_client     = @@character_set_client */;
/*!40101 SET character_set_client = utf8 */;
CREATE TABLE `kv_prop` (
  `ID` bigint(20) NOT NULL,
  `CODE` varchar(200) DEFAULT NULL,
  `TYPE` int(11) DEFAULT NULL,
  `VALUE` varchar(200) DEFAULT NULL,
  `TENANT_ID` varchar(64) DEFAULT NULL,
  `RECORD_ID` bigint(20) DEFAULT NULL,
  PRIMARY KEY (`ID`),
  KEY `FK_KV_PROP_RECORD` (`RECORD_ID`),
  CONSTRAINT `FK_KV_PROP_RECORD` FOREIGN KEY (`RECORD_ID`) REFERENCES `kv_record` (`ID`)
) ENGINE=InnoDB DEFAULT CHARSET=utf8;
/*!40101 SET character_set_client = @saved_cs_client */;

--
-- Dumping data for table `kv_prop`
--

LOCK TABLES `kv_prop` WRITE;
/*!40000 ALTER TABLE `kv_prop` DISABLE KEYS */;
INSERT INTO `kv_prop` VALUES (253397469347840,'startDate',0,'2016-08-20',NULL,253397469265920),(253397469380608,'startDateTime',0,'上午',NULL,253397469265920),(253397469380609,'reason',0,'宿舍',NULL,253397469265920),(253397469446144,'autoCompleteFirstTask',0,'false',NULL,253397469265920),(253397469462528,'businessKey',0,'253397469265920',NULL,253397469265920),(253397469462529,'bpmProcessId',0,'1',NULL,253397469265920),(253397469462530,'endDate',0,'2016-08-26',NULL,253397469265920),(253397469478912,'type',0,'倒休',NULL,253397469265920),(253397469478913,'endDateTime',0,'下午',NULL,253397469265920),(253397469495296,'processDefinitionId',0,'vacation:1:12',NULL,253397469265920),(253431963222016,'humanTaskId',0,'253397498626048',NULL,253397469265920),(253431963222017,'_humantask_action_',0,'',NULL,253397469265920),(253431963238400,'_humantask_comment_',0,'sdsdds',NULL,253397469265920),(253442188673024,'startDate',0,'2016-08-26',NULL,253442188607488),(253442188689408,'startDateTime',0,'上午',NULL,253442188607488),(253442188689409,'reason',0,'fd',NULL,253442188607488),(253442188705792,'autoCompleteFirstTask',0,'false',NULL,253442188607488),(253442188804096,'businessKey',0,'253442188607488',NULL,253442188607488),(253442188820480,'bpmProcessId',0,'1',NULL,253442188607488),(253442188820481,'endDate',0,'2016-08-31',NULL,253442188607488),(253442188820482,'type',0,'事假',NULL,253442188607488),(253442188836864,'endDateTime',0,'下午',NULL,253442188607488),(253442188836865,'processDefinitionId',0,'vacation:1:12',NULL,253442188607488),(253442851618816,'humanTaskId',0,'253442852519936',NULL,253442188607488),(253442851635200,'_humantask_action_',0,'',NULL,253442188607488),(253442851635201,'_humantask_comment_',0,'',NULL,253442188607488),(253569526644737,'bpmProcessId',0,'253452682625024',NULL,253569526644736),(253569526644738,'businessKey',0,'',NULL,253569526644736),(253572155654144,'startDate',0,'2016-08-13',NULL,253572155539456),(253572155670528,'startDateTime',0,'上午',NULL,253572155539456),(253572155686912,'reason',0,'分公司',NULL,253572155539456),(253572155686913,'autoCompleteFirstTask',0,'false',NULL,253572155539456),(253572155686914,'businessKey',0,'253572155539456',NULL,253572155539456),(253572155817984,'bpmProcessId',0,'1',NULL,253572155539456),(253572155817985,'endDate',0,'2016-08-25',NULL,253572155539456),(253572155817986,'type',0,'病假',NULL,253572155539456),(253572155817987,'endDateTime',0,'下午',NULL,253572155539456),(253572155834368,'processDefinitionId',0,'vacation:1:12',NULL,253572155539456),(253585567039488,'startDate',0,'2016-08-20',NULL,253585567006720),(253585567039489,'startDateTime',0,'上午',NULL,253585567006720),(253585567039490,'reason',0,'许昌vs打发士大夫',NULL,253585567006720),(253585567055872,'autoCompleteFirstTask',0,'false',NULL,253585567006720),(253585567055873,'businessKey',0,'253585567006720',NULL,253585567006720),(253585567055874,'bpmProcessId',0,'1',NULL,253585567006720),(253585567072256,'endDate',0,'2016-08-27',NULL,253585567006720),(253585567121408,'type',0,'事假',NULL,253585567006720),(253585567121409,'endDateTime',0,'下午',NULL,253585567006720),(253585567121410,'processDefinitionId',0,'vacation:1:12',NULL,253585567006720),(253657840795648,'startDate',0,'2016-08-18',NULL,253657840730112),(253657840812032,'startDateTime',0,'上午',NULL,253657840730112),(253657840828416,'reason',0,'sfsdf',NULL,253657840730112),(253657840828417,'autoCompleteFirstTask',0,'false',NULL,253657840730112),(253657840959488,'businessKey',0,'',NULL,253657840730112),(253657840959489,'bpmProcessId',0,'1',NULL,253657840730112),(253657840959490,'endDate',0,'2016-08-27',NULL,253657840730112),(253657840959491,'type',0,'事假',NULL,253657840730112),(253657840959492,'endDateTime',0,'下午',NULL,253657840730112),(253657840992256,'processDefinitionId',0,'vacation:1:12',NULL,253657840730112),(253741680312321,'startDate',0,'2016-08-12',NULL,253741680312320),(253741680558080,'startDateTime',0,'上午',NULL,253741680312320),(253741680558081,'reason',0,'test',NULL,253741680312320),(253741680558082,'autoCompleteFirstTask',0,'false',NULL,253741680312320),(253741680558083,'businessKey',0,'253741680312320',NULL,253741680312320),(253741680558084,'bpmProcessId',0,'1',NULL,253741680312320),(253741680558085,'endDate',0,'2016-08-26',NULL,253741680312320),(253741680558086,'type',0,'事假',NULL,253741680312320),(253741680558087,'endDateTime',0,'下午',NULL,253741680312320),(253741680558088,'processDefinitionId',0,'vacation:1:12',NULL,253741680312320),(253746096472065,'content',0,'11',NULL,253746096472064),(253746096472066,'title',0,'11',NULL,253746096472064),(253746096472067,'autoCompleteFirstTask',0,'false',NULL,253746096472064),(253746096472068,'businessKey',0,'253746096472064',NULL,253746096472064),(253746096472069,'bpmProcessId',0,'2',NULL,253746096472064),(253746096472070,'countersignUsers',0,'247688773386240,247689637478400',NULL,253746096472064),(253746096472071,'processDefinitionId',0,'publish:1:8',NULL,253746096472064),(253746096472072,'countersignUsers_name',0,'ww,tt',NULL,253746096472064),(254985839607809,'startDate',0,'2016-08-20',NULL,254985839607808),(254985839607810,'startDateTime',0,'上午',NULL,254985839607808),(254985839607811,'reason',0,'qwe',NULL,254985839607808),(254985839607812,'autoCompleteFirstTask',0,'false',NULL,254985839607808),(254985839607813,'businessKey',0,'254985839607808',NULL,254985839607808),(254985839607814,'bpmProcessId',0,'1',NULL,254985839607808),(254985839607815,'endDate',0,'2016-08-25',NULL,254985839607808),(254985839607816,'type',0,'事假',NULL,254985839607808),(254985839607817,'endDateTime',0,'下午',NULL,254985839607808),(254985839607818,'processDefinitionId',0,'vacation:1:12',NULL,254985839607808),(255028050034688,'content',0,'',NULL,255028049969152),(255028050051072,'title',0,'df',NULL,255028049969152),(255028050051073,'autoCompleteFirstTask',0,'false',NULL,255028049969152),(255028050051074,'businessKey',0,'255028049969152',NULL,255028049969152),(255028050067456,'bpmProcessId',0,'2',NULL,255028049969152),(255028050067457,'countersignUsers',0,'247689637478400',NULL,255028049969152),(255028050067458,'processDefinitionId',0,'publish:1:8',NULL,255028049969152),(255028050083840,'countersignUsers_name',0,'tt',NULL,255028049969152),(255029386952704,'humanTaskId',0,'255029388197888',NULL,255028049969152),(255029386969088,'_humantask_action_',0,'反对',NULL,255028049969152),(255029386985472,'_humantask_comment_',0,'',NULL,255028049969152),(255031233069056,'countersignComment',0,'同意',NULL,255028049969152),(263487426166784,'startDate',0,'2016-08-26',NULL,263487425871872),(263487426183168,'startDateTime',0,'上午',NULL,263487425871872),(263487426199552,'reason',0,'sda',NULL,263487425871872),(263487426215936,'autoCompleteFirstTask',0,'false',NULL,263487425871872),(263487426232320,'businessKey',0,'263487425871872',NULL,263487425871872),(263487426248704,'bpmProcessId',0,'1',NULL,263487425871872),(263487426265088,'endDate',0,'2016-08-31',NULL,263487425871872),(263487426265089,'type',0,'事假',NULL,263487425871872),(263487426281472,'endDateTime',0,'下午',NULL,263487425871872),(263487426297856,'processDefinitionId',0,'vacation:1:12',NULL,263487425871872),(270376239153152,'startDate',0,'2016-07-28',NULL,270376238874624),(270376239169536,'startDateTime',0,'上午',NULL,270376238874624),(270376239169537,'reason',0,'test',NULL,270376238874624),(270376239185920,'autoCompleteFirstTask',0,'false',NULL,270376238874624),(270376239185921,'businessKey',0,'270376238874624',NULL,270376238874624),(270376239185922,'bpmProcessId',0,'1',NULL,270376238874624),(270376239202304,'endDate',0,'2016-08-26',NULL,270376238874624),(270376239202305,'type',0,'事假',NULL,270376238874624),(270376239218688,'endDateTime',0,'下午',NULL,270376238874624),(270376239218689,'processDefinitionId',0,'vacation:1:12',NULL,270376238874624),(270377573826560,'humanTaskId',0,'270376274198528',NULL,270376238874624),(270377573826561,'_humantask_action_',0,'',NULL,270376238874624),(270377573842944,'leaderComment',0,'同意',NULL,270376238874624),(270377573842945,'_humantask_comment_',0,'',NULL,270376238874624),(270380001542144,'content',0,'11111',NULL,270380001509376),(270380001542145,'title',0,'test',NULL,270380001509376),(270380001558528,'autoCompleteFirstTask',0,'false',NULL,270380001509376),(270380001558529,'businessKey',0,'270380001509376',NULL,270380001509376),(270380001574912,'bpmProcessId',0,'2',NULL,270380001509376),(270380001574913,'countersignUsers',0,'247689637478400',NULL,270380001509376),(270380001574914,'processDefinitionId',0,'publish:1:8',NULL,270380001509376),(270380001591296,'countersignUsers_name',0,'tt',NULL,270380001509376),(270381013516288,'humanTaskId',0,'270381464567808',NULL,270380001509376),(270381013532672,'_humantask_action_',0,'同意',NULL,270380001509376),(270381013549056,'leaderComment',0,'同意',NULL,270380001509376),(270381013549057,'_humantask_comment_',0,'',NULL,270380001509376),(270388501430272,'countersignComment',0,'同意',NULL,270380001509376),(270513642438656,'startDate',0,'2016-08-27',NULL,270513642176512),(270513642438657,'startDateTime',0,'上午',NULL,270513642176512),(270513642438658,'reason',0,'fdgd',NULL,270513642176512),(270513642438659,'autoCompleteFirstTask',0,'false',NULL,270513642176512),(270513642438660,'businessKey',0,'270513642176512',NULL,270513642176512),(270513642438661,'bpmProcessId',0,'1',NULL,270513642176512),(270513642438662,'endDate',0,'2016-08-31',NULL,270513642176512),(270513642438663,'type',0,'事假',NULL,270513642176512),(270513642438664,'endDateTime',0,'下午',NULL,270513642176512),(270513642438665,'processDefinitionId',0,'vacation:1:12',NULL,270513642176512),(270614424371200,'humanTaskId',0,'270513673076736',NULL,270513642176512),(270614424403968,'_humantask_action_',0,'',NULL,270513642176512),(270614424420352,'_humantask_comment_',0,'',NULL,270513642176512),(270615236722688,'startDate',0,'2016-08-26',NULL,270615236689920),(270615236722689,'startDateTime',0,'上午',NULL,270615236689920),(270615236722690,'reason',0,'a',NULL,270615236689920),(270615236722691,'autoCompleteFirstTask',0,'false',NULL,270615236689920),(270615236739072,'businessKey',0,'270615236689920',NULL,270615236689920),(270615236739073,'bpmProcessId',0,'1',NULL,270615236689920),(270615236739074,'endDate',0,'2016-08-31',NULL,270615236689920),(270615236820992,'type',0,'事假',NULL,270615236689920),(270615236837376,'endDateTime',0,'下午',NULL,270615236689920),(270615236837377,'processDefinitionId',0,'vacation:1:12',NULL,270615236689920),(270615537221632,'humanTaskId',0,'270619157757952',NULL,270615236689920),(270615537238016,'_humantask_action_',0,'',NULL,270615236689920),(270615537238017,'_humantask_comment_',0,'',NULL,270615236689920),(270615682908160,'leaderComment',0,'同意',NULL,270615236689920),(270619156856832,'hrComment',0,'同意',NULL,270615236689920),(270622027120640,'content',0,'1231',NULL,270622027038720),(270622027137024,'title',0,'12',NULL,270622027038720),(270622027137025,'autoCompleteFirstTask',0,'false',NULL,270622027038720),(270622027153408,'businessKey',0,'270622027038720',NULL,270622027038720),(270622027153409,'bpmProcessId',0,'2',NULL,270622027038720),(270622027169792,'countersignUsers',0,'4',NULL,270622027038720),(270622027169793,'processDefinitionId',0,'publish:1:8',NULL,270622027038720),(270622027169794,'countersignUsers_name',0,'金',NULL,270622027038720),(270623529009152,'humanTaskId',0,'270623529762816',NULL,270622027038720),(270623529025536,'_humantask_action_',0,'同意',NULL,270622027038720),(270623529025537,'leaderComment',0,'同意',NULL,270622027038720),(270623529025538,'_humantask_comment_',0,'',NULL,270622027038720),(270624048300032,'countersignComment',0,'同意',NULL,270622027038720),(270633939025920,'content',0,'we',NULL,270633939009536),(270633939042304,'title',0,'qw',NULL,270633939009536),(270633939091456,'autoCompleteFirstTask',0,'false',NULL,270633939009536),(270633939107840,'businessKey',0,'270633939009536',NULL,270633939009536),(270633939107841,'bpmProcessId',0,'2',NULL,270633939009536),(270633939107842,'countersignUsers',0,'247689637478400',NULL,270633939009536),(270633939124224,'processDefinitionId',0,'publish:1:8',NULL,270633939009536),(270633939124225,'countersignUsers_name',0,'tt',NULL,270633939009536),(270634202431488,'humanTaskId',0,'270634203316224',NULL,270633939009536),(270634202447872,'_humantask_action_',0,'同意',NULL,270633939009536),(270634202447873,'leaderComment',0,'同意',NULL,270633939009536),(270634202480640,'_humantask_comment_',0,'',NULL,270633939009536),(270635210719232,'countersignComment',0,'同意',NULL,270633939009536),(270752438370304,'startDate',0,'2016-08-26',NULL,270752438255616),(270752438386688,'startDateTime',0,'上午',NULL,270752438255616),(270752438386689,'reason',0,'胜多负少',NULL,270752438255616),(270752438403072,'autoCompleteFirstTask',0,'false',NULL,270752438255616),(270752438403073,'businessKey',0,'270752438255616',NULL,270752438255616),(270752438403074,'bpmProcessId',0,'270745847971840',NULL,270752438255616),(270752438419456,'endDate',0,'2016-08-30',NULL,270752438255616),(270752438419457,'type',0,'事假',NULL,270752438255616),(270752438419458,'endDateTime',0,'下午',NULL,270752438255616),(270752438435840,'processDefinitionId',0,'process:4:15173',NULL,270752438255616),(270753257078784,'humanTaskId',0,'270752467746816',NULL,270752438255616),(270753257078785,'_humantask_action_',0,'',NULL,270752438255616),(270753257095168,'_humantask_comment_',0,'',NULL,270752438255616),(270755860905984,'startDate',0,'2016-08-27',NULL,270755860873216),(270755860905985,'startDateTime',0,'上午',NULL,270755860873216),(270755860905986,'reason',0,'sdf',NULL,270755860873216),(270755860905987,'autoCompleteFirstTask',0,'false',NULL,270755860873216),(270755860922368,'businessKey',0,'',NULL,270755860873216),(270755860971520,'bpmProcessId',0,'270745847971840',NULL,270755860873216),(270755860987904,'endDate',0,'2016-08-31',NULL,270755860873216),(270755860987905,'type',0,'事假',NULL,270755860873216),(270755860987906,'endDateTime',0,'下午',NULL,270755860873216),(270755860987907,'processDefinitionId',0,'process:4:15173',NULL,270755860873216),(270756993368064,'startDate',0,'2016-08-26',NULL,270756993302528),(270756993384448,'startDateTime',0,'上午',NULL,270756993302528),(270756993384449,'reason',0,'sd',NULL,270756993302528),(270756993400832,'autoCompleteFirstTask',0,'false',NULL,270756993302528),(270756993400833,'businessKey',0,'270756993302528',NULL,270756993302528),(270756993400834,'bpmProcessId',0,'270745847971840',NULL,270756993302528),(270756993417216,'endDate',0,'2016-08-31',NULL,270756993302528),(270756993417217,'type',0,'事假',NULL,270756993302528),(270756993417218,'endDateTime',0,'下午',NULL,270756993302528),(270756993417219,'processDefinitionId',0,'process:4:15173',NULL,270756993302528),(270757515673600,'startDate',0,'2016-08-23',NULL,270757515640832),(270757515673601,'startDateTime',0,'上午',NULL,270757515640832),(270757515689984,'reason',0,'fd',NULL,270757515640832),(270757515689985,'autoCompleteFirstTask',0,'false',NULL,270757515640832),(270757515689986,'businessKey',0,'270757515640832',NULL,270757515640832),(270757515689987,'bpmProcessId',0,'1',NULL,270757515640832),(270757515706368,'endDate',0,'2016-08-31',NULL,270757515640832),(270757515706369,'type',0,'事假',NULL,270757515640832),(270757515706370,'endDateTime',0,'下午',NULL,270757515640832),(270757515722752,'processDefinitionId',0,'vacation:1:12',NULL,270757515640832),(271695178825728,'startDate',0,'2016-08-26',NULL,271695178579968),(271695178825729,'startDateTime',0,'上午',NULL,271695178579968),(271695178825730,'reason',0,'aad',NULL,271695178579968),(271695178825731,'autoCompleteFirstTask',0,'false',NULL,271695178579968),(271695178825732,'businessKey',0,'271695178579968',NULL,271695178579968),(271695178825733,'bpmProcessId',0,'1',NULL,271695178579968),(271695178825734,'endDate',0,'2016-08-28',NULL,271695178579968),(271695178825735,'type',0,'事假',NULL,271695178579968),(271695178825736,'endDateTime',0,'下午',NULL,271695178579968),(271695178825737,'processDefinitionId',0,'vacation:1:12',NULL,271695178579968),(271696279928832,'humanTaskId',0,'270757730238464',NULL,270757515640832),(271696279928833,'_humantask_action_',0,'',NULL,270757515640832),(271696279928834,'leaderComment',0,'同意',NULL,270757515640832),(271696279928835,'_humantask_comment_',0,'',NULL,270757515640832),(271756963725312,'bpmProcessId',0,'270745847971840',NULL,271756963692544),(271756963741696,'businessKey',0,'',NULL,271756963692544),(271757449904128,'humanTaskId',0,'270757021220864',NULL,270756993302528),(271757449904129,'_humantask_action_',0,'',NULL,270756993302528),(271757449904130,'leaderComment',0,'同意',NULL,270756993302528),(271757449904131,'_humantask_comment_',0,'',NULL,270756993302528),(271759910174721,'startDate',0,'2016-08-28',NULL,271759910174720),(271759910174722,'startDateTime',0,'上午',NULL,271759910174720),(271759910174723,'reason',0,'sf',NULL,271759910174720),(271759910174724,'autoCompleteFirstTask',0,'false',NULL,271759910174720),(271759910174725,'businessKey',0,'271759910174720',NULL,271759910174720),(271759910174726,'bpmProcessId',0,'270745847971840',NULL,271759910174720),(271759910174727,'endDate',0,'2016-08-31',NULL,271759910174720),(271759910174728,'type',0,'事假',NULL,271759910174720),(271759910420480,'endDateTime',0,'下午',NULL,271759910174720),(271759910420481,'processDefinitionId',0,'process:4:15173',NULL,271759910174720),(271759910682624,'fileupload-4-1',0,'20160824/1b9ed044-ac0e-452b-a091-5607b21d1b49.txt',NULL,271759910174720),(271766822633473,'startDate',0,'2016-08-26',NULL,271766822633472),(271766822633474,'startDateTime',0,'上午',NULL,271766822633472),(271766822633475,'reason',0,'fgd',NULL,271766822633472),(271766822633476,'autoCompleteFirstTask',0,'false',NULL,271766822633472),(271766822633477,'businessKey',0,'271766822633472',NULL,271766822633472),(271766822633478,'bpmProcessId',0,'270745847971840',NULL,271766822633472),(271766822879232,'endDate',0,'2016-08-31',NULL,271766822633472),(271766822879233,'type',0,'事假',NULL,271766822633472),(271766822879234,'endDateTime',0,'下午',NULL,271766822633472),(271766822879235,'processDefinitionId',0,'process:4:15173',NULL,271766822633472),(271766823141376,'fileupload-4-1',0,'20160824/1591ad81-1b1d-4fda-b7d2-5ce2ad13e154.xls',NULL,271766822633472),(271782491504641,'startDate',0,'2016-08-26',NULL,271782491504640),(271782491504642,'startDateTime',0,'上午',NULL,271782491504640),(271782491504643,'reason',0,'gjfj',NULL,271782491504640),(271782491504644,'autoCompleteFirstTask',0,'false',NULL,271782491504640),(271782491504645,'businessKey',0,'271782491504640',NULL,271782491504640),(271782491504646,'bpmProcessId',0,'270745847971840',NULL,271782491504640),(271782491504647,'endDate',0,'2016-08-31',NULL,271782491504640),(271782491504648,'type',0,'婚假',NULL,271782491504640),(271782491750400,'endDateTime',0,'下午',NULL,271782491504640),(271782491750401,'processDefinitionId',0,'process:4:15173',NULL,271782491504640),(271782491750403,'fileupload-4-1',0,'20160824/b0476c74-90c2-4462-a6b5-8f74985c153f.txt',NULL,271782491504640),(271828669497345,'startDate',0,'2016-08-26',NULL,271828669497344),(271828669497346,'startDateTime',0,'上午',NULL,271828669497344),(271828669497347,'reason',0,'sdf',NULL,271828669497344),(271828669497348,'autoCompleteFirstTask',0,'false',NULL,271828669497344),(271828669497349,'businessKey',0,'271828669497344',NULL,271828669497344),(271828669759488,'bpmProcessId',0,'270745847971840',NULL,271828669497344),(271828669759489,'endDate',0,'2016-08-31',NULL,271828669497344),(271828669759490,'type',0,'事假',NULL,271828669497344),(271828669759491,'endDateTime',0,'下午',NULL,271828669497344),(271828669759492,'processDefinitionId',0,'process:4:15173',NULL,271828669497344),(271828670021632,'fileupload-4-1',0,'20160824/49756345-f0f7-4f0f-a39f-afd01ac9fb96.txt',NULL,271828669497344),(277386212868096,'startDate',0,'2016-08-28',NULL,277386212622336),(277386212884480,'totalDays',0,'大于三天',NULL,277386212622336),(277386212900864,'startDateTime',0,'上午',NULL,277386212622336),(277386212900865,'reason',0,'test',NULL,277386212622336),(277386212900866,'autoCompleteFirstTask',0,'false',NULL,277386212622336),(277386212917248,'businessKey',0,'277386212622336',NULL,277386212622336),(277386212917249,'bpmProcessId',0,'277362401099776',NULL,277386212622336),(277386212917250,'endDate',0,'2016-08-31',NULL,277386212622336),(277386212933632,'type',0,'事假',NULL,277386212622336),(277386212933633,'endDateTime',0,'下午',NULL,277386212622336),(277386212933634,'processDefinitionId',0,'vacation-student:1:20008',NULL,277386212622336),(277391815983104,'startDate',0,'2016-08-30',NULL,277391815950336),(277391815983105,'totalDays',0,'大于三天',NULL,277391815950336),(277391815983106,'startDateTime',0,'上午',NULL,277391815950336),(277391815999488,'reason',0,'sd',NULL,277391815950336),(277391815999489,'autoCompleteFirstTask',0,'false',NULL,277391815950336),(277391815999490,'businessKey',0,'277391815950336',NULL,277391815950336),(277391816015872,'bpmProcessId',0,'277362401099776',NULL,277391815950336),(277391816015873,'endDate',0,'2016-08-31',NULL,277391815950336),(277391816032256,'type',0,'事假',NULL,277391815950336),(277391816048640,'endDateTime',0,'下午',NULL,277391815950336),(277391816065024,'processDefinitionId',0,'vacation-student:1:20008',NULL,277391815950336),(277394326126592,'startDate',0,'2016-08-30',NULL,277394326110208),(277394326142976,'startDateTime',0,'上午',NULL,277394326110208),(277394326142977,'reason',0,'adsff',NULL,277394326110208),(277394326142978,'autoCompleteFirstTask',0,'false',NULL,277394326110208),(277394326159360,'businessKey',0,'277394326110208',NULL,277394326110208),(277394326159361,'bpmProcessId',0,'1',NULL,277394326110208),(277394326159362,'endDate',0,'2016-08-31',NULL,277394326110208),(277394326175744,'type',0,'事假',NULL,277394326110208),(277394326175745,'endDateTime',0,'下午',NULL,277394326110208),(277394326175746,'processDefinitionId',0,'vacation:1:12',NULL,277394326110208),(277400806670336,'startDate',0,'2016-08-30',NULL,277400806588416),(277400806670337,'totalDays',0,'小于三天',NULL,277400806588416),(277400806686720,'startDateTime',0,'上午',NULL,277400806588416),(277400806686721,'reason',0,'te',NULL,277400806588416),(277400806686722,'autoCompleteFirstTask',0,'false',NULL,277400806588416),(277400806752256,'businessKey',0,'277400806588416',NULL,277400806588416),(277400806752257,'bpmProcessId',0,'277362401099776',NULL,277400806588416),(277400806768640,'endDate',0,'2016-08-31',NULL,277400806588416),(277400806768641,'type',0,'事假',NULL,277400806588416),(277400806768642,'endDateTime',0,'下午',NULL,277400806588416),(277400806785024,'processDefinitionId',0,'vacation-student:1:20008',NULL,277400806588416),(277401186009088,'humanTaskId',0,'277400840503296',NULL,277400806588416),(277401186009089,'_humantask_action_',0,'',NULL,277400806588416),(277401186009090,'leaderComment',0,'同意',NULL,277400806588416),(277401186025472,'_humantask_comment_',0,'',NULL,277400806588416),(277416052768768,'startDate',0,'2016-08-30',NULL,277416052719616),(277416052768769,'totalDays',0,'大于三天',NULL,277416052719616),(277416052785152,'startDateTime',0,'上午',NULL,277416052719616),(277416052785153,'reason',0,'ret',NULL,277416052719616),(277416052785154,'autoCompleteFirstTask',0,'false',NULL,277416052719616),(277416052801536,'businessKey',0,'277416052719616',NULL,277416052719616),(277416052801537,'bpmProcessId',0,'277362401099776',NULL,277416052719616),(277416052801538,'endDate',0,'2016-08-31',NULL,277416052719616),(277416052801539,'type',0,'事假',NULL,277416052719616),(277416052817920,'endDateTime',0,'下午',NULL,277416052719616),(277416052817921,'processDefinitionId',0,'vacation-student:2:20087',NULL,277416052719616),(277416334852096,'humanTaskId',0,'277416114700288',NULL,277416052719616),(277416334868480,'_humantask_action_',0,'',NULL,277416052719616),(277416334868481,'leaderComment',0,'同意',NULL,277416052719616),(277416334868482,'_humantask_comment_',0,'',NULL,277416052719616),(277433676283904,'startDate',0,'2016-08-30',NULL,277433676251136),(277433676300288,'totalDays',0,'大于三天',NULL,277433676251136),(277433676300289,'startDateTime',0,'上午',NULL,277433676251136),(277433676300290,'reason',0,'df',NULL,277433676251136),(277433676300291,'autoCompleteFirstTask',0,'false',NULL,277433676251136),(277433676316672,'businessKey',0,'277433676251136',NULL,277433676251136),(277433676316673,'bpmProcessId',0,'277430478815232',NULL,277433676251136),(277433676316674,'endDate',0,'2016-08-31',NULL,277433676251136),(277433676316675,'type',0,'事假',NULL,277433676251136),(277433676316676,'endDateTime',0,'下午',NULL,277433676251136),(277433676414976,'processDefinitionId',0,'vacation-student:4:20117',NULL,277433676251136),(277433905528832,'humanTaskId',0,'277433694568448',NULL,277433676251136),(277433905528833,'_humantask_action_',0,'',NULL,277433676251136),(277433905545216,'leaderComment',0,'同意',NULL,277433676251136),(277433905610752,'_humantask_comment_',0,'',NULL,277433676251136),(277438255693824,'startDate',0,'2016-08-30',NULL,277438255661056),(277438255693825,'totalDays',0,'大于三天',NULL,277438255661056),(277438255693826,'startDateTime',0,'上午',NULL,277438255661056),(277438255710208,'reason',0,'sf',NULL,277438255661056),(277438255710209,'autoCompleteFirstTask',0,'false',NULL,277438255661056),(277438255726592,'businessKey',0,'277438255661056',NULL,277438255661056),(277438255726593,'bpmProcessId',0,'277430478815232',NULL,277438255661056),(277438255742976,'endDate',0,'2016-08-31',NULL,277438255661056),(277438255742977,'type',0,'事假',NULL,277438255661056),(277438255742978,'endDateTime',0,'下午',NULL,277438255661056),(277438255759360,'processDefinitionId',0,'vacation-student:4:20117',NULL,277438255661056),(277438683594752,'humanTaskId',0,'277439306760192',NULL,277438255661056),(277438683611136,'_humantask_action_',0,'',NULL,277438255661056),(277438683611137,'leaderComment',0,'同意',NULL,277438255661056),(277438683627520,'_humantask_comment_',0,'',NULL,277438255661056),(277439306022912,'hrComment',0,'同意',NULL,277438255661056),(277601506263040,'startDate',0,'2016-08-28',NULL,277601506230272),(277601506279424,'startDateTime',0,'上午',NULL,277601506230272),(277601506279425,'reason',0,'fgh',NULL,277601506230272),(277601506295808,'autoCompleteFirstTask',0,'false',NULL,277601506230272),(277601506295809,'businessKey',0,'277601506230272',NULL,277601506230272),(277601506295810,'bpmProcessId',0,'1',NULL,277601506230272),(277601506295811,'endDate',0,'2016-08-31',NULL,277601506230272),(277601506312192,'type',0,'倒休',NULL,277601506230272),(277601506312193,'endDateTime',0,'下午',NULL,277601506230272),(277601506312194,'processDefinitionId',0,'vacation:1:12',NULL,277601506230272);
/*!40000 ALTER TABLE `kv_prop` ENABLE KEYS */;
UNLOCK TABLES;

--
-- Table structure for table `kv_record`
--

DROP TABLE IF EXISTS `kv_record`;
/*!40101 SET @saved_cs_client     = @@character_set_client */;
/*!40101 SET character_set_client = utf8 */;
CREATE TABLE `kv_record` (
  `ID` bigint(20) NOT NULL,
  `CATEGORY` varchar(200) DEFAULT NULL,
  `STATUS` int(11) DEFAULT NULL,
  `REF` varchar(200) DEFAULT NULL,
  `USER_ID` varchar(64) DEFAULT NULL,
  `CREATE_TIME` datetime DEFAULT NULL,
  `NAME` varchar(100) DEFAULT NULL,
  `FORM_TEMPLATE_CODE` varchar(200) DEFAULT NULL,
  `TENANT_ID` varchar(64) DEFAULT NULL,
  PRIMARY KEY (`ID`)
) ENGINE=InnoDB DEFAULT CHARSET=utf8;
/*!40101 SET character_set_client = @saved_cs_client */;

--
-- Dumping data for table `kv_record`
--

LOCK TABLES `kv_record` WRITE;
/*!40000 ALTER TABLE `kv_record` DISABLE KEYS */;
INSERT INTO `kv_record` VALUES (253357509574656,NULL,0,'vacation-request',NULL,NULL,'申请单',NULL,NULL),(253357634093056,NULL,0,'vacation-department',NULL,NULL,'上级审批',NULL,NULL),(253357840138240,NULL,0,'vacation-hr',NULL,NULL,'人事审批',NULL,NULL),(253358658420736,NULL,0,'publish-finish',NULL,NULL,'归档',NULL,NULL),(253397469265920,'1',2,'5001','1','2016-08-11 11:17:35','请假流程',NULL,'1'),(253442188607488,'1',1,'5018','247689637478400','2016-08-11 12:03:04','请假流程',NULL,'1'),(253569526644736,'253452682625024',2,'5042','1','2016-08-11 14:12:36','简单请假流程',NULL,'1'),(253572155539456,'1',2,'5047','1','2016-08-11 14:15:17','请假流程',NULL,'1'),(253585567006720,'1',2,'5060','1','2016-08-11 14:28:55','请假流程',NULL,'1'),(253657840730112,'1',0,NULL,'1','2016-08-11 15:42:27','请假流程',NULL,'1'),(253741680312320,'1',2,'5085','1','2016-08-11 17:07:44','请假流程',NULL,'1'),(253746096472064,'2',2,'5098','1','2016-08-11 17:12:13','发文流程',NULL,'1'),(254985839607808,'1',2,'7501','247689000714240','2016-08-12 14:13:21','请假流程',NULL,'1'),(255028049969152,'2',1,'7519','1','2016-08-12 14:56:18','发文流程',NULL,'1'),(263487425871872,'1',2,'10001','263486612602880','2016-08-18 14:21:37','请假流程',NULL,'1'),(270376238874624,'1',1,'15001','1','2016-08-23 11:09:17','请假流程',NULL,'1'),(270380001509376,'2',1,'15022','1','2016-08-23 11:13:06','发文流程',NULL,'1'),(270513642176512,'1',1,'15059','1','2016-08-23 13:29:03','请假流程',NULL,'1'),(270615236689920,'1',2,'15077','1','2016-08-23 15:12:24','请假流程',NULL,'1'),(270622027038720,'2',1,'15105','1','2016-08-23 15:19:18','发文流程',NULL,'1'),(270633939009536,'2',1,'15131','1','2016-08-23 15:31:25','发文流程',NULL,'1'),(270752438255616,'270745847971840',2,'15174','1','2016-08-23 17:31:58','test',NULL,'1'),(270755860873216,'270745847971840',0,NULL,'1','2016-08-23 17:35:27','test',NULL,'1'),(270756993302528,'270745847971840',2,'15194','1','2016-08-23 17:36:36','test',NULL,'1'),(270757515640832,'1',2,'15210','1','2016-08-23 17:37:08','请假流程',NULL,'1'),(271695178579968,'1',2,'17501','1','2016-08-24 09:30:58','请假流程',NULL,'1'),(271710293164032,NULL,0,'vacation-modify',NULL,NULL,'调整申请',NULL,NULL),(271729509171200,NULL,0,'vacation-request1',NULL,NULL,'申请单1',NULL,NULL),(271755996758016,NULL,0,'vacation-request-student',NULL,NULL,'学生请假单',NULL,NULL),(271756081807360,NULL,0,'vacation-department-student',NULL,NULL,'辅导员审批',NULL,NULL),(271756963692544,'270745847971840',2,'17522','1','2016-08-24 10:33:49','test',NULL,'1'),(271759910174720,'270745847971840',2,'17535','1','2016-08-24 10:36:49','test',NULL,'1'),(271766822633472,'270745847971840',2,'17552','1','2016-08-24 10:43:51','test',NULL,'1'),(271782491504640,'270745847971840',2,'17569','1','2016-08-24 10:59:48','test',NULL,'1'),(271789764935680,NULL,0,'publish-request',NULL,NULL,'发文',NULL,NULL),(271817743646720,NULL,0,'vacation-hr1',NULL,NULL,'人事审批1',NULL,NULL),(271828669497344,'270745847971840',2,'17586','1','2016-08-24 11:46:46','test',NULL,'1'),(276491299864576,NULL,0,'permission-manager',NULL,NULL,'总经理审批',NULL,NULL),(276491477336064,NULL,0,'publish-manager',NULL,NULL,'经理审批',NULL,NULL),(276492071239680,NULL,0,'permission-department',NULL,NULL,'经理审批',NULL,NULL),(277386212622336,'277362401099776',2,'20009','1','2016-08-28 10:00:12','学生请假流程',NULL,'1'),(277391815950336,'277362401099776',2,'20028','1','2016-08-28 10:05:54','学生请假流程',NULL,'1'),(277394326110208,'1',2,'20045','1','2016-08-28 10:08:27','请假流程',NULL,'1'),(277397172125696,NULL,0,'vacation-leader-student',NULL,NULL,'院系领导审批',NULL,NULL),(277400806588416,'277362401099776',1,'20061','1','2016-08-28 10:15:02','学生请假流程',NULL,'1'),(277416052719616,'277362401099776',2,'20088','1','2016-08-28 10:30:33','学生请假流程',NULL,'1'),(277433676251136,'277430478815232',2,'20118','1','2016-08-28 10:48:29','学生请假流程',NULL,'1'),(277438255661056,'277430478815232',2,'20141','1','2016-08-28 10:53:08','学生请假流程',NULL,'1'),(277601506230272,'1',2,'20170','247689000714240','2016-08-28 13:39:12','请假流程',NULL,'1');
/*!40000 ALTER TABLE `kv_record` ENABLE KEYS */;
UNLOCK TABLES;

--
-- Table structure for table `leave_info`
--

DROP TABLE IF EXISTS `leave_info`;
/*!40101 SET @saved_cs_client     = @@character_set_client */;
/*!40101 SET character_set_client = utf8 */;
CREATE TABLE `leave_info` (
  `ID` bigint(20) NOT NULL,
  `NAME` varchar(200) DEFAULT NULL,
  `CREATE_TIME` datetime DEFAULT NULL,
  `STATUS` varchar(50) DEFAULT NULL,
  `TYPE` varchar(50) DEFAULT NULL,
  `START_TIME` datetime DEFAULT NULL,
  `END_TIME` datetime DEFAULT NULL,
  `EMPLOYEE_ID` varchar(64) DEFAULT NULL,
  `TENANT_ID` varchar(64) DEFAULT NULL,
  PRIMARY KEY (`ID`)
) ENGINE=InnoDB DEFAULT CHARSET=utf8;
/*!40101 SET character_set_client = @saved_cs_client */;

--
-- Dumping data for table `leave_info`
--

LOCK TABLES `leave_info` WRITE;
/*!40000 ALTER TABLE `leave_info` DISABLE KEYS */;
/*!40000 ALTER TABLE `leave_info` ENABLE KEYS */;
UNLOCK TABLES;

--
-- Table structure for table `meeting_attendee`
--

DROP TABLE IF EXISTS `meeting_attendee`;
/*!40101 SET @saved_cs_client     = @@character_set_client */;
/*!40101 SET character_set_client = utf8 */;
CREATE TABLE `meeting_attendee` (
  `ID` bigint(20) NOT NULL,
  `USER_ID` varchar(64) DEFAULT NULL,
  `PRIORITY` int(11) DEFAULT NULL,
  `TYPE` varchar(50) DEFAULT NULL,
  `TENANT_ID` varchar(64) DEFAULT NULL,
  `INFO_ID` bigint(20) DEFAULT NULL,
  PRIMARY KEY (`ID`),
  KEY `FK_MEETING_ATTENDEE_INFO` (`INFO_ID`),
  CONSTRAINT `FK_MEETING_ATTENDEE_INFO` FOREIGN KEY (`INFO_ID`) REFERENCES `meeting_info` (`ID`)
) ENGINE=InnoDB DEFAULT CHARSET=utf8;
/*!40101 SET character_set_client = @saved_cs_client */;

--
-- Dumping data for table `meeting_attendee`
--

LOCK TABLES `meeting_attendee` WRITE;
/*!40000 ALTER TABLE `meeting_attendee` DISABLE KEYS */;
/*!40000 ALTER TABLE `meeting_attendee` ENABLE KEYS */;
UNLOCK TABLES;

--
-- Table structure for table `meeting_info`
--

DROP TABLE IF EXISTS `meeting_info`;
/*!40101 SET @saved_cs_client     = @@character_set_client */;
/*!40101 SET character_set_client = utf8 */;
CREATE TABLE `meeting_info` (
  `ID` bigint(20) NOT NULL,
  `SUBJECT` varchar(200) DEFAULT NULL,
  `CONTENT` varchar(200) DEFAULT NULL,
  `CREATE_TIME` datetime DEFAULT NULL,
  `START_TIME` timestamp NOT NULL DEFAULT CURRENT_TIMESTAMP ON UPDATE CURRENT_TIMESTAMP,
  `END_TIME` timestamp NOT NULL DEFAULT '0000-00-00 00:00:00',
  `ORGANIZER` varchar(64) DEFAULT NULL,
  `MEETING_TIMEZONE` varchar(50) DEFAULT NULL,
  `TYPE` varchar(50) DEFAULT NULL,
  `CATALOG` varchar(50) DEFAULT NULL,
  `STATUS` varchar(50) DEFAULT NULL,
  `MEETING_ROOM_ID` bigint(20) DEFAULT NULL,
  `TENANT_ID` varchar(64) DEFAULT NULL,
  PRIMARY KEY (`ID`),
  KEY `FK_MEETING_INFO_ROOM` (`MEETING_ROOM_ID`),
  CONSTRAINT `FK_MEETING_INFO_ROOM` FOREIGN KEY (`MEETING_ROOM_ID`) REFERENCES `meeting_room` (`ID`)
) ENGINE=InnoDB DEFAULT CHARSET=utf8;
/*!40101 SET character_set_client = @saved_cs_client */;

--
-- Dumping data for table `meeting_info`
--

LOCK TABLES `meeting_info` WRITE;
/*!40000 ALTER TABLE `meeting_info` DISABLE KEYS */;
/*!40000 ALTER TABLE `meeting_info` ENABLE KEYS */;
UNLOCK TABLES;

--
-- Table structure for table `meeting_item`
--

DROP TABLE IF EXISTS `meeting_item`;
/*!40101 SET @saved_cs_client     = @@character_set_client */;
/*!40101 SET character_set_client = utf8 */;
CREATE TABLE `meeting_item` (
  `ID` bigint(20) NOT NULL,
  `NAME` varchar(50) DEFAULT NULL,
  `TENANT_ID` varchar(64) DEFAULT NULL,
  `INFO_ID` bigint(20) DEFAULT NULL,
  PRIMARY KEY (`ID`),
  KEY `FK_MEETING_ITEM_INFO` (`INFO_ID`),
  CONSTRAINT `FK_MEETING_ITEM_INFO` FOREIGN KEY (`INFO_ID`) REFERENCES `meeting_info` (`ID`)
) ENGINE=InnoDB DEFAULT CHARSET=utf8;
/*!40101 SET character_set_client = @saved_cs_client */;

--
-- Dumping data for table `meeting_item`
--

LOCK TABLES `meeting_item` WRITE;
/*!40000 ALTER TABLE `meeting_item` DISABLE KEYS */;
/*!40000 ALTER TABLE `meeting_item` ENABLE KEYS */;
UNLOCK TABLES;

--
-- Table structure for table `meeting_room`
--

DROP TABLE IF EXISTS `meeting_room`;
/*!40101 SET @saved_cs_client     = @@character_set_client */;
/*!40101 SET character_set_client = utf8 */;
CREATE TABLE `meeting_room` (
  `ID` bigint(20) NOT NULL,
  `NAME` varchar(200) DEFAULT NULL,
  `MAP_REF` varchar(200) DEFAULT NULL,
  `NUM` int(11) DEFAULT NULL,
  `PROJECTOR` varchar(50) DEFAULT NULL,
  `TYPE` varchar(50) DEFAULT NULL,
  `START_TIME` datetime DEFAULT NULL,
  `END_TIME` datetime DEFAULT NULL,
  `BUILDING` varchar(200) DEFAULT NULL,
  `FLOOR` varchar(50) DEFAULT NULL,
  `TENANT_ID` varchar(64) DEFAULT NULL,
  PRIMARY KEY (`ID`)
) ENGINE=InnoDB DEFAULT CHARSET=utf8;
/*!40101 SET character_set_client = @saved_cs_client */;

--
-- Dumping data for table `meeting_room`
--

LOCK TABLES `meeting_room` WRITE;
/*!40000 ALTER TABLE `meeting_room` DISABLE KEYS */;
/*!40000 ALTER TABLE `meeting_room` ENABLE KEYS */;
UNLOCK TABLES;

--
-- Table structure for table `model_field`
--

DROP TABLE IF EXISTS `model_field`;
/*!40101 SET @saved_cs_client     = @@character_set_client */;
/*!40101 SET character_set_client = utf8 */;
CREATE TABLE `model_field` (
  `ID` bigint(20) NOT NULL AUTO_INCREMENT,
  `CODE` varchar(200) DEFAULT NULL,
  `NAME` varchar(200) DEFAULT NULL,
  `TYPE` varchar(200) DEFAULT NULL,
  `PRIORITY` int(11) DEFAULT NULL,
  `SEARCHABLE` varchar(10) DEFAULT NULL,
  `DISPLAYABLE` varchar(10) DEFAULT NULL,
  `VIEW_LIST` varchar(10) DEFAULT NULL,
  `VIEW_FORM` varchar(10) DEFAULT NULL,
  `TENANT_ID` varchar(64) DEFAULT NULL,
  `INFO_ID` bigint(20) DEFAULT NULL,
  PRIMARY KEY (`ID`),
  KEY `FK_MODEL_FIELD_INFO` (`INFO_ID`),
  CONSTRAINT `FK_MODEL_FIELD_INFO` FOREIGN KEY (`INFO_ID`) REFERENCES `model_info` (`ID`)
) ENGINE=InnoDB AUTO_INCREMENT=280568963563521 DEFAULT CHARSET=utf8;
/*!40101 SET character_set_client = @saved_cs_client */;

--
-- Dumping data for table `model_field`
--

LOCK TABLES `model_field` WRITE;
/*!40000 ALTER TABLE `model_field` DISABLE KEYS */;
INSERT INTO `model_field` VALUES (246664259452928,'managerComment','managerComment','radio',NULL,'true','true','true','true','1',246664258142208),(246664259665920,'leaderComment','leaderComment','radio',NULL,'true','true','true','true','1',246664258142208),(246664259878912,'name','name','textfield',NULL,'true','true','true','true','1',246664258142208),(246664261337088,'content','content','textarea',NULL,'true','true','true','true','1',246664260141056),(246664261550080,'title','title','textfield',NULL,'true','true','true','true','1',246664260141056),(246664261795840,'leaderComment','leaderComment','radio',NULL,'true','true','true','true','1',246664260141056),(246664262025216,'countersignUsers','countersignUsers','userpicker',NULL,'true','true','true','true','1',246664260141056),(246664262254592,'countersignComment','countersignComment','radio',NULL,'true','true','true','true','1',246664260141056),(246664263663616,'startDate','startDate','datepicker',NULL,'true','true','true','true','1',246664262631424),(246664263876608,'startDateTime','startDateTime','select',NULL,'true','true','true','true','1',246664262631424),(246664264056832,'reason','reason','textfield',NULL,'true','true','true','true','1',246664262631424),(246664264302592,'leaderComment','leaderComment','radio',NULL,'true','true','true','true','1',246664262631424),(246664264531968,'hrComment','hrComment','radio',NULL,'true','true','true','true','1',246664262631424),(246664264728576,'endDate','endDate','datepicker',NULL,'true','true','true','true','1',246664262631424),(246664264908800,'type','type','radio',NULL,'true','true','true','true','1',246664262631424),(246664265105408,'endDateTime','endDateTime','select',NULL,'true','true','true','true','1',246664262631424),(246664265236480,'initiatorComment','initiatorComment','radio',NULL,'true','true','true','true','1',246664262631424),(271672138203136,'startDate','startDate','datepicker',NULL,'true','true','true','true','1',271672137940992),(271672138203137,'startDateTime','startDateTime','select',NULL,'true','true','true','true','1',271672137940992),(271672138465280,'reason','reason','textfield',NULL,'true','true','true','true','1',271672137940992),(271672138465281,'leaderComment','leaderComment','radio',NULL,'true','true','true','true','1',271672137940992),(271672138711040,'endDate','endDate','datepicker',NULL,'true','true','true','true','1',271672137940992),(271672138711041,'type','type','radio',NULL,'true','true','true','true','1',271672137940992),(271672138973184,'endDateTime','endDateTime','select',NULL,'true','true','true','true','1',271672137940992),(276260027383808,'fileupload-4-1','fileupload-4-1','fileupload',NULL,'true','true','true','true','1',271672137940992),(277346867019776,'totalDays','totalDays','radio',NULL,'true','true','true','true','1',271672137940992),(277698932293632,'startDate','startDate','datepicker',NULL,'true','true','true','true','1',277698931408896),(277698932523008,'totalDays','totalDays','radio',NULL,'true','true','true','true','1',277698931408896),(277698932719616,'startDateTime','startDateTime','select',NULL,'true','true','true','true','1',277698931408896),(277698932932608,'reason','reason','textfield',NULL,'true','true','true','true','1',277698931408896),(277698933194752,'leaderComment','leaderComment','radio',NULL,'true','true','true','true','1',277698931408896),(277698933391360,'hrComment','hrComment','radio',NULL,'true','true','true','true','1',277698931408896),(277698933686272,'endDate','endDate','datepicker',NULL,'true','true','true','true','1',277698931408896),(277698933964800,'type','type','radio',NULL,'true','true','true','true','1',277698931408896),(277698934177792,'endDateTime','endDateTime','select',NULL,'true','true','true','true','1',277698931408896),(277698934325248,'initiatorComment','initiatorComment','radio',NULL,'true','true','true','true','1',277698931408896),(280494085750784,'managerComment','managerComment','radio',NULL,'true','true','true','true','1',280494085160960),(280494085881856,'leaderComment','leaderComment','radio',NULL,'true','true','true','true','1',280494085160960),(280494086062080,'name','name','textfield',NULL,'true','true','true','true','1',280494085160960),(280494091354112,'content','content','textarea',NULL,'true','true','true','true','1',280494090747904),(280494091599872,'title','title','textfield',NULL,'true','true','true','true','1',280494090747904),(280494091763712,'leaderComment','leaderComment','radio',NULL,'true','true','true','true','1',280494090747904),(280494092042240,'countersignUsers','countersignUsers','userpicker',NULL,'true','true','true','true','1',280494090747904),(280494092288000,'countersignComment','countersignComment','radio',NULL,'true','true','true','true','1',280494090747904),(280556632883200,'managerComment','managerComment','radio',NULL,'true','true','true','true','1',280556632522752),(280556632981504,'leaderComment','leaderComment','radio',NULL,'true','true','true','true','1',280556632522752),(280556633063424,'name','name','textfield',NULL,'true','true','true','true','1',280556632522752),(280568963235840,'managerComment','managerComment','radio',NULL,'true','true','true','true','1',280568962727936),(280568963383296,'leaderComment','leaderComment','radio',NULL,'true','true','true','true','1',280568962727936),(280568963563520,'name','name','textfield',NULL,'true','true','true','true','1',280568962727936);
/*!40000 ALTER TABLE `model_field` ENABLE KEYS */;
UNLOCK TABLES;

--
-- Table structure for table `model_info`
--

DROP TABLE IF EXISTS `model_info`;
/*!40101 SET @saved_cs_client     = @@character_set_client */;
/*!40101 SET character_set_client = utf8 */;
CREATE TABLE `model_info` (
  `ID` bigint(20) NOT NULL AUTO_INCREMENT,
  `CODE` varchar(200) DEFAULT NULL,
  `NAME` varchar(200) DEFAULT NULL,
  `TYPE` varchar(50) DEFAULT NULL,
  `TENANT_ID` varchar(64) DEFAULT NULL,
  PRIMARY KEY (`ID`)
) ENGINE=InnoDB AUTO_INCREMENT=280568962727937 DEFAULT CHARSET=utf8;
/*!40101 SET character_set_client = @saved_cs_client */;

--
-- Dumping data for table `model_info`
--

LOCK TABLES `model_info` WRITE;
/*!40000 ALTER TABLE `model_info` DISABLE KEYS */;
INSERT INTO `model_info` VALUES (246664258142208,'permission:1:4','审批权限',NULL,'1'),(246664260141056,'publish:1:8','公文发布',NULL,'1'),(246664262631424,'vacation:1:12','请假流程',NULL,'1'),(254785875722240,'process:1:5040',NULL,NULL,'1'),(254785876164608,'process:2:5076',NULL,NULL,'1'),(254785876459520,'process:3:5080',NULL,NULL,'1'),(254785876754432,'process:4:5084',NULL,NULL,'1'),(271672135483392,'myProcess:1:15168','My process',NULL,'1'),(271672136663040,'process:1:15058',NULL,NULL,'1'),(271672137170944,'process:2:15160',NULL,NULL,'1'),(271672137433088,'process:3:15164',NULL,NULL,'1'),(271672137940992,'process:4:15173',NULL,NULL,'1'),(277698930606080,'vacation-student:3:20113','学生请假流程',NULL,'1'),(277698931408896,'vacation-student:4:20117','学生请假流程',NULL,'1'),(280494085160960,'permission:2:22504','审批权限',NULL,'1'),(280494090747904,'publish:2:22508','公文发布',NULL,'1'),(280556632522752,'permission:3:25004','审批权限',NULL,'1'),(280568962727936,'permission:4:27506','审批权限',NULL,'1');
/*!40000 ALTER TABLE `model_info` ENABLE KEYS */;
UNLOCK TABLES;

--
-- Table structure for table `msg_info`
--

DROP TABLE IF EXISTS `msg_info`;
/*!40101 SET @saved_cs_client     = @@character_set_client */;
/*!40101 SET character_set_client = utf8 */;
CREATE TABLE `msg_info` (
  `ID` bigint(20) NOT NULL AUTO_INCREMENT,
  `NAME` varchar(200) DEFAULT NULL,
  `CONTENT` text,
  `TYPE` int(11) DEFAULT NULL,
  `CREATE_TIME` timestamp NOT NULL DEFAULT CURRENT_TIMESTAMP ON UPDATE CURRENT_TIMESTAMP,
  `SENDER_ID` varchar(64) DEFAULT NULL,
  `RECEIVER_ID` varchar(64) DEFAULT NULL,
  `STATUS` int(11) DEFAULT NULL,
  `TENANT_ID` varchar(64) DEFAULT NULL,
  `DATA` varchar(255) DEFAULT NULL,
  PRIMARY KEY (`ID`)
) ENGINE=InnoDB AUTO_INCREMENT=277601532264450 DEFAULT CHARSET=utf8;
/*!40101 SET character_set_client = @saved_cs_client */;

--
-- Dumping data for table `msg_info`
--

LOCK TABLES `msg_info` WRITE;
/*!40000 ALTER TABLE `msg_info` DISABLE KEYS */;
INSERT INTO `msg_info` VALUES (253431967662080,'请假流程-临远-2016-08-11 11:17需要您审批','金您好，您有新任务需要处理——请假流程-临远-2016-08-11 11:17。<br><a href=\"http://localhost:8080/lemon/operation/task-operation-viewTaskForm.do?humanTaskId=253431964352512\">http://localhost:8080/lemon/operation/task-operation-viewTaskForm.do?humanTaskId=253431964352512</a>',NULL,'2016-08-11 03:52:40','20','4',1,'1','253431964352512'),(253442852995073,'请假流程-tt-2016-08-11 12:03需要您审批','ee您好，您有新任务需要处理——请假流程-tt-2016-08-11 12:03。<br><a href=\"http://localhost:8080/lemon/operation/task-operation-viewTaskForm.do?humanTaskId=253442852519936\">http://localhost:8080/lemon/operation/task-operation-viewTaskForm.do?humanTaskId=253442852519936</a>',NULL,'2016-08-11 04:03:45','20','247689000714240',1,'1','253442852519936'),(254985888071680,'请假流程-ee-2016-08-12 14:13需要您审批','qq您好，您有新任务需要处理——请假流程-ee-2016-08-12 14:13。<br><a href=\"http://localhost:8080/lemon/operation/task-operation-viewTaskForm.do?humanTaskId=254985884745728\">http://localhost:8080/lemon/operation/task-operation-viewTaskForm.do?humanTaskId=254985884745728</a>',NULL,'2016-08-12 06:13:24','20','247688416968704',0,'1','254985884745728'),(263487482003456,'请假流程-张三-2016-08-18 14:21需要您审批','qq您好，您有新任务需要处理——请假流程-张三-2016-08-18 14:21。<br><a href=\"http://localhost:8080/lemon/operation/task-operation-viewTaskForm.do?humanTaskId=263487477841920\">http://localhost:8080/lemon/operation/task-operation-viewTaskForm.do?humanTaskId=263487477841920</a>',NULL,'2016-08-18 06:21:40','20','247688416968704',0,'1','263487477841920'),(270376277245952,'请假流程-临远-2016-08-23 11:09需要您审批','tt您好，您有新任务需要处理——请假流程-临远-2016-08-23 11:09。<br><a href=\"http://localhost:8080/lemon/operation/task-operation-viewTaskForm.do?humanTaskId=270376274198528\">http://localhost:8080/lemon/operation/task-operation-viewTaskForm.do?humanTaskId=270376274198528</a>',NULL,'2016-08-23 03:09:19','20','247689637478400',1,'1','270376274198528'),(270377575301121,'您的流程请假流程-临远-2016-08-23 11:09已经到达人事审批环节','临远您好，您的流程请假流程-临远-2016-08-23 11:09已经到达人事审批环节。<br><a href=\"http://localhost:8080/lemon/bpm/workspace-viewHistory.do?processInstanceId=15001\">http://localhost:8080/lemon/bpm/workspace-viewHistory.do?processInstanceId=15001</a>',NULL,'2016-08-23 03:10:38','20','1',1,'1','270377575055360'),(270513673584641,'请假流程-临远-2016-08-23 13:29需要您审批','tt您好，您有新任务需要处理——请假流程-临远-2016-08-23 13:29。<br><a href=\"http://localhost:8080/lemon/operation/task-operation-viewTaskForm.do?humanTaskId=270513673076736\">http://localhost:8080/lemon/operation/task-operation-viewTaskForm.do?humanTaskId=270513673076736</a>',NULL,'2016-08-23 05:29:05','20','247689637478400',0,'1','270513673076736'),(270615267180544,'请假流程-临远-2016-08-23 15:12需要您审批','tt您好，您有新任务需要处理——请假流程-临远-2016-08-23 15:12。<br><a href=\"http://localhost:8080/lemon/operation/task-operation-viewTaskForm.do?humanTaskId=270615266328576\">http://localhost:8080/lemon/operation/task-operation-viewTaskForm.do?humanTaskId=270615266328576</a>',NULL,'2016-08-23 07:12:26','20','247689637478400',0,'1','270615266328576'),(270615684661248,'您的流程请假流程-临远-2016-08-23 15:12已经到达人事审批环节','临远您好，您的流程请假流程-临远-2016-08-23 15:12已经到达人事审批环节。<br><a href=\"http://localhost:8080/lemon/bpm/workspace-viewHistory.do?processInstanceId=15077\">http://localhost:8080/lemon/bpm/workspace-viewHistory.do?processInstanceId=15077</a>',NULL,'2016-08-23 07:12:51','20','1',0,'1','270615684382720'),(270620309356544,'您的流程请假流程-临远-2016-08-23 15:12已经完成销假环节','临远您好，您的流程请假流程-临远-2016-08-23 15:12已经完成销假环节。<br><a href=\"http://localhost:8080/lemon/bpm/workspace-viewHistory.do?processInstanceId=15077\">http://localhost:8080/lemon/bpm/workspace-viewHistory.do?processInstanceId=15077</a>',NULL,'2016-08-23 07:17:34','20','1',0,'1','270619157757952'),(270757731041280,'请假流程-临远-2016-08-23 17:37需要您审批','tt您好，您有新任务需要处理——请假流程-临远-2016-08-23 17:37。<br><a href=\"http://localhost:8080/lemon/operation/task-operation-viewTaskForm.do?humanTaskId=270757730238464\">http://localhost:8080/lemon/operation/task-operation-viewTaskForm.do?humanTaskId=270757730238464</a>',NULL,'2016-08-23 09:37:21','20','247689637478400',0,'1','270757730238464'),(271695218343937,'请假流程-临远-2016-08-24 09:31需要您审批','tt您好，您有新任务需要处理——请假流程-临远-2016-08-24 09:31。<br><a href=\"http://localhost:8080/lemon/operation/task-operation-viewTaskForm.do?humanTaskId=271695214493696\">http://localhost:8080/lemon/operation/task-operation-viewTaskForm.do?humanTaskId=271695214493696</a>',NULL,'2016-08-24 01:31:01','20','247689637478400',0,'1','271695214493696'),(271696281731073,'您的流程请假流程-临远-2016-08-23 17:37已经到达人事审批环节','临远您好，您的流程请假流程-临远-2016-08-23 17:37已经到达人事审批环节。<br><a href=\"http://localhost:8080/lemon/bpm/workspace-viewHistory.do?processInstanceId=15210\">http://localhost:8080/lemon/bpm/workspace-viewHistory.do?processInstanceId=15210</a>',NULL,'2016-08-24 01:32:06','20','1',1,'1','271696281403392'),(277394350505984,'请假流程-临远-2016-08-28 10:08需要您审批','tt您好，您有新任务需要处理——请假流程-临远-2016-08-28 10:08。<br><a href=\"http://localhost:8080/lemon/operation/task-operation-viewTaskForm.do?humanTaskId=277394347524096\">http://localhost:8080/lemon/operation/task-operation-viewTaskForm.do?humanTaskId=277394347524096</a>',NULL,'2016-08-28 02:08:28','20','247689637478400',0,'1','277394347524096'),(277601532264449,'请假流程-ee-2016-08-28 13:39需要您审批','ww您好，您有新任务需要处理——请假流程-ee-2016-08-28 13:39。<br><a href=\"http://localhost:8080/lemon/operation/task-operation-viewTaskForm.do?humanTaskId=277601531461632\">http://localhost:8080/lemon/operation/task-operation-viewTaskForm.do?humanTaskId=277601531461632</a>',NULL,'2016-08-28 05:39:14','20','247688773386240',0,'1','277601531461632');
/*!40000 ALTER TABLE `msg_info` ENABLE KEYS */;
UNLOCK TABLES;

--
-- Table structure for table `officesupply_info`
--

DROP TABLE IF EXISTS `officesupply_info`;
/*!40101 SET @saved_cs_client     = @@character_set_client */;
/*!40101 SET character_set_client = utf8 */;
CREATE TABLE `officesupply_info` (
  `ID` bigint(20) NOT NULL,
  `NAME` varchar(200) DEFAULT NULL,
  `CODE` varchar(200) DEFAULT NULL,
  `PRICE` double DEFAULT NULL,
  `UNIT` varchar(50) DEFAULT NULL,
  `TYPE` varchar(50) DEFAULT NULL,
  `PHOTO` varchar(200) DEFAULT NULL,
  `DESCRIPTION` varchar(200) DEFAULT NULL,
  PRIMARY KEY (`ID`)
) ENGINE=InnoDB DEFAULT CHARSET=utf8;
/*!40101 SET character_set_client = @saved_cs_client */;

--
-- Dumping data for table `officesupply_info`
--

LOCK TABLES `officesupply_info` WRITE;
/*!40000 ALTER TABLE `officesupply_info` DISABLE KEYS */;
/*!40000 ALTER TABLE `officesupply_info` ENABLE KEYS */;
UNLOCK TABLES;

--
-- Table structure for table `officesupply_receive`
--

DROP TABLE IF EXISTS `officesupply_receive`;
/*!40101 SET @saved_cs_client     = @@character_set_client */;
/*!40101 SET character_set_client = utf8 */;
CREATE TABLE `officesupply_receive` (
  `ID` bigint(20) NOT NULL,
  `INFO_ID` bigint(20) DEFAULT NULL,
  `USER_ID` varchar(64) DEFAULT NULL,
  `RECEIVE_TIME` datetime DEFAULT NULL,
  `RECEIVE_COUNT` int(11) DEFAULT NULL,
  `DESCRIPTION` varchar(200) DEFAULT NULL,
  PRIMARY KEY (`ID`),
  KEY `FK_OFFICESUPPLY_RECEIVE_INFO` (`INFO_ID`),
  CONSTRAINT `FK_OFFICESUPPLY_RECEIVE_INFO` FOREIGN KEY (`INFO_ID`) REFERENCES `officesupply_info` (`ID`)
) ENGINE=InnoDB DEFAULT CHARSET=utf8;
/*!40101 SET character_set_client = @saved_cs_client */;

--
-- Dumping data for table `officesupply_receive`
--

LOCK TABLES `officesupply_receive` WRITE;
/*!40000 ALTER TABLE `officesupply_receive` DISABLE KEYS */;
/*!40000 ALTER TABLE `officesupply_receive` ENABLE KEYS */;
UNLOCK TABLES;

--
-- Table structure for table `org_company`
--

DROP TABLE IF EXISTS `org_company`;
/*!40101 SET @saved_cs_client     = @@character_set_client */;
/*!40101 SET character_set_client = utf8 */;
CREATE TABLE `org_company` (
  `ID` bigint(20) NOT NULL,
  `CODE` varchar(50) DEFAULT NULL,
  `NAME` varchar(200) DEFAULT NULL,
  `DESCN` varchar(200) DEFAULT NULL,
  `STATUS` int(11) DEFAULT NULL,
  `REF` varchar(200) DEFAULT NULL,
  `TENANT_ID` varchar(200) DEFAULT NULL,
  PRIMARY KEY (`ID`)
) ENGINE=InnoDB DEFAULT CHARSET=utf8;
/*!40101 SET character_set_client = @saved_cs_client */;

--
-- Dumping data for table `org_company`
--

LOCK TABLES `org_company` WRITE;
/*!40000 ALTER TABLE `org_company` DISABLE KEYS */;
INSERT INTO `org_company` VALUES (1,NULL,'信息工程学院',NULL,1,NULL,'1');
/*!40000 ALTER TABLE `org_company` ENABLE KEYS */;
UNLOCK TABLES;

--
-- Table structure for table `org_department`
--

DROP TABLE IF EXISTS `org_department`;
/*!40101 SET @saved_cs_client     = @@character_set_client */;
/*!40101 SET character_set_client = utf8 */;
CREATE TABLE `org_department` (
  `ID` bigint(20) NOT NULL,
  `CODE` varchar(50) DEFAULT NULL,
  `NAME` varchar(200) DEFAULT NULL,
  `DESCN` varchar(200) DEFAULT NULL,
  `STATUS` int(11) DEFAULT NULL,
  `REF` varchar(200) DEFAULT NULL,
  `TENANT_ID` varchar(200) DEFAULT NULL,
  PRIMARY KEY (`ID`)
) ENGINE=InnoDB DEFAULT CHARSET=utf8;
/*!40101 SET character_set_client = @saved_cs_client */;

--
-- Dumping data for table `org_department`
--

LOCK TABLES `org_department` WRITE;
/*!40000 ALTER TABLE `org_department` DISABLE KEYS */;
INSERT INTO `org_department` VALUES (1,NULL,'市场部',NULL,1,NULL,'1'),(2,NULL,'财务部',NULL,1,NULL,'1'),(3,NULL,'人事部',NULL,1,NULL,'1'),(4,NULL,'研发部',NULL,1,NULL,'1');
/*!40000 ALTER TABLE `org_department` ENABLE KEYS */;
UNLOCK TABLES;

--
-- Table structure for table `party_entity`
--

DROP TABLE IF EXISTS `party_entity`;
/*!40101 SET @saved_cs_client     = @@character_set_client */;
/*!40101 SET character_set_client = utf8 */;
CREATE TABLE `party_entity` (
  `ID` bigint(20) NOT NULL,
  `TYPE_ID` bigint(20) DEFAULT NULL,
  `NAME` varchar(100) DEFAULT NULL,
  `REF` varchar(100) DEFAULT NULL,
  `TENANT_ID` varchar(200) DEFAULT NULL,
  `LEVEL` int(11) DEFAULT NULL,
  PRIMARY KEY (`ID`),
  KEY `FK_PARTY_ENTITY_TYPE` (`TYPE_ID`),
  KEY `I_PARTY_ENTITY_REFERENCE_TYPE` (`REF`,`TYPE_ID`),
  KEY `I_PARTY_ENTITY_NAME` (`NAME`),
  CONSTRAINT `FK_PARTY_ENTITY_TYPE` FOREIGN KEY (`TYPE_ID`) REFERENCES `party_type` (`ID`)
) ENGINE=InnoDB DEFAULT CHARSET=utf8;
/*!40101 SET character_set_client = @saved_cs_client */;

--
-- Dumping data for table `party_entity`
--

LOCK TABLES `party_entity` WRITE;
/*!40000 ALTER TABLE `party_entity` DISABLE KEYS */;
INSERT INTO `party_entity` VALUES (1,2,'信息工程学院','1','1',NULL),(7,4,'OA组','7','1',NULL),(8,1,'Lingo','1','1',NULL),(9,1,'Vivian','2','1',NULL),(11,1,'King','4','1',NULL),(12,1,'John','5','1',NULL),(13,1,'William','6','1',NULL),(14,1,'Adam','7','1',NULL),(15,5,'总经理',NULL,'1',2),(16,5,'经理',NULL,'1',1),(10008,1,'Robot','8','1',NULL),(10009,1,'Bob','9','1',NULL),(10010,1,'Alice','10','1',NULL),(10011,1,'Mike','11','1',NULL),(10012,1,'Justin','12','1',NULL),(10013,1,'Tom','13','1',NULL),(10014,1,'James','14','1',NULL),(10015,1,'Joe','15','1',NULL),(10016,1,'Paul','16','1',NULL),(10017,1,'Jane','17','1',NULL),(10018,1,'Marry','18','1',NULL),(10019,1,'Ben','19','1',NULL),(10020,1,'Bot','20','1',NULL),(10021,1,'Jack','21','1',NULL),(10022,1,'Martin','22','1',NULL),(10023,1,'Alex','23','1',NULL),(10024,1,'Daniel','24','1',NULL),(10025,1,'Eric','25','1',NULL),(10026,1,'Leon','26','1',NULL),(10027,1,'Clark','27','1',NULL),(10028,1,'David','28','1',NULL),(10029,1,'Henry','29','1',NULL),(10030,1,'Helen','30','1',NULL),(10031,1,'Sarah','31','1',NULL),(30011,3,'行政部',NULL,'1',NULL),(30012,3,'销售部',NULL,'1',NULL),(30013,3,'客服部',NULL,'1',NULL),(246672072802304,5,'院长',NULL,'1',NULL),(246672584392704,3,'行政部',NULL,'1',NULL),(246672875077632,3,'教学部',NULL,'1',NULL),(246673234477056,2,'软件工程',NULL,'1',NULL),(246673545330688,2,'计算机科学系',NULL,'1',NULL),(246674137432064,2,'软件工程系',NULL,'1',NULL),(246674438438912,2,'数学系',NULL,'1',NULL),(246675515850752,4,'13软件工程1班',NULL,'1',NULL),(246675862306816,4,'13软件工程2班',NULL,'1',NULL),(246686248615936,4,'13计算机科学1班',NULL,'1',NULL),(246686802132992,4,'13数学1班',NULL,'1',NULL),(246689204633600,5,'教学秘书',NULL,'1',NULL),(246689751498752,5,'辅导员',NULL,'1',NULL),(246690250981376,5,'班级辅导员',NULL,'1',NULL),(246690792636416,5,'班级辅导员',NULL,'1',NULL),(247686228787200,5,'13软1班级辅导员',NULL,'1',NULL),(247687163609088,5,'学生',NULL,'1',NULL),(247688787001344,1,'ww','247688773386240','1',NULL),(247689001828352,1,'ee','247689000714240','1',NULL),(247689265692672,1,'rr','247689264381952','1',NULL),(247689641492480,1,'tt','247689637478400','1',NULL),(247722930913280,5,'系主任',NULL,'1',NULL),(247723234000896,5,'系主任',NULL,'1',NULL),(247723902418944,5,'系主任',NULL,'1',NULL),(267768848777216,1,'张三','267768847958016','1',NULL),(277421486178304,5,'书记',NULL,'1',NULL);
/*!40000 ALTER TABLE `party_entity` ENABLE KEYS */;
UNLOCK TABLES;

--
-- Table structure for table `party_struct`
--

DROP TABLE IF EXISTS `party_struct`;
/*!40101 SET @saved_cs_client     = @@character_set_client */;
/*!40101 SET character_set_client = utf8 */;
CREATE TABLE `party_struct` (
  `STRUCT_TYPE_ID` bigint(20) NOT NULL,
  `PARENT_ENTITY_ID` bigint(20) DEFAULT NULL,
  `CHILD_ENTITY_ID` bigint(20) NOT NULL,
  `PRIORITY` int(11) DEFAULT NULL,
  `TENANT_ID` varchar(200) DEFAULT NULL,
  `ID` bigint(20) NOT NULL DEFAULT '0',
  `PART_TIME` int(11) DEFAULT NULL,
  `LINK` int(11) DEFAULT NULL,
  `ADMIN` int(11) DEFAULT NULL,
  PRIMARY KEY (`ID`),
  KEY `FK_PARTY_STRUCT_TYPE` (`STRUCT_TYPE_ID`),
  KEY `FK_PARTY_STRUCT_PARENT` (`PARENT_ENTITY_ID`),
  KEY `FK_PARTY_STRUCT_CHILD` (`CHILD_ENTITY_ID`),
  CONSTRAINT `FK_PARTY_STRUCT_CHILD` FOREIGN KEY (`CHILD_ENTITY_ID`) REFERENCES `party_entity` (`ID`),
  CONSTRAINT `FK_PARTY_STRUCT_PARENT` FOREIGN KEY (`PARENT_ENTITY_ID`) REFERENCES `party_entity` (`ID`),
  CONSTRAINT `FK_PARTY_STRUCT_TYPE` FOREIGN KEY (`STRUCT_TYPE_ID`) REFERENCES `party_struct_type` (`ID`)
) ENGINE=InnoDB DEFAULT CHARSET=utf8;
/*!40101 SET character_set_client = @saved_cs_client */;

--
-- Dumping data for table `party_struct`
--

LOCK TABLES `party_struct` WRITE;
/*!40000 ALTER TABLE `party_struct` DISABLE KEYS */;
INSERT INTO `party_struct` VALUES (1,NULL,1,NULL,'1',20,NULL,NULL,NULL),(1,1,246672072802304,1,'1',246672073261056,NULL,NULL,1),(1,1,246672584392704,1,'1',246672584704000,NULL,NULL,NULL),(1,1,246672875077632,2,'1',246672875323392,NULL,NULL,NULL),(1,1,246673545330688,2,'1',246673545658368,NULL,NULL,NULL),(1,1,246674137432064,2,'1',246674137710592,NULL,NULL,NULL),(1,1,246674438438912,2,'1',246674438701056,NULL,NULL,NULL),(1,246674137432064,246675515850752,3,'1',246675516047360,NULL,NULL,NULL),(1,246674137432064,246675862306816,3,'1',246675862536192,NULL,NULL,NULL),(1,246673545330688,246686248615936,3,'1',246686248861696,NULL,NULL,NULL),(1,246674438438912,246686802132992,3,'1',246686802984960,NULL,NULL,NULL),(1,246672584392704,246689204633600,3,'1',246689204862976,NULL,NULL,0),(1,246672584392704,246689751498752,3,'1',246689751711744,NULL,NULL,0),(1,246686248615936,246690792636416,3,'1',246690792849408,NULL,NULL,1),(1,246675515850752,247686228787200,4,'1',247686229377024,NULL,NULL,1),(1,246675515850752,247687163609088,4,'1',247687163854848,NULL,NULL,0),(1,247686228787200,247689641492480,3,'1',247697929453568,NULL,NULL,1),(1,247687163609088,247688787001344,4,'1',247698852380672,NULL,NULL,0),(1,246674137432064,247723902418944,3,'1',247723902664704,NULL,NULL,1),(1,247723902418944,247689001828352,3,'1',247725367721984,NULL,NULL,1),(1,1,11,1,NULL,254846562320384,NULL,NULL,0),(1,1,9,1,'1',254859107729408,NULL,NULL,0),(1,247687163609088,8,1,'1',255009055965184,NULL,NULL,0),(1,1,11,1,'1',255324089040896,NULL,NULL,0),(1,1,12,7,'1',260370603786240,NULL,NULL,0),(1,1,11,9,'1',261845371469824,NULL,NULL,0),(1,246675862306816,11,8,'1',261849786761216,NULL,NULL,0),(1,247687163609088,247689265692672,55,'1',261851492466688,NULL,NULL,0),(1,247687163609088,12,1,'1',263326307991552,NULL,NULL,0),(1,247687163609088,9,4,'1',263328532267008,NULL,NULL,0),(1,1,267768848777216,7,'1',267768849088512,NULL,NULL,0),(1,246672072802304,247688787001344,1,'1',270741189951488,NULL,NULL,1),(1,1,277421486178304,1,NULL,277421486587904,NULL,NULL,1),(1,277421486178304,11,1,'1',277437505093632,NULL,NULL,1);
/*!40000 ALTER TABLE `party_struct` ENABLE KEYS */;
UNLOCK TABLES;

--
-- Table structure for table `party_struct_rule`
--

DROP TABLE IF EXISTS `party_struct_rule`;
/*!40101 SET @saved_cs_client     = @@character_set_client */;
/*!40101 SET character_set_client = utf8 */;
CREATE TABLE `party_struct_rule` (
  `STRUCT_TYPE_ID` bigint(20) NOT NULL,
  `PARENT_TYPE_ID` bigint(20) DEFAULT NULL,
  `CHILD_TYPE_ID` bigint(20) NOT NULL,
  `TENANT_ID` varchar(200) DEFAULT NULL,
  `ID` bigint(20) NOT NULL DEFAULT '0',
  PRIMARY KEY (`ID`),
  KEY `FK_PARTY_STRUCT_RULE_TYPE` (`STRUCT_TYPE_ID`),
  KEY `FK_PARTY_STRUCT_RULE_TYPE_PARENT` (`PARENT_TYPE_ID`),
  KEY `FK_PARTY_STRUCT_RULE_TYPE_CHILD` (`CHILD_TYPE_ID`),
  CONSTRAINT `FK_PARTY_STRUCT_RULE_TYPE` FOREIGN KEY (`STRUCT_TYPE_ID`) REFERENCES `party_struct_type` (`ID`),
  CONSTRAINT `FK_PARTY_STRUCT_RULE_TYPE_CHILD` FOREIGN KEY (`CHILD_TYPE_ID`) REFERENCES `party_type` (`ID`),
  CONSTRAINT `FK_PARTY_STRUCT_RULE_TYPE_PARENT` FOREIGN KEY (`PARENT_TYPE_ID`) REFERENCES `party_type` (`ID`)
) ENGINE=InnoDB DEFAULT CHARSET=utf8;
/*!40101 SET character_set_client = @saved_cs_client */;

--
-- Dumping data for table `party_struct_rule`
--

LOCK TABLES `party_struct_rule` WRITE;
/*!40000 ALTER TABLE `party_struct_rule` DISABLE KEYS */;
INSERT INTO `party_struct_rule` VALUES (1,2,2,'1',1),(1,2,3,'1',2),(1,2,4,'1',3),(1,2,1,'1',4),(1,3,3,'1',5),(1,3,4,'1',6),(1,3,1,'1',7),(1,4,4,'1',8),(1,4,1,'1',9),(1,2,5,'1',10),(1,3,5,'1',11),(1,4,5,'1',12),(1,5,1,'1',14);
/*!40000 ALTER TABLE `party_struct_rule` ENABLE KEYS */;
UNLOCK TABLES;

--
-- Table structure for table `party_struct_type`
--

DROP TABLE IF EXISTS `party_struct_type`;
/*!40101 SET @saved_cs_client     = @@character_set_client */;
/*!40101 SET character_set_client = utf8 */;
CREATE TABLE `party_struct_type` (
  `ID` bigint(20) NOT NULL,
  `NAME` varchar(50) DEFAULT NULL,
  `REF` varchar(50) DEFAULT NULL,
  `TENANT_ID` varchar(200) DEFAULT NULL,
  `PRIORITY` int(11) DEFAULT NULL,
  PRIMARY KEY (`ID`)
) ENGINE=InnoDB DEFAULT CHARSET=utf8;
/*!40101 SET character_set_client = @saved_cs_client */;

--
-- Dumping data for table `party_struct_type`
--

LOCK TABLES `party_struct_type` WRITE;
/*!40000 ALTER TABLE `party_struct_type` DISABLE KEYS */;
INSERT INTO `party_struct_type` VALUES (1,'行政组织',NULL,'1',0);
/*!40000 ALTER TABLE `party_struct_type` ENABLE KEYS */;
UNLOCK TABLES;

--
-- Table structure for table `party_type`
--

DROP TABLE IF EXISTS `party_type`;
/*!40101 SET @saved_cs_client     = @@character_set_client */;
/*!40101 SET character_set_client = utf8 */;
CREATE TABLE `party_type` (
  `ID` bigint(20) NOT NULL,
  `NAME` varchar(50) DEFAULT NULL,
  `TENANT_ID` varchar(200) DEFAULT NULL,
  `TYPE` int(11) DEFAULT NULL,
  `REF` varchar(50) DEFAULT NULL,
  PRIMARY KEY (`ID`)
) ENGINE=InnoDB DEFAULT CHARSET=utf8;
/*!40101 SET character_set_client = @saved_cs_client */;

--
-- Dumping data for table `party_type`
--

LOCK TABLES `party_type` WRITE;
/*!40000 ALTER TABLE `party_type` DISABLE KEYS */;
INSERT INTO `party_type` VALUES (1,'人员','1',1,'user'),(2,'院系','1',0,'company'),(3,'部门','1',0,'department'),(4,'班级','1',0,'group'),(5,'岗位','1',2,NULL);
/*!40000 ALTER TABLE `party_type` ENABLE KEYS */;
UNLOCK TABLES;

--
-- Table structure for table `performance_info`
--

DROP TABLE IF EXISTS `performance_info`;
/*!40101 SET @saved_cs_client     = @@character_set_client */;
/*!40101 SET character_set_client = utf8 */;
CREATE TABLE `performance_info` (
  `ID` bigint(20) NOT NULL,
  `NAME` varchar(200) DEFAULT NULL,
  `CREATE_TIME` datetime DEFAULT NULL,
  `STATUS` varchar(50) DEFAULT NULL,
  `TYPE` varchar(50) DEFAULT NULL,
  `START_TIME` datetime DEFAULT NULL,
  `END_TIME` datetime DEFAULT NULL,
  `EMPLOYEE_ID` varchar(64) DEFAULT NULL,
  `SUPERIOUR_ID` varchar(64) DEFAULT NULL,
  `SCORE` varchar(50) DEFAULT NULL,
  `TENANT_ID` varchar(64) DEFAULT NULL,
  PRIMARY KEY (`ID`)
) ENGINE=InnoDB DEFAULT CHARSET=utf8;
/*!40101 SET character_set_client = @saved_cs_client */;

--
-- Dumping data for table `performance_info`
--

LOCK TABLES `performance_info` WRITE;
/*!40000 ALTER TABLE `performance_info` DISABLE KEYS */;
/*!40000 ALTER TABLE `performance_info` ENABLE KEYS */;
UNLOCK TABLES;

--
-- Table structure for table `person_info`
--

DROP TABLE IF EXISTS `person_info`;
/*!40101 SET @saved_cs_client     = @@character_set_client */;
/*!40101 SET character_set_client = utf8 */;
CREATE TABLE `person_info` (
  `ID` bigint(20) NOT NULL,
  `CODE` varchar(200) DEFAULT NULL,
  `USERNAME` varchar(200) DEFAULT NULL,
  `FAMILY_NAME` varchar(200) DEFAULT NULL,
  `GIVEN_NAME` varchar(200) DEFAULT NULL,
  `FULL_NAME` varchar(200) DEFAULT NULL,
  `CELLPHONE` varchar(50) DEFAULT NULL,
  `TELEPHONE` varchar(200) DEFAULT NULL,
  `EMAIL` varchar(200) DEFAULT NULL,
  `IM` varchar(200) DEFAULT NULL,
  `COUNTRY` varchar(200) DEFAULT NULL,
  `PROVINCE` varchar(200) DEFAULT NULL,
  `CITY` varchar(200) DEFAULT NULL,
  `BUILDING` varchar(200) DEFAULT NULL,
  `FLOOR` varchar(200) DEFAULT NULL,
  `SEAT` varchar(200) DEFAULT NULL,
  `EMPLOYEE_NO` varchar(50) DEFAULT NULL,
  `EMPLOYEE_TYPE` varchar(50) DEFAULT NULL,
  `CARD` varchar(200) DEFAULT NULL,
  `COMPANY_CODE` varchar(200) DEFAULT NULL,
  `COMPANY_NAME` varchar(200) DEFAULT NULL,
  `DEPARTMENT_CODE` varchar(200) DEFAULT NULL,
  `DEPARTMENT_NAME` varchar(200) DEFAULT NULL,
  `POSITION_CODE` varchar(200) DEFAULT NULL,
  `POSITION_NAME` varchar(200) DEFAULT NULL,
  `GENDER` varchar(500) DEFAULT NULL,
  `BIRTHDAY` datetime DEFAULT NULL,
  `ID_CARD_TYPE` varchar(50) DEFAULT NULL,
  `ID_CARD_VALUE` varchar(50) DEFAULT NULL,
  `NATIONALITY` varchar(200) DEFAULT NULL,
  `STAR` varchar(50) DEFAULT NULL,
  `BLOOD` varchar(50) DEFAULT NULL,
  `CLOTH_SIZE` varchar(50) DEFAULT NULL,
  `TENANT_ID` varchar(64) DEFAULT NULL,
  PRIMARY KEY (`ID`)
) ENGINE=InnoDB DEFAULT CHARSET=utf8;
/*!40101 SET character_set_client = @saved_cs_client */;

--
-- Dumping data for table `person_info`
--

LOCK TABLES `person_info` WRITE;
/*!40000 ALTER TABLE `person_info` DISABLE KEYS */;
INSERT INTO `person_info` VALUES (1,'1','lingo','Mossle','Lingo','Lingo Mossle','18012345678',NULL,'lingo@mossle.com',NULL,NULL,NULL,NULL,NULL,NULL,NULL,NULL,NULL,NULL,NULL,NULL,NULL,NULL,NULL,NULL,NULL,NULL,NULL,NULL,NULL,NULL,NULL,NULL,'1'),(2,'2','vivian','Mossle','Vivian','Vivian Mossle','18012345678',NULL,'vivian@mossle.com',NULL,NULL,NULL,NULL,NULL,NULL,NULL,NULL,NULL,NULL,NULL,NULL,NULL,NULL,NULL,NULL,NULL,NULL,NULL,NULL,NULL,NULL,NULL,NULL,'1'),(3,'3','steven','Demo','Steven','Steven','18012345678',NULL,'steven@mossle.com',NULL,NULL,NULL,NULL,NULL,NULL,NULL,NULL,NULL,NULL,NULL,NULL,NULL,NULL,NULL,NULL,NULL,NULL,NULL,NULL,NULL,NULL,NULL,NULL,'1'),(4,'4','king','Demo','King','King','18012345678',NULL,'king@mossle.com',NULL,NULL,NULL,NULL,NULL,NULL,NULL,NULL,NULL,NULL,NULL,NULL,NULL,NULL,NULL,NULL,NULL,NULL,NULL,NULL,NULL,NULL,NULL,NULL,'1'),(5,'5','john','Demo','John','John','18012345678',NULL,'john@mossle.com',NULL,NULL,NULL,NULL,NULL,NULL,NULL,NULL,NULL,NULL,NULL,NULL,NULL,NULL,NULL,NULL,NULL,NULL,NULL,NULL,NULL,NULL,NULL,NULL,'1'),(6,'6','william','','William','William','18012345678',NULL,'william@mossle.com',NULL,NULL,NULL,NULL,NULL,NULL,NULL,NULL,NULL,NULL,NULL,NULL,NULL,NULL,NULL,NULL,NULL,NULL,NULL,NULL,NULL,NULL,NULL,NULL,'1'),(7,'7','adam','Demo','Adam','Adam','18012345678',NULL,'adam@mossle.com',NULL,NULL,NULL,NULL,NULL,NULL,NULL,NULL,NULL,NULL,NULL,NULL,NULL,NULL,NULL,NULL,NULL,NULL,NULL,NULL,NULL,NULL,NULL,NULL,'1'),(8,'8','robot','Demo','Robot','Robot','18012345678',NULL,'robot@mossle.com',NULL,NULL,NULL,NULL,NULL,NULL,NULL,NULL,NULL,NULL,NULL,NULL,NULL,NULL,NULL,NULL,NULL,NULL,NULL,NULL,NULL,NULL,NULL,NULL,'1'),(9,'9','bob','Mossle','Bob','Bob Mossle','18012345678',NULL,'bob@mossle.com',NULL,NULL,NULL,NULL,NULL,NULL,NULL,NULL,NULL,NULL,NULL,NULL,NULL,NULL,NULL,NULL,NULL,NULL,NULL,NULL,NULL,NULL,NULL,NULL,'1'),(10,'10','alice','Mossle','Alice','Alice Mossle','18012345678',NULL,'alice@mossle.com',NULL,NULL,NULL,NULL,NULL,NULL,NULL,NULL,NULL,NULL,NULL,NULL,NULL,NULL,NULL,NULL,NULL,NULL,NULL,NULL,NULL,NULL,NULL,NULL,'1'),(11,'11','mike','Mossle','Mike','Mike Mossle','18012345678',NULL,'mike@mossle.com',NULL,NULL,NULL,NULL,NULL,NULL,NULL,NULL,NULL,NULL,NULL,NULL,NULL,NULL,NULL,NULL,NULL,NULL,NULL,NULL,NULL,NULL,NULL,NULL,'1'),(12,'12','justin','Mossle','Justin','Justin Mossle','18012345678',NULL,'justin@mossle.com',NULL,NULL,NULL,NULL,NULL,NULL,NULL,NULL,NULL,NULL,NULL,NULL,NULL,NULL,NULL,NULL,NULL,NULL,NULL,NULL,NULL,NULL,NULL,NULL,'1'),(13,'13','tom','Mossle','Tom','Tom Mossle','18012345678',NULL,'tom@mossle.com',NULL,NULL,NULL,NULL,NULL,NULL,NULL,NULL,NULL,NULL,NULL,NULL,NULL,NULL,NULL,NULL,NULL,NULL,NULL,NULL,NULL,NULL,NULL,NULL,'1'),(14,'14','james','Mossle','James','James Mossle','18012345678',NULL,'james@mossle.com',NULL,NULL,NULL,NULL,NULL,NULL,NULL,NULL,NULL,NULL,NULL,NULL,NULL,NULL,NULL,NULL,NULL,NULL,NULL,NULL,NULL,NULL,NULL,NULL,'1'),(15,'15','joe','Mossle','Joe','Joe Mossle','18012345678',NULL,'joe@mossle.com',NULL,NULL,NULL,NULL,NULL,NULL,NULL,NULL,NULL,NULL,NULL,NULL,NULL,NULL,NULL,NULL,NULL,NULL,NULL,NULL,NULL,NULL,NULL,NULL,'1'),(16,'16','paul','Mossle','Paul','Paul Mossle','18012345678',NULL,'paul@mossle.com',NULL,NULL,NULL,NULL,NULL,NULL,NULL,NULL,NULL,NULL,NULL,NULL,NULL,NULL,NULL,NULL,NULL,NULL,NULL,NULL,NULL,NULL,NULL,NULL,'1'),(17,'17','jane','Mossle','Jane','Jane Mossle','18012345678',NULL,'jane@mossle.com',NULL,NULL,NULL,NULL,NULL,NULL,NULL,NULL,NULL,NULL,NULL,NULL,NULL,NULL,NULL,NULL,NULL,NULL,NULL,NULL,NULL,NULL,NULL,NULL,'1'),(18,'18','marry','Mossle','Marry','Marry Mossle','18012345678',NULL,'marry@mossle.com',NULL,NULL,NULL,NULL,NULL,NULL,NULL,NULL,NULL,NULL,NULL,NULL,NULL,NULL,NULL,NULL,NULL,NULL,NULL,NULL,NULL,NULL,NULL,NULL,'1'),(19,'19','ben','Mossle','Ben','Ben Mossle','18012345678',NULL,'ben@mossle.com',NULL,NULL,NULL,NULL,NULL,NULL,NULL,NULL,NULL,NULL,NULL,NULL,NULL,NULL,NULL,NULL,NULL,NULL,NULL,NULL,NULL,NULL,NULL,NULL,'1'),(20,'20','bot','Mossle','Bot','Bot Mossle','18012345678',NULL,'bot@mossle.com',NULL,NULL,NULL,NULL,NULL,NULL,NULL,NULL,NULL,NULL,NULL,NULL,NULL,NULL,NULL,NULL,NULL,NULL,NULL,NULL,NULL,NULL,NULL,NULL,'1'),(21,'21','jack','Mossle','Jack','Jack Mossle','18012345678',NULL,'jack@mossle.com',NULL,NULL,NULL,NULL,NULL,NULL,NULL,NULL,NULL,NULL,NULL,NULL,NULL,NULL,NULL,NULL,NULL,NULL,NULL,NULL,NULL,NULL,NULL,NULL,'1'),(22,'22','martin','Mossle','Martin','Martin Mossle','18012345678',NULL,'marin@mossle.com',NULL,NULL,NULL,NULL,NULL,NULL,NULL,NULL,NULL,NULL,NULL,NULL,NULL,NULL,NULL,NULL,NULL,NULL,NULL,NULL,NULL,NULL,NULL,NULL,'1'),(23,'23','alex','Mossle','Alex','Alex Mossle','18012345678',NULL,'alex@mossle.com',NULL,NULL,NULL,NULL,NULL,NULL,NULL,NULL,NULL,NULL,NULL,NULL,NULL,NULL,NULL,NULL,NULL,NULL,NULL,NULL,NULL,NULL,NULL,NULL,'1'),(24,'24','daniel','Mossle','Daniel','Daniel Mossle','18012345678',NULL,'daniel@mossle.com',NULL,NULL,NULL,NULL,NULL,NULL,NULL,NULL,NULL,NULL,NULL,NULL,NULL,NULL,NULL,NULL,NULL,NULL,NULL,NULL,NULL,NULL,NULL,NULL,'1'),(25,'25','eric','Mossle','Eric','Eric Mossle','18012345678',NULL,'eric@mossle.com',NULL,NULL,NULL,NULL,NULL,NULL,NULL,NULL,NULL,NULL,NULL,NULL,NULL,NULL,NULL,NULL,NULL,NULL,NULL,NULL,NULL,NULL,NULL,NULL,'1'),(26,'26','leon','Mossle','Leon','Leon Mossle','18012345678',NULL,'leon@mossle.com',NULL,NULL,NULL,NULL,NULL,NULL,NULL,NULL,NULL,NULL,NULL,NULL,NULL,NULL,NULL,NULL,NULL,NULL,NULL,NULL,NULL,NULL,NULL,NULL,'1'),(27,'27','clark','Mossle','Clark','Clark Mossle','18012345678',NULL,'clark@mossle.com',NULL,NULL,NULL,NULL,NULL,NULL,NULL,NULL,NULL,NULL,NULL,NULL,NULL,NULL,NULL,NULL,NULL,NULL,NULL,NULL,NULL,NULL,NULL,NULL,'1'),(28,'28','david','Mossle','David','David Mossle','18012345678',NULL,'david@mossle.com',NULL,NULL,NULL,NULL,NULL,NULL,NULL,NULL,NULL,NULL,NULL,NULL,NULL,NULL,NULL,NULL,NULL,NULL,NULL,NULL,NULL,NULL,NULL,NULL,'1'),(29,'29','henry','Mossle','Henry','Henry Mossle','18012345678',NULL,'henry@mossle.com',NULL,NULL,NULL,NULL,NULL,NULL,NULL,NULL,NULL,NULL,NULL,NULL,NULL,NULL,NULL,NULL,NULL,NULL,NULL,NULL,NULL,NULL,NULL,NULL,'1'),(30,'30','helen','Mossle','Helen','Helen Mossle','18012345678',NULL,'helen@mossle.com',NULL,NULL,NULL,NULL,NULL,NULL,NULL,NULL,NULL,NULL,NULL,NULL,NULL,NULL,NULL,NULL,NULL,NULL,NULL,NULL,NULL,NULL,NULL,NULL,'1'),(31,'31','sarah','Mossle','Sarah','Sarah Mossle','18012345678',NULL,'sarah@mossle.com',NULL,NULL,NULL,NULL,NULL,NULL,NULL,NULL,NULL,NULL,NULL,NULL,NULL,NULL,NULL,NULL,NULL,NULL,NULL,NULL,NULL,NULL,NULL,NULL,'1'),(32,'32','sam','Mossle','Sam','Sam Mossle','18012345678',NULL,'sam@mossle.com',NULL,NULL,NULL,NULL,NULL,NULL,NULL,NULL,NULL,NULL,NULL,NULL,NULL,NULL,NULL,NULL,NULL,NULL,NULL,NULL,NULL,NULL,NULL,NULL,'1'),(33,'33','claire','Mossle','Claire','Claire Mossle','18012345678',NULL,'claire@mossle.com',NULL,NULL,NULL,NULL,NULL,NULL,NULL,NULL,NULL,NULL,NULL,NULL,NULL,NULL,NULL,NULL,NULL,NULL,NULL,NULL,NULL,NULL,NULL,NULL,'1'),(34,'34','thomas','Mossle','Thomas','Thomas Mossle','18012345678',NULL,'thomas@mossle.com',NULL,NULL,NULL,NULL,NULL,NULL,NULL,NULL,NULL,NULL,NULL,NULL,NULL,NULL,NULL,NULL,NULL,NULL,NULL,NULL,NULL,NULL,NULL,NULL,'1'),(260392476082176,'260384205684736',NULL,NULL,NULL,NULL,NULL,NULL,NULL,NULL,NULL,NULL,NULL,NULL,NULL,NULL,NULL,NULL,NULL,NULL,NULL,NULL,NULL,NULL,NULL,NULL,NULL,NULL,NULL,NULL,NULL,NULL,NULL,NULL),(262103653695488,'c',NULL,NULL,NULL,NULL,'22222222',NULL,'18159801259@qq.com',NULL,NULL,NULL,NULL,NULL,NULL,NULL,NULL,NULL,NULL,NULL,NULL,NULL,NULL,NULL,NULL,NULL,NULL,NULL,NULL,NULL,NULL,NULL,NULL,NULL),(263275567316992,'262163856867328',NULL,NULL,NULL,NULL,'wer',NULL,'erw',NULL,NULL,NULL,NULL,NULL,NULL,NULL,NULL,NULL,NULL,NULL,NULL,NULL,NULL,NULL,NULL,NULL,NULL,NULL,NULL,NULL,NULL,NULL,NULL,NULL),(263619674357760,'263589088296960',NULL,NULL,NULL,NULL,NULL,NULL,NULL,NULL,NULL,NULL,NULL,NULL,NULL,NULL,NULL,NULL,NULL,NULL,NULL,NULL,NULL,NULL,NULL,NULL,NULL,NULL,NULL,NULL,NULL,NULL,NULL,NULL),(268888767512576,'247688773386240',NULL,NULL,NULL,NULL,'22222222238',NULL,'3347',NULL,NULL,NULL,NULL,NULL,NULL,NULL,NULL,NULL,NULL,NULL,NULL,NULL,NULL,NULL,NULL,NULL,NULL,NULL,NULL,NULL,NULL,NULL,NULL,NULL),(268889544179712,NULL,NULL,NULL,NULL,NULL,'22222222238',NULL,'33',NULL,NULL,NULL,NULL,NULL,NULL,NULL,NULL,NULL,NULL,NULL,NULL,NULL,NULL,NULL,NULL,NULL,NULL,NULL,NULL,NULL,NULL,NULL,NULL,NULL),(268905442639872,NULL,NULL,NULL,NULL,NULL,'22222222238',NULL,'334',NULL,NULL,NULL,NULL,NULL,NULL,NULL,NULL,NULL,NULL,NULL,NULL,NULL,NULL,NULL,NULL,NULL,NULL,NULL,NULL,NULL,NULL,NULL,NULL,NULL),(268944163880960,NULL,NULL,NULL,NULL,NULL,'22222222238',NULL,'3347',NULL,NULL,NULL,NULL,NULL,NULL,NULL,NULL,NULL,NULL,NULL,NULL,NULL,NULL,NULL,NULL,NULL,NULL,NULL,NULL,NULL,NULL,NULL,NULL,NULL);
/*!40000 ALTER TABLE `person_info` ENABLE KEYS */;
UNLOCK TABLES;

--
-- Table structure for table `pim_device`
--

DROP TABLE IF EXISTS `pim_device`;
/*!40101 SET @saved_cs_client     = @@character_set_client */;
/*!40101 SET character_set_client = utf8 */;
CREATE TABLE `pim_device` (
  `ID` bigint(20) NOT NULL,
  `CODE` varchar(64) DEFAULT NULL,
  `NAME` varchar(64) DEFAULT NULL,
  `TYPE` varchar(64) DEFAULT NULL,
  `SESSION_ID` varchar(64) DEFAULT NULL,
  `CREATE_TIME` datetime DEFAULT NULL,
  `STATUS` varchar(50) DEFAULT NULL,
  `USER_ID` varchar(64) DEFAULT NULL,
  PRIMARY KEY (`ID`)
) ENGINE=InnoDB DEFAULT CHARSET=utf8;
/*!40101 SET character_set_client = @saved_cs_client */;

--
-- Dumping data for table `pim_device`
--

LOCK TABLES `pim_device` WRITE;
/*!40000 ALTER TABLE `pim_device` DISABLE KEYS */;
/*!40000 ALTER TABLE `pim_device` ENABLE KEYS */;
UNLOCK TABLES;

--
-- Table structure for table `pim_favorite`
--

DROP TABLE IF EXISTS `pim_favorite`;
/*!40101 SET @saved_cs_client     = @@character_set_client */;
/*!40101 SET character_set_client = utf8 */;
CREATE TABLE `pim_favorite` (
  `ID` bigint(20) NOT NULL,
  `MODULE_TYPE` varchar(50) DEFAULT NULL,
  `MODULE_ID` varchar(64) DEFAULT NULL,
  `TITLE` varchar(100) DEFAULT NULL,
  `CONTENT` varchar(200) DEFAULT NULL,
  `CREATE_TIME` datetime DEFAULT NULL,
  `TAGS` varchar(200) DEFAULT NULL,
  `USER_ID` varchar(64) DEFAULT NULL,
  PRIMARY KEY (`ID`)
) ENGINE=InnoDB DEFAULT CHARSET=utf8;
/*!40101 SET character_set_client = @saved_cs_client */;

--
-- Dumping data for table `pim_favorite`
--

LOCK TABLES `pim_favorite` WRITE;
/*!40000 ALTER TABLE `pim_favorite` DISABLE KEYS */;
/*!40000 ALTER TABLE `pim_favorite` ENABLE KEYS */;
UNLOCK TABLES;

--
-- Table structure for table `pim_info`
--

DROP TABLE IF EXISTS `pim_info`;
/*!40101 SET @saved_cs_client     = @@character_set_client */;
/*!40101 SET character_set_client = utf8 */;
CREATE TABLE `pim_info` (
  `ID` bigint(20) NOT NULL,
  `NAME` varchar(200) DEFAULT NULL,
  `PHOTO` varchar(200) DEFAULT NULL,
  `BIRTHDAY` date DEFAULT NULL,
  `ADDRESS` varchar(200) DEFAULT NULL,
  `TEL` varchar(200) DEFAULT NULL,
  `EMAIL` varchar(200) DEFAULT NULL,
  `ORG` varchar(200) DEFAULT NULL,
  `TITLE` varchar(200) DEFAULT NULL,
  `TENANT_ID` varchar(200) DEFAULT NULL,
  `USER_ID` varchar(64) DEFAULT NULL,
  `DEPARTMENT` varchar(100) DEFAULT NULL,
  `IMPP` varchar(100) DEFAULT NULL,
  `TYPE` varchar(50) DEFAULT NULL,
  `REF` varchar(64) DEFAULT NULL,
  PRIMARY KEY (`ID`)
) ENGINE=InnoDB DEFAULT CHARSET=utf8;
/*!40101 SET character_set_client = @saved_cs_client */;

--
-- Dumping data for table `pim_info`
--

LOCK TABLES `pim_info` WRITE;
/*!40000 ALTER TABLE `pim_info` DISABLE KEYS */;
INSERT INTO `pim_info` VALUES (1,'临远',NULL,NULL,NULL,'15801234567','lingo@mossle.com','Mossle','Java程序员','1','1','IT','15801234567','internal','1');
/*!40000 ALTER TABLE `pim_info` ENABLE KEYS */;
UNLOCK TABLES;

--
-- Table structure for table `pim_note`
--

DROP TABLE IF EXISTS `pim_note`;
/*!40101 SET @saved_cs_client     = @@character_set_client */;
/*!40101 SET character_set_client = utf8 */;
CREATE TABLE `pim_note` (
  `ID` bigint(20) NOT NULL,
  `TITLE` varchar(100) DEFAULT NULL,
  `CONTENT` varchar(200) DEFAULT NULL,
  `CREATE_TIME` datetime DEFAULT NULL,
  `USER_ID` varchar(64) DEFAULT NULL,
  `CLIENT_X` int(11) DEFAULT NULL,
  `CLIENT_Y` int(11) DEFAULT NULL,
  `STATUS` varchar(50) DEFAULT NULL,
  PRIMARY KEY (`ID`)
) ENGINE=InnoDB DEFAULT CHARSET=utf8;
/*!40101 SET character_set_client = @saved_cs_client */;

--
-- Dumping data for table `pim_note`
--

LOCK TABLES `pim_note` WRITE;
/*!40000 ALTER TABLE `pim_note` DISABLE KEYS */;
/*!40000 ALTER TABLE `pim_note` ENABLE KEYS */;
UNLOCK TABLES;

--
-- Table structure for table `pim_phrase`
--

DROP TABLE IF EXISTS `pim_phrase`;
/*!40101 SET @saved_cs_client     = @@character_set_client */;
/*!40101 SET character_set_client = utf8 */;
CREATE TABLE `pim_phrase` (
  `ID` bigint(20) NOT NULL,
  `CONTENT` varchar(200) DEFAULT NULL,
  `USER_ID` varchar(64) DEFAULT NULL,
  PRIMARY KEY (`ID`)
) ENGINE=InnoDB DEFAULT CHARSET=utf8;
/*!40101 SET character_set_client = @saved_cs_client */;

--
-- Dumping data for table `pim_phrase`
--

LOCK TABLES `pim_phrase` WRITE;
/*!40000 ALTER TABLE `pim_phrase` DISABLE KEYS */;
/*!40000 ALTER TABLE `pim_phrase` ENABLE KEYS */;
UNLOCK TABLES;

--
-- Table structure for table `pim_remind`
--

DROP TABLE IF EXISTS `pim_remind`;
/*!40101 SET @saved_cs_client     = @@character_set_client */;
/*!40101 SET character_set_client = utf8 */;
CREATE TABLE `pim_remind` (
  `ID` bigint(20) NOT NULL,
  `TYPE` varchar(50) DEFAULT NULL,
  `REPEAT_TYPE` varchar(64) DEFAULT NULL,
  `REPEAT_PEROID` int(11) DEFAULT NULL,
  `PRIORITY` int(11) DEFAULT NULL,
  `REMIND_TIME` varchar(50) DEFAULT NULL,
  `DESCRIPTION` varchar(200) DEFAULT NULL,
  `CREATE_TIME` datetime DEFAULT NULL,
  `STATUS` varchar(50) DEFAULT NULL,
  `USER_ID` varchar(64) DEFAULT NULL,
  `REF` varchar(200) DEFAULT NULL,
  PRIMARY KEY (`ID`)
) ENGINE=InnoDB DEFAULT CHARSET=utf8;
/*!40101 SET character_set_client = @saved_cs_client */;

--
-- Dumping data for table `pim_remind`
--

LOCK TABLES `pim_remind` WRITE;
/*!40000 ALTER TABLE `pim_remind` DISABLE KEYS */;
/*!40000 ALTER TABLE `pim_remind` ENABLE KEYS */;
UNLOCK TABLES;

--
-- Table structure for table `pim_schedule`
--

DROP TABLE IF EXISTS `pim_schedule`;
/*!40101 SET @saved_cs_client     = @@character_set_client */;
/*!40101 SET character_set_client = utf8 */;
CREATE TABLE `pim_schedule` (
  `ID` bigint(20) NOT NULL,
  `NAME` varchar(200) DEFAULT NULL,
  `LOCATION` varchar(200) DEFAULT NULL,
  `CONTENT` varchar(200) DEFAULT NULL,
  `TYPE` int(11) DEFAULT NULL,
  `START_TIME` timestamp NOT NULL DEFAULT CURRENT_TIMESTAMP ON UPDATE CURRENT_TIMESTAMP,
  `END_TIME` timestamp NOT NULL DEFAULT '0000-00-00 00:00:00',
  `ALERT_TIME` varchar(50) DEFAULT NULL,
  `USER_ID` varchar(64) DEFAULT NULL,
  `STATUS` int(11) DEFAULT NULL,
  `REF` varchar(100) DEFAULT NULL,
  `TENANT_ID` varchar(64) DEFAULT NULL,
  PRIMARY KEY (`ID`)
) ENGINE=InnoDB DEFAULT CHARSET=utf8;
/*!40101 SET character_set_client = @saved_cs_client */;

--
-- Dumping data for table `pim_schedule`
--

LOCK TABLES `pim_schedule` WRITE;
/*!40000 ALTER TABLE `pim_schedule` DISABLE KEYS */;
INSERT INTO `pim_schedule` VALUES (279035107328000,'gfv ',NULL,'ytuy',NULL,'2016-07-31 16:00:00','2016-08-01 16:00:00',NULL,'1',NULL,NULL,NULL);
/*!40000 ALTER TABLE `pim_schedule` ENABLE KEYS */;
UNLOCK TABLES;

--
-- Table structure for table `pim_schedule_participant`
--

DROP TABLE IF EXISTS `pim_schedule_participant`;
/*!40101 SET @saved_cs_client     = @@character_set_client */;
/*!40101 SET character_set_client = utf8 */;
CREATE TABLE `pim_schedule_participant` (
  `ID` bigint(20) NOT NULL,
  `TYPE` int(11) DEFAULT NULL,
  `USER_ID` varchar(64) DEFAULT NULL,
  `STATUS` int(11) DEFAULT NULL,
  `SCHEDULE_ID` bigint(20) DEFAULT NULL,
  `TENANT_ID` varchar(64) DEFAULT NULL,
  PRIMARY KEY (`ID`),
  KEY `FK_PIM_SCHEDULE_PARTICIPANT_SCHEDULE` (`SCHEDULE_ID`),
  CONSTRAINT `FK_PIM_SCHEDULE_PARTICIPANT_SCHEDULE` FOREIGN KEY (`SCHEDULE_ID`) REFERENCES `pim_schedule` (`ID`)
) ENGINE=InnoDB DEFAULT CHARSET=utf8;
/*!40101 SET character_set_client = @saved_cs_client */;

--
-- Dumping data for table `pim_schedule_participant`
--

LOCK TABLES `pim_schedule_participant` WRITE;
/*!40000 ALTER TABLE `pim_schedule_participant` DISABLE KEYS */;
/*!40000 ALTER TABLE `pim_schedule_participant` ENABLE KEYS */;
UNLOCK TABLES;

--
-- Table structure for table `plm_category`
--

DROP TABLE IF EXISTS `plm_category`;
/*!40101 SET @saved_cs_client     = @@character_set_client */;
/*!40101 SET character_set_client = utf8 */;
CREATE TABLE `plm_category` (
  `ID` bigint(20) NOT NULL,
  `NAME` varchar(200) DEFAULT NULL,
  `PRIORITY` int(11) DEFAULT NULL,
  `STATUS` varchar(50) DEFAULT NULL,
  `CREATE_TIME` datetime DEFAULT NULL,
  `USER_ID` varchar(64) DEFAULT NULL,
  PRIMARY KEY (`ID`)
) ENGINE=InnoDB DEFAULT CHARSET=utf8;
/*!40101 SET character_set_client = @saved_cs_client */;

--
-- Dumping data for table `plm_category`
--

LOCK TABLES `plm_category` WRITE;
/*!40000 ALTER TABLE `plm_category` DISABLE KEYS */;
INSERT INTO `plm_category` VALUES (1,'通用工具',1,NULL,NULL,NULL),(2,'系统工具',2,NULL,NULL,NULL),(3,'基础组件',3,NULL,NULL,NULL),(4,'业务模块',4,NULL,NULL,NULL),(5,'内容管理',5,NULL,NULL,NULL),(99,'孵化器',99,NULL,NULL,NULL);
/*!40000 ALTER TABLE `plm_category` ENABLE KEYS */;
UNLOCK TABLES;

--
-- Table structure for table `plm_comment`
--

DROP TABLE IF EXISTS `plm_comment`;
/*!40101 SET @saved_cs_client     = @@character_set_client */;
/*!40101 SET character_set_client = utf8 */;
CREATE TABLE `plm_comment` (
  `ID` bigint(20) NOT NULL,
  `CONTENT` text,
  `CREATE_TIME` datetime DEFAULT NULL,
  `USER_ID` varchar(64) DEFAULT NULL,
  `PRIORITY` int(11) DEFAULT NULL,
  `ISSUE_ID` bigint(20) DEFAULT NULL,
  PRIMARY KEY (`ID`),
  KEY `FK_PIM_COMMENT_ISSUE` (`ISSUE_ID`),
  CONSTRAINT `FK_PIM_COMMENT_ISSUE` FOREIGN KEY (`ISSUE_ID`) REFERENCES `plm_issue` (`ID`)
) ENGINE=InnoDB DEFAULT CHARSET=utf8;
/*!40101 SET character_set_client = @saved_cs_client */;

--
-- Dumping data for table `plm_comment`
--

LOCK TABLES `plm_comment` WRITE;
/*!40000 ALTER TABLE `plm_comment` DISABLE KEYS */;
/*!40000 ALTER TABLE `plm_comment` ENABLE KEYS */;
UNLOCK TABLES;

--
-- Table structure for table `plm_component`
--

DROP TABLE IF EXISTS `plm_component`;
/*!40101 SET @saved_cs_client     = @@character_set_client */;
/*!40101 SET character_set_client = utf8 */;
CREATE TABLE `plm_component` (
  `ID` bigint(20) NOT NULL,
  `NAME` varchar(200) DEFAULT NULL,
  `STATUS` varchar(50) DEFAULT NULL,
  `CREATE_TIME` datetime DEFAULT NULL,
  `USER_ID` varchar(64) DEFAULT NULL,
  `PRIORITY` int(11) DEFAULT NULL,
  `PROJECT_ID` bigint(20) DEFAULT NULL,
  PRIMARY KEY (`ID`),
  KEY `FK_PIM_COMPONENT_PROJECT` (`PROJECT_ID`),
  CONSTRAINT `FK_PIM_COMPONENT_PROJECT` FOREIGN KEY (`PROJECT_ID`) REFERENCES `plm_project` (`ID`)
) ENGINE=InnoDB DEFAULT CHARSET=utf8;
/*!40101 SET character_set_client = @saved_cs_client */;

--
-- Dumping data for table `plm_component`
--

LOCK TABLES `plm_component` WRITE;
/*!40000 ALTER TABLE `plm_component` DISABLE KEYS */;
/*!40000 ALTER TABLE `plm_component` ENABLE KEYS */;
UNLOCK TABLES;

--
-- Table structure for table `plm_config`
--

DROP TABLE IF EXISTS `plm_config`;
/*!40101 SET @saved_cs_client     = @@character_set_client */;
/*!40101 SET character_set_client = utf8 */;
CREATE TABLE `plm_config` (
  `ID` bigint(20) NOT NULL,
  `CODE` varchar(50) DEFAULT NULL,
  `NAME` varchar(200) DEFAULT NULL,
  PRIMARY KEY (`ID`)
) ENGINE=InnoDB DEFAULT CHARSET=utf8;
/*!40101 SET character_set_client = @saved_cs_client */;

--
-- Dumping data for table `plm_config`
--

LOCK TABLES `plm_config` WRITE;
/*!40000 ALTER TABLE `plm_config` DISABLE KEYS */;
INSERT INTO `plm_config` VALUES (1,'default','默认配置');
/*!40000 ALTER TABLE `plm_config` ENABLE KEYS */;
UNLOCK TABLES;

--
-- Table structure for table `plm_issue`
--

DROP TABLE IF EXISTS `plm_issue`;
/*!40101 SET @saved_cs_client     = @@character_set_client */;
/*!40101 SET character_set_client = utf8 */;
CREATE TABLE `plm_issue` (
  `ID` bigint(20) NOT NULL,
  `TYPE` varchar(50) DEFAULT NULL,
  `NAME` varchar(200) DEFAULT NULL,
  `CONTENT` text,
  `SEVERITY` int(11) DEFAULT NULL,
  `CREATE_TIME` datetime DEFAULT NULL,
  `START_TIME` datetime DEFAULT NULL,
  `COMPLETE_TIME` datetime DEFAULT NULL,
  `REPORTER_ID` varchar(64) DEFAULT NULL,
  `ASSIGNEE_ID` varchar(64) DEFAULT NULL,
  `STATUS` varchar(50) DEFAULT NULL,
  `STEP` varchar(50) DEFAULT NULL,
  `PROJECT_ID` bigint(20) DEFAULT NULL,
  `SPRINT_ID` bigint(20) DEFAULT NULL,
  PRIMARY KEY (`ID`),
  KEY `FK_PLM_ISSUE_PROJECT` (`PROJECT_ID`),
  KEY `FK_PLM_ISSUE_SPRINT` (`SPRINT_ID`),
  CONSTRAINT `FK_PLM_ISSUE_PROJECT` FOREIGN KEY (`PROJECT_ID`) REFERENCES `plm_project` (`ID`),
  CONSTRAINT `FK_PLM_ISSUE_SPRINT` FOREIGN KEY (`SPRINT_ID`) REFERENCES `plm_sprint` (`ID`)
) ENGINE=InnoDB DEFAULT CHARSET=utf8;
/*!40101 SET character_set_client = @saved_cs_client */;

--
-- Dumping data for table `plm_issue`
--

LOCK TABLES `plm_issue` WRITE;
/*!40000 ALTER TABLE `plm_issue` DISABLE KEYS */;
INSERT INTO `plm_issue` VALUES (1,'story','文档支持权限配置','Lemon2群，依然爱你(934039020)提出的，在domino中有个读者域、作者域  用来控制文档的权限',NULL,'2015-02-11 03:26:41',NULL,NULL,'1','1','active','preConfirm',11,1),(2,'story','整理表结构设计图','',NULL,'2015-02-11 06:06:09',NULL,NULL,'1','1','active','dev',11,1),(3,'story','站内消息发给多人','',NULL,'2015-02-11 07:36:05',NULL,NULL,'1','1','active','preDev',11,1),(5,'story','电子表单支持增删行列','',NULL,'2015-02-12 06:48:40',NULL,NULL,'1','1','active','dev',11,1),(6,'story','梳理权限','1.规划目前的功能点\n2.规划哪些功能点需要哪些权限\n3.改代码',NULL,'2015-02-13 06:44:09',NULL,NULL,'1','1','active','dev',11,1);
/*!40000 ALTER TABLE `plm_issue` ENABLE KEYS */;
UNLOCK TABLES;

--
-- Table structure for table `plm_issue_component`
--

DROP TABLE IF EXISTS `plm_issue_component`;
/*!40101 SET @saved_cs_client     = @@character_set_client */;
/*!40101 SET character_set_client = utf8 */;
CREATE TABLE `plm_issue_component` (
  `ISSUE_ID` bigint(20) NOT NULL DEFAULT '0',
  `COMPONENT_ID` bigint(20) NOT NULL DEFAULT '0',
  PRIMARY KEY (`ISSUE_ID`,`COMPONENT_ID`),
  KEY `FK_PIM_ISSUE_COMPONENT_COMPONENT` (`COMPONENT_ID`),
  CONSTRAINT `FK_PIM_ISSUE_COMPONENT_COMPONENT` FOREIGN KEY (`COMPONENT_ID`) REFERENCES `plm_component` (`ID`),
  CONSTRAINT `FK_PIM_ISSUE_COMPONENT_ISSUE` FOREIGN KEY (`ISSUE_ID`) REFERENCES `plm_issue` (`ID`)
) ENGINE=InnoDB DEFAULT CHARSET=utf8;
/*!40101 SET character_set_client = @saved_cs_client */;

--
-- Dumping data for table `plm_issue_component`
--

LOCK TABLES `plm_issue_component` WRITE;
/*!40000 ALTER TABLE `plm_issue_component` DISABLE KEYS */;
/*!40000 ALTER TABLE `plm_issue_component` ENABLE KEYS */;
UNLOCK TABLES;

--
-- Table structure for table `plm_issue_version`
--

DROP TABLE IF EXISTS `plm_issue_version`;
/*!40101 SET @saved_cs_client     = @@character_set_client */;
/*!40101 SET character_set_client = utf8 */;
CREATE TABLE `plm_issue_version` (
  `ISSUE_ID` bigint(20) NOT NULL DEFAULT '0',
  `VERSION_ID` bigint(20) NOT NULL DEFAULT '0',
  PRIMARY KEY (`ISSUE_ID`,`VERSION_ID`),
  KEY `FK_PIM_ISSUE_VERSION_VERSION` (`VERSION_ID`),
  CONSTRAINT `FK_PIM_ISSUE_VERSION_ISSUE` FOREIGN KEY (`ISSUE_ID`) REFERENCES `plm_issue` (`ID`),
  CONSTRAINT `FK_PIM_ISSUE_VERSION_VERSION` FOREIGN KEY (`VERSION_ID`) REFERENCES `plm_version` (`ID`)
) ENGINE=InnoDB DEFAULT CHARSET=utf8;
/*!40101 SET character_set_client = @saved_cs_client */;

--
-- Dumping data for table `plm_issue_version`
--

LOCK TABLES `plm_issue_version` WRITE;
/*!40000 ALTER TABLE `plm_issue_version` DISABLE KEYS */;
/*!40000 ALTER TABLE `plm_issue_version` ENABLE KEYS */;
UNLOCK TABLES;

--
-- Table structure for table `plm_log`
--

DROP TABLE IF EXISTS `plm_log`;
/*!40101 SET @saved_cs_client     = @@character_set_client */;
/*!40101 SET character_set_client = utf8 */;
CREATE TABLE `plm_log` (
  `ID` bigint(20) NOT NULL,
  `TYPE` varchar(50) DEFAULT NULL,
  `USER_ID` varchar(64) DEFAULT NULL,
  `LOG_TIME` datetime DEFAULT NULL,
  `CONTENT` text,
  `ISSUE_ID` bigint(20) DEFAULT NULL,
  PRIMARY KEY (`ID`),
  KEY `FK_PIM_LOG_ISSUE` (`ISSUE_ID`),
  CONSTRAINT `FK_PIM_LOG_ISSUE` FOREIGN KEY (`ISSUE_ID`) REFERENCES `plm_issue` (`ID`)
) ENGINE=InnoDB DEFAULT CHARSET=utf8;
/*!40101 SET character_set_client = @saved_cs_client */;

--
-- Dumping data for table `plm_log`
--

LOCK TABLES `plm_log` WRITE;
/*!40000 ALTER TABLE `plm_log` DISABLE KEYS */;
INSERT INTO `plm_log` VALUES (1,'create','1','2015-02-11 03:26:41',NULL,1),(2,'create','1','2015-02-11 06:06:09',NULL,2),(3,'create','1','2015-02-11 07:36:05',NULL,3),(5,'create','1','2015-02-12 06:48:40',NULL,5),(6,'update',NULL,'2015-02-12 14:17:24',NULL,1),(7,'update',NULL,'2015-02-12 14:17:26',NULL,1),(8,'update',NULL,'2015-02-12 14:17:36',NULL,5),(9,'update',NULL,'2015-02-12 14:17:38',NULL,2),(10,'update',NULL,'2015-02-12 14:17:39',NULL,3),(11,'update',NULL,'2015-02-12 14:17:41',NULL,3),(12,'update',NULL,'2015-02-12 14:17:42',NULL,2),(13,'update',NULL,'2015-02-12 14:17:44',NULL,2),(14,'update',NULL,'2015-02-12 14:18:40',NULL,1),(15,'update',NULL,'2015-02-12 14:18:46',NULL,5),(16,'update',NULL,'2015-02-12 14:18:47',NULL,2),(17,'update',NULL,'2015-02-12 14:18:49',NULL,1),(18,'update',NULL,'2015-02-12 14:18:55',NULL,5),(19,'update',NULL,'2015-02-12 14:18:56',NULL,5),(20,'create','1','2015-02-13 06:44:09',NULL,6),(21,'update',NULL,'2015-02-24 16:20:34',NULL,3),(22,'update',NULL,'2015-02-24 16:20:36',NULL,2),(23,'update',NULL,'2015-02-24 16:20:38',NULL,1),(24,'update',NULL,'2015-02-24 16:20:40',NULL,5),(25,'update',NULL,'2015-02-24 16:20:42',NULL,6),(26,'update',NULL,'2015-02-24 16:20:44',NULL,6),(27,'update',NULL,'2015-02-26 03:49:04',NULL,3),(28,'update',NULL,'2015-02-26 03:49:06',NULL,3),(29,'update',NULL,'2015-02-26 03:49:08',NULL,2),(30,'update',NULL,'2015-02-26 03:49:09',NULL,5),(31,'update',NULL,'2015-02-26 03:49:10',NULL,6),(32,'update',NULL,'2015-02-26 09:19:42',NULL,3),(33,'update',NULL,'2015-02-26 09:19:44',NULL,1),(34,'update',NULL,'2015-02-26 09:19:46',NULL,2),(35,'update',NULL,'2015-02-26 09:19:47',NULL,5),(36,'update',NULL,'2015-02-26 09:19:49',NULL,6),(37,'update',NULL,'2015-02-26 09:50:29',NULL,3),(38,'update',NULL,'2015-02-26 09:50:31',NULL,2),(39,'update',NULL,'2015-02-26 09:50:40',NULL,1),(40,'update',NULL,'2015-02-26 09:50:42',NULL,6),(41,'update',NULL,'2015-02-26 09:50:44',NULL,5),(42,'complete issue',NULL,'2015-02-26 09:50:49',NULL,6),(43,'reopen issue',NULL,'2015-02-26 09:50:57',NULL,6),(44,'update',NULL,'2015-02-26 09:50:59',NULL,1),(45,'update',NULL,'2015-02-26 09:51:02',NULL,6);
/*!40000 ALTER TABLE `plm_log` ENABLE KEYS */;
UNLOCK TABLES;

--
-- Table structure for table `plm_project`
--

DROP TABLE IF EXISTS `plm_project`;
/*!40101 SET @saved_cs_client     = @@character_set_client */;
/*!40101 SET character_set_client = utf8 */;
CREATE TABLE `plm_project` (
  `ID` bigint(20) NOT NULL,
  `CODE` varchar(50) DEFAULT NULL,
  `NAME` varchar(200) DEFAULT NULL,
  `LOGO` varchar(200) DEFAULT NULL,
  `SUMMARY` text,
  `WIKI_URL` varchar(200) DEFAULT NULL,
  `SOURCE_URL` varchar(200) DEFAULT NULL,
  `URL` varchar(200) DEFAULT NULL,
  `LEADER_ID` varchar(64) DEFAULT NULL,
  `PRIORITY` int(11) DEFAULT NULL,
  `STATUS` varchar(50) DEFAULT NULL,
  `CREATE_TIME` datetime DEFAULT NULL,
  `USER_ID` varchar(64) DEFAULT NULL,
  `CATEGORY_ID` bigint(20) DEFAULT NULL,
  PRIMARY KEY (`ID`),
  KEY `FK_PIM_PROJECT_CATEGORY` (`CATEGORY_ID`),
  CONSTRAINT `FK_PIM_PROJECT_CATEGORY` FOREIGN KEY (`CATEGORY_ID`) REFERENCES `plm_category` (`ID`)
) ENGINE=InnoDB DEFAULT CHARSET=utf8;
/*!40101 SET character_set_client = @saved_cs_client */;

--
-- Dumping data for table `plm_project`
--

LOCK TABLES `plm_project` WRITE;
/*!40000 ALTER TABLE `plm_project` DISABLE KEYS */;
INSERT INTO `plm_project` VALUES (11,'PARENT','全局配置',NULL,NULL,NULL,NULL,NULL,'1',1,NULL,NULL,NULL,1),(12,'FRONTEND','前端框架',NULL,NULL,NULL,NULL,NULL,'1',2,NULL,NULL,NULL,1),(13,'BACKEND','后端框架',NULL,NULL,NULL,NULL,NULL,'1',3,NULL,NULL,NULL,1),(14,'TEST','测试工具',NULL,NULL,NULL,NULL,NULL,'1',4,NULL,NULL,NULL,1),(15,'CORE','核心工具',NULL,NULL,NULL,NULL,NULL,'1',5,NULL,NULL,NULL,1),(16,'SECURITY','权限控制',NULL,NULL,NULL,NULL,NULL,'1',6,NULL,NULL,NULL,1),(21,'DICT','数据字典',NULL,NULL,NULL,NULL,NULL,'1',1,NULL,NULL,NULL,2),(22,'MAIL','邮件',NULL,NULL,NULL,NULL,NULL,'1',2,NULL,NULL,NULL,2),(23,'STORE','附件',NULL,NULL,NULL,NULL,NULL,'1',3,NULL,NULL,NULL,2),(24,'TEMPLATE','模板',NULL,NULL,NULL,NULL,NULL,'1',4,NULL,NULL,NULL,2),(25,'WHITELIST','白名单',NULL,NULL,NULL,NULL,NULL,'1',5,NULL,NULL,NULL,2),(26,'WORKCAL','工作日历',NULL,NULL,NULL,NULL,NULL,'1',6,NULL,NULL,NULL,2),(27,'AUDIT','审计日志',NULL,NULL,NULL,NULL,NULL,'1',7,NULL,NULL,NULL,2),(28,'ONLINE','在线列表',NULL,NULL,NULL,NULL,NULL,'1',8,NULL,NULL,NULL,2),(31,'USER','用户管理',NULL,NULL,NULL,NULL,NULL,'1',1,NULL,NULL,NULL,3),(32,'ORG','组织机构',NULL,NULL,NULL,NULL,NULL,'1',2,NULL,NULL,NULL,3),(33,'AUTH','权限控制',NULL,NULL,NULL,NULL,NULL,'1',3,NULL,NULL,NULL,3),(34,'FORM','电子表单',NULL,NULL,NULL,NULL,NULL,'1',4,NULL,NULL,NULL,3),(35,'TASK','任务中心',NULL,NULL,NULL,NULL,NULL,'1',5,NULL,NULL,NULL,3),(36,'BPM','业务流程',NULL,NULL,NULL,NULL,NULL,'1',6,NULL,NULL,NULL,3),(37,'OPERATION','操作',NULL,NULL,NULL,NULL,NULL,'1',7,NULL,NULL,NULL,3),(41,'PIM','个人事务',NULL,NULL,NULL,NULL,NULL,'1',1,NULL,NULL,NULL,4),(42,'LOGISTIC','行政管理',NULL,NULL,NULL,NULL,NULL,'1',2,NULL,NULL,NULL,4),(43,'LEMON','LemonOA',NULL,NULL,NULL,NULL,NULL,'1',3,NULL,NULL,NULL,4),(44,'PLM','项目追踪',NULL,NULL,NULL,NULL,NULL,'1',4,NULL,NULL,NULL,4),(51,'NEWS','新闻',NULL,NULL,NULL,NULL,NULL,'1',1,NULL,NULL,NULL,5),(52,'FORUM','论坛',NULL,NULL,NULL,NULL,NULL,'1',2,NULL,NULL,NULL,5),(53,'WIKI','WIKI',NULL,NULL,NULL,NULL,NULL,'1',3,NULL,NULL,NULL,5),(54,'ASK','问答',NULL,NULL,NULL,NULL,NULL,'1',4,NULL,NULL,NULL,5),(55,'MSG','站内信',NULL,NULL,NULL,NULL,NULL,'1',5,NULL,NULL,NULL,5),(56,'SNS','互动',NULL,NULL,NULL,NULL,NULL,'1',6,NULL,NULL,NULL,5),(9901,'TENANT','多租户',NULL,NULL,NULL,NULL,NULL,'1',1,NULL,NULL,NULL,99),(9902,'ACL','数据权限',NULL,NULL,NULL,NULL,NULL,'1',2,NULL,NULL,NULL,99),(9903,'REPORT','报表管理',NULL,NULL,NULL,NULL,NULL,'1',3,NULL,NULL,NULL,99),(9904,'EXPORT','导出管理',NULL,NULL,NULL,NULL,NULL,'1',4,NULL,NULL,NULL,99),(9905,'DEV','研发管理',NULL,NULL,NULL,NULL,NULL,'1',5,NULL,NULL,NULL,99),(9906,'HR','人事管理',NULL,NULL,NULL,NULL,NULL,'1',6,NULL,NULL,NULL,99),(9907,'APP','移动端',NULL,NULL,NULL,NULL,NULL,'1',7,NULL,NULL,NULL,99),(9908,'IM','即时通讯',NULL,NULL,NULL,NULL,NULL,'1',8,NULL,NULL,NULL,99),(9909,'DEEP','深度学习',NULL,NULL,NULL,NULL,NULL,'1',9,NULL,NULL,NULL,99),(9910,'JAVAMAIL','邮件客户端',NULL,NULL,NULL,NULL,NULL,'1',10,NULL,NULL,NULL,99),(9911,'SMS','短信',NULL,NULL,NULL,NULL,NULL,'1',11,NULL,NULL,NULL,99);
/*!40000 ALTER TABLE `plm_project` ENABLE KEYS */;
UNLOCK TABLES;

--
-- Table structure for table `plm_sprint`
--

DROP TABLE IF EXISTS `plm_sprint`;
/*!40101 SET @saved_cs_client     = @@character_set_client */;
/*!40101 SET character_set_client = utf8 */;
CREATE TABLE `plm_sprint` (
  `ID` bigint(20) NOT NULL,
  `CODE` varchar(50) DEFAULT NULL,
  `NAME` varchar(200) DEFAULT NULL,
  `PRIORITY` int(11) DEFAULT NULL,
  `START_TIME` datetime DEFAULT NULL,
  `END_TIME` datetime DEFAULT NULL,
  `STATUS` varchar(50) DEFAULT NULL,
  `CONFIG_ID` bigint(20) DEFAULT NULL,
  `PROJECT_ID` bigint(20) DEFAULT NULL,
  PRIMARY KEY (`ID`),
  KEY `FK_PIM_SPRINT_CONFIG` (`CONFIG_ID`),
  KEY `FK_PIM_SPRINT_PROJECT` (`PROJECT_ID`),
  CONSTRAINT `FK_PIM_SPRINT_CONFIG` FOREIGN KEY (`CONFIG_ID`) REFERENCES `plm_config` (`ID`),
  CONSTRAINT `FK_PIM_SPRINT_PROJECT` FOREIGN KEY (`PROJECT_ID`) REFERENCES `plm_project` (`ID`)
) ENGINE=InnoDB DEFAULT CHARSET=utf8;
/*!40101 SET character_set_client = @saved_cs_client */;

--
-- Dumping data for table `plm_sprint`
--

LOCK TABLES `plm_sprint` WRITE;
/*!40000 ALTER TABLE `plm_sprint` DISABLE KEYS */;
INSERT INTO `plm_sprint` VALUES (1,NULL,'global-1.0.0.0',NULL,'2015-01-01 00:00:00','2015-01-31 00:00:00','active',1,11);
/*!40000 ALTER TABLE `plm_sprint` ENABLE KEYS */;
UNLOCK TABLES;

--
-- Table structure for table `plm_step`
--

DROP TABLE IF EXISTS `plm_step`;
/*!40101 SET @saved_cs_client     = @@character_set_client */;
/*!40101 SET character_set_client = utf8 */;
CREATE TABLE `plm_step` (
  `ID` bigint(20) NOT NULL,
  `CODE` varchar(50) DEFAULT NULL,
  `NAME` varchar(200) DEFAULT NULL,
  `PRIORITY` int(11) DEFAULT NULL,
  `ACTION` varchar(50) DEFAULT NULL,
  `CONFIG_ID` bigint(20) DEFAULT NULL,
  PRIMARY KEY (`ID`),
  KEY `FK_PIM_STEP_CONFIG` (`CONFIG_ID`),
  CONSTRAINT `FK_PIM_STEP_CONFIG` FOREIGN KEY (`CONFIG_ID`) REFERENCES `plm_config` (`ID`)
) ENGINE=InnoDB DEFAULT CHARSET=utf8;
/*!40101 SET character_set_client = @saved_cs_client */;

--
-- Dumping data for table `plm_step`
--

LOCK TABLES `plm_step` WRITE;
/*!40000 ALTER TABLE `plm_step` DISABLE KEYS */;
INSERT INTO `plm_step` VALUES (1,'request','需求池',1,'none',1),(2,'preDev','准备开发',2,'none',1),(3,'dev','开发中',3,'start',1),(4,'preTest','准备测试',4,'stop',1),(5,'test','测试中',5,'start',1),(6,'preConfirm','准备验证',6,'stop',1),(7,'confirm','验证完成',7,'complete',1);
/*!40000 ALTER TABLE `plm_step` ENABLE KEYS */;
UNLOCK TABLES;

--
-- Table structure for table `plm_version`
--

DROP TABLE IF EXISTS `plm_version`;
/*!40101 SET @saved_cs_client     = @@character_set_client */;
/*!40101 SET character_set_client = utf8 */;
CREATE TABLE `plm_version` (
  `ID` bigint(20) NOT NULL,
  `NAME` varchar(200) DEFAULT NULL,
  `STATUS` varchar(50) DEFAULT NULL,
  `CREATE_TIME` datetime DEFAULT NULL,
  `USER_ID` varchar(64) DEFAULT NULL,
  `PRIORITY` int(11) DEFAULT NULL,
  `PROJECT_ID` bigint(20) DEFAULT NULL,
  PRIMARY KEY (`ID`),
  KEY `FK_PIM_VERSION_PROJECT` (`PROJECT_ID`),
  CONSTRAINT `FK_PIM_VERSION_PROJECT` FOREIGN KEY (`PROJECT_ID`) REFERENCES `plm_project` (`ID`)
) ENGINE=InnoDB DEFAULT CHARSET=utf8;
/*!40101 SET character_set_client = @saved_cs_client */;

--
-- Dumping data for table `plm_version`
--

LOCK TABLES `plm_version` WRITE;
/*!40000 ALTER TABLE `plm_version` DISABLE KEYS */;
INSERT INTO `plm_version` VALUES (11,'1.0.0','active',NULL,NULL,1,11);
/*!40000 ALTER TABLE `plm_version` ENABLE KEYS */;
UNLOCK TABLES;

--
-- Table structure for table `portal_info`
--

DROP TABLE IF EXISTS `portal_info`;
/*!40101 SET @saved_cs_client     = @@character_set_client */;
/*!40101 SET character_set_client = utf8 */;
CREATE TABLE `portal_info` (
  `ID` bigint(20) NOT NULL,
  `NAME` varchar(200) DEFAULT NULL,
  `DESCRIPTION` varchar(200) DEFAULT NULL,
  `USER_ID` varchar(64) DEFAULT NULL,
  `CREATE_TIME` datetime DEFAULT NULL,
  `COLUMN_LAYOUT` varchar(100) DEFAULT NULL,
  `SHARED_STATUS` varchar(10) DEFAULT NULL,
  `GLOBAL_STATUS` varchar(10) DEFAULT NULL,
  `TENANT_ID` varchar(64) DEFAULT NULL,
  PRIMARY KEY (`ID`)
) ENGINE=InnoDB DEFAULT CHARSET=utf8;
/*!40101 SET character_set_client = @saved_cs_client */;

--
-- Dumping data for table `portal_info`
--

LOCK TABLES `portal_info` WRITE;
/*!40000 ALTER TABLE `portal_info` DISABLE KEYS */;
INSERT INTO `portal_info` VALUES (1,NULL,NULL,NULL,NULL,'4-4-4','true','true',NULL),(247765516238848,NULL,NULL,'1',NULL,'4-4-4','true','true',NULL),(277601201963008,NULL,NULL,'247689000714240',NULL,'4-4-4','true','true',NULL);
/*!40000 ALTER TABLE `portal_info` ENABLE KEYS */;
UNLOCK TABLES;

--
-- Table structure for table `portal_item`
--

DROP TABLE IF EXISTS `portal_item`;
/*!40101 SET @saved_cs_client     = @@character_set_client */;
/*!40101 SET character_set_client = utf8 */;
CREATE TABLE `portal_item` (
  `ID` bigint(20) NOT NULL,
  `NAME` varchar(200) DEFAULT NULL,
  `COLUMN_INDEX` int(11) DEFAULT NULL,
  `ROW_INDEX` int(11) DEFAULT NULL,
  `DATA` varchar(200) DEFAULT NULL,
  `INFO_ID` bigint(20) DEFAULT NULL,
  `WIDGET_ID` bigint(20) DEFAULT NULL,
  `TENANT_ID` varchar(64) DEFAULT NULL,
  PRIMARY KEY (`ID`),
  KEY `FK_PORTAL_ITEM_INFO` (`INFO_ID`),
  KEY `FK_PORTAL_ITEM_WIDGET` (`WIDGET_ID`),
  CONSTRAINT `FK_PORTAL_ITEM_INFO` FOREIGN KEY (`INFO_ID`) REFERENCES `portal_info` (`ID`),
  CONSTRAINT `FK_PORTAL_ITEM_WIDGET` FOREIGN KEY (`WIDGET_ID`) REFERENCES `portal_widget` (`ID`)
) ENGINE=InnoDB DEFAULT CHARSET=utf8;
/*!40101 SET character_set_client = @saved_cs_client */;

--
-- Dumping data for table `portal_item`
--

LOCK TABLES `portal_item` WRITE;
/*!40000 ALTER TABLE `portal_item` DISABLE KEYS */;
INSERT INTO `portal_item` VALUES (1,'待办任务',1,1,NULL,1,1,NULL),(2,'我的流程',2,1,NULL,1,2,NULL),(3,'常用流程',3,1,NULL,1,3,NULL),(4,'通知公告',1,2,NULL,1,4,NULL),(5,'常用工具',2,2,NULL,1,5,NULL),(6,'天气预报',3,2,NULL,1,6,NULL),(7,'Android',1,3,NULL,1,10,NULL),(8,'私信',2,3,NULL,1,9,NULL),(247765516746753,'我的流程',2,1,NULL,247765516238848,2,NULL),(247765516746754,'通知公告',1,2,NULL,247765516238848,4,NULL),(247765517008896,'私信',2,2,NULL,247765516238848,9,NULL),(247765517008898,'待办任务',1,1,NULL,247765516238848,1,NULL),(247765517008899,'天气预报',3,2,NULL,247765516238848,6,NULL),(247765517254656,'常用流程',3,1,NULL,247765516238848,3,NULL),(277601202880512,'私信',2,3,NULL,277601201963008,9,NULL),(277601203175424,'Android',1,3,NULL,277601201963008,10,NULL),(277601203339264,'常用工具',2,2,NULL,277601201963008,5,NULL),(277601203453952,'通知公告',1,2,NULL,277601201963008,4,NULL),(277601203699712,'天气预报',3,2,NULL,277601201963008,6,NULL),(277601203814400,'我的流程',2,1,NULL,277601201963008,2,NULL),(277601204109312,'常用流程',3,1,NULL,277601201963008,3,NULL),(277601204191232,'待办任务',1,1,NULL,277601201963008,1,NULL);
/*!40000 ALTER TABLE `portal_item` ENABLE KEYS */;
UNLOCK TABLES;

--
-- Table structure for table `portal_ref`
--

DROP TABLE IF EXISTS `portal_ref`;
/*!40101 SET @saved_cs_client     = @@character_set_client */;
/*!40101 SET character_set_client = utf8 */;
CREATE TABLE `portal_ref` (
  `ID` bigint(20) NOT NULL,
  `INFO_ID` bigint(20) DEFAULT NULL,
  `USER_ID` varchar(64) DEFAULT NULL,
  `TENANT_ID` varchar(64) DEFAULT NULL,
  PRIMARY KEY (`ID`),
  KEY `FK_PORTAL_REF_INFO` (`INFO_ID`),
  CONSTRAINT `FK_PORTAL_REF_INFO` FOREIGN KEY (`INFO_ID`) REFERENCES `portal_info` (`ID`)
) ENGINE=InnoDB DEFAULT CHARSET=utf8;
/*!40101 SET character_set_client = @saved_cs_client */;

--
-- Dumping data for table `portal_ref`
--

LOCK TABLES `portal_ref` WRITE;
/*!40000 ALTER TABLE `portal_ref` DISABLE KEYS */;
INSERT INTO `portal_ref` VALUES (247728629727232,1,'247688773386240',NULL),(247765516238849,247765516238848,'1',NULL),(253441890664448,1,'247689637478400',NULL),(253740519063552,1,'4',NULL),(262102878863360,1,'247689264381952',NULL),(263486951800832,1,'263486612602880',NULL),(267714024620032,1,'267713809711104',NULL),(267769274040320,1,'267768847958016',NULL),(270618999898112,1,'7',NULL),(277601202225152,277601201963008,'247689000714240',NULL);
/*!40000 ALTER TABLE `portal_ref` ENABLE KEYS */;
UNLOCK TABLES;

--
-- Table structure for table `portal_widget`
--

DROP TABLE IF EXISTS `portal_widget`;
/*!40101 SET @saved_cs_client     = @@character_set_client */;
/*!40101 SET character_set_client = utf8 */;
CREATE TABLE `portal_widget` (
  `ID` bigint(20) NOT NULL,
  `NAME` varchar(200) DEFAULT NULL,
  `URL` varchar(200) DEFAULT NULL,
  `DATA` varchar(200) DEFAULT NULL,
  `TENANT_ID` varchar(64) DEFAULT NULL,
  PRIMARY KEY (`ID`)
) ENGINE=InnoDB DEFAULT CHARSET=utf8;
/*!40101 SET character_set_client = @saved_cs_client */;

--
-- Dumping data for table `portal_widget`
--

LOCK TABLES `portal_widget` WRITE;
/*!40000 ALTER TABLE `portal_widget` DISABLE KEYS */;
INSERT INTO `portal_widget` VALUES (1,'待办任务','/rs/humantask/widget/personalTasks',NULL,NULL),(2,'我的流程','/rs/bpm/widget/runningProcesses',NULL,NULL),(3,'常用流程','/rs/bpm/widget/processes',NULL,NULL),(4,'通知公告','/rs/cms/widget/articles',NULL,NULL),(5,'常用工具','/widgets/tools.html',NULL,NULL),(6,'天气预报','/widgets/weather.html',NULL,NULL),(7,'地图','/widgets/map.html',NULL,NULL),(8,'时钟','/widgets/clock.html',NULL,NULL),(9,'私信','/rs/msg/widget/msg',NULL,NULL),(10,'Android','/widgets/android.html',NULL,NULL);
/*!40000 ALTER TABLE `portal_widget` ENABLE KEYS */;
UNLOCK TABLES;

--
-- Table structure for table `product_info`
--

DROP TABLE IF EXISTS `product_info`;
/*!40101 SET @saved_cs_client     = @@character_set_client */;
/*!40101 SET character_set_client = utf8 */;
CREATE TABLE `product_info` (
  `ID` bigint(20) NOT NULL,
  `NAME` varchar(200) DEFAULT NULL,
  `CREATE_TIME` datetime DEFAULT NULL,
  `STATUS` varchar(50) DEFAULT NULL,
  `TYPE` varchar(50) DEFAULT NULL,
  `DESCRIPTION` text,
  `USER_ID` varchar(64) DEFAULT NULL,
  `TENANT_ID` varchar(64) DEFAULT NULL,
  PRIMARY KEY (`ID`)
) ENGINE=InnoDB DEFAULT CHARSET=utf8;
/*!40101 SET character_set_client = @saved_cs_client */;

--
-- Dumping data for table `product_info`
--

LOCK TABLES `product_info` WRITE;
/*!40000 ALTER TABLE `product_info` DISABLE KEYS */;
/*!40000 ALTER TABLE `product_info` ENABLE KEYS */;
UNLOCK TABLES;

--
-- Table structure for table `purchase_info`
--

DROP TABLE IF EXISTS `purchase_info`;
/*!40101 SET @saved_cs_client     = @@character_set_client */;
/*!40101 SET character_set_client = utf8 */;
CREATE TABLE `purchase_info` (
  `ID` bigint(20) NOT NULL,
  `NAME` varchar(200) DEFAULT NULL,
  `CREATE_TIME` datetime DEFAULT NULL,
  `STATUS` varchar(50) DEFAULT NULL,
  `SUPPLIER` varchar(100) DEFAULT NULL,
  `GOODS` varchar(100) DEFAULT NULL,
  `DESCRIPTION` text,
  `USER_ID` varchar(64) DEFAULT NULL,
  `TENANT_ID` varchar(64) DEFAULT NULL,
  PRIMARY KEY (`ID`)
) ENGINE=InnoDB DEFAULT CHARSET=utf8;
/*!40101 SET character_set_client = @saved_cs_client */;

--
-- Dumping data for table `purchase_info`
--

LOCK TABLES `purchase_info` WRITE;
/*!40000 ALTER TABLE `purchase_info` DISABLE KEYS */;
/*!40000 ALTER TABLE `purchase_info` ENABLE KEYS */;
UNLOCK TABLES;

--
-- Table structure for table `recruit_info`
--

DROP TABLE IF EXISTS `recruit_info`;
/*!40101 SET @saved_cs_client     = @@character_set_client */;
/*!40101 SET character_set_client = utf8 */;
CREATE TABLE `recruit_info` (
  `ID` bigint(20) NOT NULL,
  `NAME` varchar(200) DEFAULT NULL,
  `CARD_TYPE` varchar(50) DEFAULT NULL,
  `CARD_VALUE` varchar(50) DEFAULT NULL,
  `MOBILE` varchar(50) DEFAULT NULL,
  `EMAIL` varchar(100) DEFAULT NULL,
  `CREATE_TIME` datetime DEFAULT NULL,
  `STATUS` varchar(50) DEFAULT NULL,
  `TYPE` varchar(50) DEFAULT NULL,
  `TENANT_ID` varchar(64) DEFAULT NULL,
  PRIMARY KEY (`ID`)
) ENGINE=InnoDB DEFAULT CHARSET=utf8;
/*!40101 SET character_set_client = @saved_cs_client */;

--
-- Dumping data for table `recruit_info`
--

LOCK TABLES `recruit_info` WRITE;
/*!40000 ALTER TABLE `recruit_info` DISABLE KEYS */;
/*!40000 ALTER TABLE `recruit_info` ENABLE KEYS */;
UNLOCK TABLES;

--
-- Table structure for table `salary_info`
--

DROP TABLE IF EXISTS `salary_info`;
/*!40101 SET @saved_cs_client     = @@character_set_client */;
/*!40101 SET character_set_client = utf8 */;
CREATE TABLE `salary_info` (
  `ID` bigint(20) NOT NULL,
  `NAME` varchar(200) DEFAULT NULL,
  `CREATE_TIME` datetime DEFAULT NULL,
  `STATUS` varchar(50) DEFAULT NULL,
  `TYPE` varchar(50) DEFAULT NULL,
  `MONEY` double DEFAULT NULL,
  `START_TIME` datetime DEFAULT NULL,
  `END_TIME` datetime DEFAULT NULL,
  `EMPLOYEE_ID` varchar(64) DEFAULT NULL,
  `TENANT_ID` varchar(64) DEFAULT NULL,
  PRIMARY KEY (`ID`)
) ENGINE=InnoDB DEFAULT CHARSET=utf8;
/*!40101 SET character_set_client = @saved_cs_client */;

--
-- Dumping data for table `salary_info`
--

LOCK TABLES `salary_info` WRITE;
/*!40000 ALTER TABLE `salary_info` DISABLE KEYS */;
/*!40000 ALTER TABLE `salary_info` ENABLE KEYS */;
UNLOCK TABLES;

--
-- Table structure for table `sale_info`
--

DROP TABLE IF EXISTS `sale_info`;
/*!40101 SET @saved_cs_client     = @@character_set_client */;
/*!40101 SET character_set_client = utf8 */;
CREATE TABLE `sale_info` (
  `ID` bigint(20) NOT NULL,
  `NAME` varchar(200) DEFAULT NULL,
  `CREATE_TIME` datetime DEFAULT NULL,
  `STATUS` varchar(50) DEFAULT NULL,
  `CUSTOMER` varchar(100) DEFAULT NULL,
  `PRODUCT` varchar(100) DEFAULT NULL,
  `DESCRIPTION` text,
  `USER_ID` varchar(64) DEFAULT NULL,
  `TENANT_ID` varchar(64) DEFAULT NULL,
  PRIMARY KEY (`ID`)
) ENGINE=InnoDB DEFAULT CHARSET=utf8;
/*!40101 SET character_set_client = @saved_cs_client */;

--
-- Dumping data for table `sale_info`
--

LOCK TABLES `sale_info` WRITE;
/*!40000 ALTER TABLE `sale_info` DISABLE KEYS */;
/*!40000 ALTER TABLE `sale_info` ENABLE KEYS */;
UNLOCK TABLES;

--
-- Table structure for table `schema_version_activity`
--

DROP TABLE IF EXISTS `schema_version_activity`;
/*!40101 SET @saved_cs_client     = @@character_set_client */;
/*!40101 SET character_set_client = utf8 */;
CREATE TABLE `schema_version_activity` (
  `version_rank` int(11) NOT NULL,
  `installed_rank` int(11) NOT NULL,
  `version` varchar(50) NOT NULL,
  `description` varchar(200) NOT NULL,
  `type` varchar(20) NOT NULL,
  `script` varchar(1000) NOT NULL,
  `checksum` int(11) DEFAULT NULL,
  `installed_by` varchar(100) NOT NULL,
  `installed_on` timestamp NOT NULL DEFAULT CURRENT_TIMESTAMP,
  `execution_time` int(11) NOT NULL,
  `success` tinyint(1) NOT NULL,
  PRIMARY KEY (`version`),
  KEY `SCHEMA_VERSION_ACTIVITY_vr_idx` (`version_rank`),
  KEY `SCHEMA_VERSION_ACTIVITY_ir_idx` (`installed_rank`),
  KEY `SCHEMA_VERSION_ACTIVITY_s_idx` (`success`)
) ENGINE=InnoDB DEFAULT CHARSET=utf8;
/*!40101 SET character_set_client = @saved_cs_client */;

--
-- Dumping data for table `schema_version_activity`
--

LOCK TABLES `schema_version_activity` WRITE;
/*!40000 ALTER TABLE `schema_version_activity` DISABLE KEYS */;
INSERT INTO `schema_version_activity` VALUES (1,1,'0.0.0.1','activity info','SQL','V0_0_0_1__activity_info.sql',376658868,'root','2016-08-06 09:07:06',33,1),(2,2,'0.0.0.2','activity user','SQL','V0_0_0_2__activity_user.sql',1021883058,'root','2016-08-06 09:07:06',29,1);
/*!40000 ALTER TABLE `schema_version_activity` ENABLE KEYS */;
UNLOCK TABLES;

--
-- Table structure for table `schema_version_asset`
--

DROP TABLE IF EXISTS `schema_version_asset`;
/*!40101 SET @saved_cs_client     = @@character_set_client */;
/*!40101 SET character_set_client = utf8 */;
CREATE TABLE `schema_version_asset` (
  `version_rank` int(11) NOT NULL,
  `installed_rank` int(11) NOT NULL,
  `version` varchar(50) NOT NULL,
  `description` varchar(200) NOT NULL,
  `type` varchar(20) NOT NULL,
  `script` varchar(1000) NOT NULL,
  `checksum` int(11) DEFAULT NULL,
  `installed_by` varchar(100) NOT NULL,
  `installed_on` timestamp NOT NULL DEFAULT CURRENT_TIMESTAMP,
  `execution_time` int(11) NOT NULL,
  `success` tinyint(1) NOT NULL,
  PRIMARY KEY (`version`),
  KEY `SCHEMA_VERSION_ASSET_vr_idx` (`version_rank`),
  KEY `SCHEMA_VERSION_ASSET_ir_idx` (`installed_rank`),
  KEY `SCHEMA_VERSION_ASSET_s_idx` (`success`)
) ENGINE=InnoDB DEFAULT CHARSET=utf8;
/*!40101 SET character_set_client = @saved_cs_client */;

--
-- Dumping data for table `schema_version_asset`
--

LOCK TABLES `schema_version_asset` WRITE;
/*!40000 ALTER TABLE `schema_version_asset` DISABLE KEYS */;
INSERT INTO `schema_version_asset` VALUES (1,1,'0','<< Flyway Baseline >>','BASELINE','<< Flyway Baseline >>',NULL,'root','2016-08-06 09:07:06',0,1),(2,2,'0.0.0.1','asset info','SQL','V0_0_0_1__asset_info.sql',2046070757,'root','2016-08-06 09:07:06',19,1);
/*!40000 ALTER TABLE `schema_version_asset` ENABLE KEYS */;
UNLOCK TABLES;

--
-- Table structure for table `schema_version_attendance`
--

DROP TABLE IF EXISTS `schema_version_attendance`;
/*!40101 SET @saved_cs_client     = @@character_set_client */;
/*!40101 SET character_set_client = utf8 */;
CREATE TABLE `schema_version_attendance` (
  `version_rank` int(11) NOT NULL,
  `installed_rank` int(11) NOT NULL,
  `version` varchar(50) NOT NULL,
  `description` varchar(200) NOT NULL,
  `type` varchar(20) NOT NULL,
  `script` varchar(1000) NOT NULL,
  `checksum` int(11) DEFAULT NULL,
  `installed_by` varchar(100) NOT NULL,
  `installed_on` timestamp NOT NULL DEFAULT CURRENT_TIMESTAMP,
  `execution_time` int(11) NOT NULL,
  `success` tinyint(1) NOT NULL,
  PRIMARY KEY (`version`),
  KEY `SCHEMA_VERSION_ATTENDANCE_vr_idx` (`version_rank`),
  KEY `SCHEMA_VERSION_ATTENDANCE_ir_idx` (`installed_rank`),
  KEY `SCHEMA_VERSION_ATTENDANCE_s_idx` (`success`)
) ENGINE=InnoDB DEFAULT CHARSET=utf8;
/*!40101 SET character_set_client = @saved_cs_client */;

--
-- Dumping data for table `schema_version_attendance`
--

LOCK TABLES `schema_version_attendance` WRITE;
/*!40000 ALTER TABLE `schema_version_attendance` DISABLE KEYS */;
INSERT INTO `schema_version_attendance` VALUES (1,1,'0','<< Flyway Baseline >>','BASELINE','<< Flyway Baseline >>',NULL,'root','2016-08-06 09:07:07',0,1),(2,2,'0.0.0.1','attendance info','SQL','V0_0_0_1__attendance_info.sql',1953383375,'root','2016-08-06 09:07:07',22,1);
/*!40000 ALTER TABLE `schema_version_attendance` ENABLE KEYS */;
UNLOCK TABLES;

--
-- Table structure for table `schema_version_audit`
--

DROP TABLE IF EXISTS `schema_version_audit`;
/*!40101 SET @saved_cs_client     = @@character_set_client */;
/*!40101 SET character_set_client = utf8 */;
CREATE TABLE `schema_version_audit` (
  `version_rank` int(11) NOT NULL,
  `installed_rank` int(11) NOT NULL,
  `version` varchar(50) NOT NULL,
  `description` varchar(200) NOT NULL,
  `type` varchar(20) NOT NULL,
  `script` varchar(1000) NOT NULL,
  `checksum` int(11) DEFAULT NULL,
  `installed_by` varchar(100) NOT NULL,
  `installed_on` timestamp NOT NULL DEFAULT CURRENT_TIMESTAMP,
  `execution_time` int(11) NOT NULL,
  `success` tinyint(1) NOT NULL,
  PRIMARY KEY (`version`),
  KEY `SCHEMA_VERSION_AUDIT_vr_idx` (`version_rank`),
  KEY `SCHEMA_VERSION_AUDIT_ir_idx` (`installed_rank`),
  KEY `SCHEMA_VERSION_AUDIT_s_idx` (`success`)
) ENGINE=InnoDB DEFAULT CHARSET=utf8;
/*!40101 SET character_set_client = @saved_cs_client */;

--
-- Dumping data for table `schema_version_audit`
--

LOCK TABLES `schema_version_audit` WRITE;
/*!40000 ALTER TABLE `schema_version_audit` DISABLE KEYS */;
INSERT INTO `schema_version_audit` VALUES (1,1,'0','<< Flyway Baseline >>','BASELINE','<< Flyway Baseline >>',NULL,'root','2016-08-06 09:07:07',0,1),(2,2,'0.0.1','audit base','SQL','V0_0_1__audit_base.sql',-555427555,'root','2016-08-06 09:07:07',23,1),(3,3,'0.0.2','audit extra','SQL','V0_0_2__audit_extra.sql',625921391,'root','2016-08-06 09:07:07',34,1),(4,4,'1.6.0.1','tenant','SQL','V1_6_0_1__tenant.sql',-401251867,'root','2016-08-06 09:07:07',79,1);
/*!40000 ALTER TABLE `schema_version_audit` ENABLE KEYS */;
UNLOCK TABLES;

--
-- Table structure for table `schema_version_auth`
--

DROP TABLE IF EXISTS `schema_version_auth`;
/*!40101 SET @saved_cs_client     = @@character_set_client */;
/*!40101 SET character_set_client = utf8 */;
CREATE TABLE `schema_version_auth` (
  `version_rank` int(11) NOT NULL,
  `installed_rank` int(11) NOT NULL,
  `version` varchar(50) NOT NULL,
  `description` varchar(200) NOT NULL,
  `type` varchar(20) NOT NULL,
  `script` varchar(1000) NOT NULL,
  `checksum` int(11) DEFAULT NULL,
  `installed_by` varchar(100) NOT NULL,
  `installed_on` timestamp NOT NULL DEFAULT CURRENT_TIMESTAMP,
  `execution_time` int(11) NOT NULL,
  `success` tinyint(1) NOT NULL,
  PRIMARY KEY (`version`),
  KEY `SCHEMA_VERSION_AUTH_vr_idx` (`version_rank`),
  KEY `SCHEMA_VERSION_AUTH_ir_idx` (`installed_rank`),
  KEY `SCHEMA_VERSION_AUTH_s_idx` (`success`)
) ENGINE=InnoDB DEFAULT CHARSET=utf8;
/*!40101 SET character_set_client = @saved_cs_client */;

--
-- Dumping data for table `schema_version_auth`
--

LOCK TABLES `schema_version_auth` WRITE;
/*!40000 ALTER TABLE `schema_version_auth` DISABLE KEYS */;
INSERT INTO `schema_version_auth` VALUES (1,1,'0','<< Flyway Baseline >>','BASELINE','<< Flyway Baseline >>',NULL,'root','2016-08-06 09:07:07',0,1),(2,2,'0.0.1','user status','SQL','V0_0_1__user_status.sql',-2015520959,'root','2016-08-06 09:07:07',31,1),(3,3,'0.0.2','role def','SQL','V0_0_2__role_def.sql',1947119503,'root','2016-08-06 09:07:07',21,1),(4,4,'0.0.3','role','SQL','V0_0_3__role.sql',85034199,'root','2016-08-06 09:07:08',32,1),(5,5,'0.0.4','perm type','SQL','V0_0_4__perm_type.sql',153950610,'root','2016-08-06 09:07:08',30,1),(6,6,'0.0.5','perm','SQL','V0_0_5__perm.sql',8031793,'root','2016-08-06 09:07:08',25,1),(7,7,'0.0.6','perm role def','SQL','V0_0_6__perm_role_def.sql',-799578815,'root','2016-08-06 09:07:08',33,1),(8,8,'0.0.7','access','SQL','V0_0_7__access.sql',-1907478133,'root','2016-08-06 09:07:08',28,1),(9,9,'0.0.8','user role','SQL','V0_0_8__user_role.sql',210019612,'root','2016-08-06 09:07:08',29,1),(10,10,'0.9.0.1','user status','SQL','V0_9_0_1__user_status.sql',-795897572,'root','2016-08-06 09:07:08',19,1),(11,11,'1.0.1.1','perm','SQL','V1_0_1_1__perm.sql',-1577256507,'root','2016-08-06 09:07:08',45,1),(12,12,'1.6.0.1','menu','SQL','V1_6_0_1__menu.sql',2023863233,'root','2016-08-06 09:07:08',36,1),(13,13,'1.6.0.2','tenant','SQL','V1_6_0_2__tenant.sql',744730255,'root','2016-08-06 09:07:08',282,1),(14,14,'1.7.0.1','menu','SQL','V1_7_0_1__menu.sql',-672613254,'root','2016-08-06 09:07:08',47,1);
/*!40000 ALTER TABLE `schema_version_auth` ENABLE KEYS */;
UNLOCK TABLES;

--
-- Table structure for table `schema_version_book`
--

DROP TABLE IF EXISTS `schema_version_book`;
/*!40101 SET @saved_cs_client     = @@character_set_client */;
/*!40101 SET character_set_client = utf8 */;
CREATE TABLE `schema_version_book` (
  `version_rank` int(11) NOT NULL,
  `installed_rank` int(11) NOT NULL,
  `version` varchar(50) NOT NULL,
  `description` varchar(200) NOT NULL,
  `type` varchar(20) NOT NULL,
  `script` varchar(1000) NOT NULL,
  `checksum` int(11) DEFAULT NULL,
  `installed_by` varchar(100) NOT NULL,
  `installed_on` timestamp NOT NULL DEFAULT CURRENT_TIMESTAMP,
  `execution_time` int(11) NOT NULL,
  `success` tinyint(1) NOT NULL,
  PRIMARY KEY (`version`),
  KEY `SCHEMA_VERSION_BOOK_vr_idx` (`version_rank`),
  KEY `SCHEMA_VERSION_BOOK_ir_idx` (`installed_rank`),
  KEY `SCHEMA_VERSION_BOOK_s_idx` (`success`)
) ENGINE=InnoDB DEFAULT CHARSET=utf8;
/*!40101 SET character_set_client = @saved_cs_client */;

--
-- Dumping data for table `schema_version_book`
--

LOCK TABLES `schema_version_book` WRITE;
/*!40000 ALTER TABLE `schema_version_book` DISABLE KEYS */;
INSERT INTO `schema_version_book` VALUES (1,1,'0','<< Flyway Baseline >>','BASELINE','<< Flyway Baseline >>',NULL,'root','2016-08-06 09:07:09',0,1),(2,2,'0.0.0.1','book info','SQL','V0_0_0_1__book_info.sql',182479442,'root','2016-08-06 09:07:09',34,1),(3,3,'0.0.0.2','book borrow','SQL','V0_0_0_2__book_borrow.sql',763575468,'root','2016-08-06 09:07:10',23,1);
/*!40000 ALTER TABLE `schema_version_book` ENABLE KEYS */;
UNLOCK TABLES;

--
-- Table structure for table `schema_version_bpm`
--

DROP TABLE IF EXISTS `schema_version_bpm`;
/*!40101 SET @saved_cs_client     = @@character_set_client */;
/*!40101 SET character_set_client = utf8 */;
CREATE TABLE `schema_version_bpm` (
  `version_rank` int(11) NOT NULL,
  `installed_rank` int(11) NOT NULL,
  `version` varchar(50) NOT NULL,
  `description` varchar(200) NOT NULL,
  `type` varchar(20) NOT NULL,
  `script` varchar(1000) NOT NULL,
  `checksum` int(11) DEFAULT NULL,
  `installed_by` varchar(100) NOT NULL,
  `installed_on` timestamp NOT NULL DEFAULT CURRENT_TIMESTAMP,
  `execution_time` int(11) NOT NULL,
  `success` tinyint(1) NOT NULL,
  PRIMARY KEY (`version`),
  KEY `SCHEMA_VERSION_BPM_vr_idx` (`version_rank`),
  KEY `SCHEMA_VERSION_BPM_ir_idx` (`installed_rank`),
  KEY `SCHEMA_VERSION_BPM_s_idx` (`success`)
) ENGINE=InnoDB DEFAULT CHARSET=utf8;
/*!40101 SET character_set_client = @saved_cs_client */;

--
-- Dumping data for table `schema_version_bpm`
--

LOCK TABLES `schema_version_bpm` WRITE;
/*!40000 ALTER TABLE `schema_version_bpm` DISABLE KEYS */;
INSERT INTO `schema_version_bpm` VALUES (1,1,'0','<< Flyway Baseline >>','BASELINE','<< Flyway Baseline >>',NULL,'root','2016-08-06 09:07:10',0,1),(2,2,'0.0.1','bpm category','SQL','V0_0_1__bpm_category.sql',625611410,'root','2016-08-06 09:07:10',16,1),(3,3,'0.0.2','bpm process','SQL','V0_0_2__bpm_process.sql',-1075291043,'root','2016-08-06 09:07:10',31,1),(4,4,'0.0.5','bpm task conf','SQL','V0_0_5__bpm_task_conf.sql',385130250,'root','2016-08-06 09:07:10',19,1),(5,5,'0.0.6','bpm task def','SQL','V0_0_6__bpm_task_def.sql',-1104683230,'root','2016-08-06 09:07:10',28,1),(6,6,'0.0.7','bpm mail template','SQL','V0_0_7__bpm_mail_template.sql',-1305582650,'root','2016-08-06 09:07:10',22,1),(7,7,'0.0.8','bpm task def notice','SQL','V0_0_8__bpm_task_def_notice.sql',980749472,'root','2016-08-06 09:07:10',31,1),(8,8,'0.9.0.1','bpm conf base','SQL','V0_9_0_1__bpm_conf_base.sql',1945796035,'root','2016-08-06 09:07:10',24,1),(9,9,'0.9.0.2','bpm conf node','SQL','V0_9_0_2__bpm_conf_node.sql',1377989717,'root','2016-08-06 09:07:10',19,1),(10,10,'0.9.0.3','bpm conf user','SQL','V0_9_0_3__bpm_conf_user.sql',-1385976294,'root','2016-08-06 09:07:10',35,1),(11,11,'0.9.0.4','bpm conf listener','SQL','V0_9_0_4__bpm_conf_listener.sql',-10966431,'root','2016-08-06 09:07:10',22,1),(12,12,'0.9.0.5','bpm conf rule','SQL','V0_9_0_5__bpm_conf_rule.sql',-1329974824,'root','2016-08-06 09:07:10',30,1),(13,13,'0.9.0.6','bpm conf form','SQL','V0_9_0_6__bpm_conf_form.sql',-1830832794,'root','2016-08-06 09:07:10',42,1),(14,14,'0.9.0.7','bpm conf operation','SQL','V0_9_0_7__bpm_conf_operation.sql',-1546898213,'root','2016-08-06 09:07:10',21,1),(15,15,'0.9.0.8','bpm conf notice','SQL','V0_9_0_8__bpm_conf_notice.sql',1862083711,'root','2016-08-06 09:07:10',32,1),(16,16,'0.9.0.9','bpm process','SQL','V0_9_0_9__bpm_process.sql',-739148914,'root','2016-08-06 09:07:11',256,1),(17,17,'1.0.1.1','bpm conf countersign','SQL','V1_0_1_1__bpm_conf_countersign.sql',-369197680,'root','2016-08-06 09:07:11',25,1),(18,18,'1.4.0.1','bpm conf notice','SQL','V1_4_0_1__bpm_conf_notice.sql',-295053765,'root','2016-08-06 09:07:11',111,1),(19,19,'1.6.0.1','bpm conf assign','SQL','V1_6_0_1__bpm_conf_assign.sql',310348409,'root','2016-08-06 09:07:11',36,1),(20,20,'1.6.0.2','tenant','SQL','V1_6_0_2__tenant.sql',-1011912880,'root','2016-08-06 09:07:11',90,1),(21,21,'1.6.0.3','bpm instance','SQL','V1_6_0_3__bpm_instance.sql',-246501005,'root','2016-08-06 09:07:11',32,1);
/*!40000 ALTER TABLE `schema_version_bpm` ENABLE KEYS */;
UNLOCK TABLES;

--
-- Table structure for table `schema_version_budget`
--

DROP TABLE IF EXISTS `schema_version_budget`;
/*!40101 SET @saved_cs_client     = @@character_set_client */;
/*!40101 SET character_set_client = utf8 */;
CREATE TABLE `schema_version_budget` (
  `version_rank` int(11) NOT NULL,
  `installed_rank` int(11) NOT NULL,
  `version` varchar(50) NOT NULL,
  `description` varchar(200) NOT NULL,
  `type` varchar(20) NOT NULL,
  `script` varchar(1000) NOT NULL,
  `checksum` int(11) DEFAULT NULL,
  `installed_by` varchar(100) NOT NULL,
  `installed_on` timestamp NOT NULL DEFAULT CURRENT_TIMESTAMP,
  `execution_time` int(11) NOT NULL,
  `success` tinyint(1) NOT NULL,
  PRIMARY KEY (`version`),
  KEY `SCHEMA_VERSION_BUDGET_vr_idx` (`version_rank`),
  KEY `SCHEMA_VERSION_BUDGET_ir_idx` (`installed_rank`),
  KEY `SCHEMA_VERSION_BUDGET_s_idx` (`success`)
) ENGINE=InnoDB DEFAULT CHARSET=utf8;
/*!40101 SET character_set_client = @saved_cs_client */;

--
-- Dumping data for table `schema_version_budget`
--

LOCK TABLES `schema_version_budget` WRITE;
/*!40000 ALTER TABLE `schema_version_budget` DISABLE KEYS */;
INSERT INTO `schema_version_budget` VALUES (1,1,'0','<< Flyway Baseline >>','BASELINE','<< Flyway Baseline >>',NULL,'root','2016-08-06 09:07:12',0,1),(2,2,'0.0.0.1','budget info','SQL','V0_0_0_1__budget_info.sql',-1009595817,'root','2016-08-06 09:07:12',18,1);
/*!40000 ALTER TABLE `schema_version_budget` ENABLE KEYS */;
UNLOCK TABLES;

--
-- Table structure for table `schema_version_business`
--

DROP TABLE IF EXISTS `schema_version_business`;
/*!40101 SET @saved_cs_client     = @@character_set_client */;
/*!40101 SET character_set_client = utf8 */;
CREATE TABLE `schema_version_business` (
  `version_rank` int(11) NOT NULL,
  `installed_rank` int(11) NOT NULL,
  `version` varchar(50) NOT NULL,
  `description` varchar(200) NOT NULL,
  `type` varchar(20) NOT NULL,
  `script` varchar(1000) NOT NULL,
  `checksum` int(11) DEFAULT NULL,
  `installed_by` varchar(100) NOT NULL,
  `installed_on` timestamp NOT NULL DEFAULT CURRENT_TIMESTAMP,
  `execution_time` int(11) NOT NULL,
  `success` tinyint(1) NOT NULL,
  PRIMARY KEY (`version`),
  KEY `SCHEMA_VERSION_BUSINESS_vr_idx` (`version_rank`),
  KEY `SCHEMA_VERSION_BUSINESS_ir_idx` (`installed_rank`),
  KEY `SCHEMA_VERSION_BUSINESS_s_idx` (`success`)
) ENGINE=InnoDB DEFAULT CHARSET=utf8;
/*!40101 SET character_set_client = @saved_cs_client */;

--
-- Dumping data for table `schema_version_business`
--

LOCK TABLES `schema_version_business` WRITE;
/*!40000 ALTER TABLE `schema_version_business` DISABLE KEYS */;
INSERT INTO `schema_version_business` VALUES (1,1,'0','<< Flyway Baseline >>','BASELINE','<< Flyway Baseline >>',NULL,'root','2016-08-06 09:07:12',0,1),(2,2,'0.0.0.1','business info','SQL','V0_0_0_1__business_info.sql',-719216230,'root','2016-08-06 09:07:12',18,1);
/*!40000 ALTER TABLE `schema_version_business` ENABLE KEYS */;
UNLOCK TABLES;

--
-- Table structure for table `schema_version_car`
--

DROP TABLE IF EXISTS `schema_version_car`;
/*!40101 SET @saved_cs_client     = @@character_set_client */;
/*!40101 SET character_set_client = utf8 */;
CREATE TABLE `schema_version_car` (
  `version_rank` int(11) NOT NULL,
  `installed_rank` int(11) NOT NULL,
  `version` varchar(50) NOT NULL,
  `description` varchar(200) NOT NULL,
  `type` varchar(20) NOT NULL,
  `script` varchar(1000) NOT NULL,
  `checksum` int(11) DEFAULT NULL,
  `installed_by` varchar(100) NOT NULL,
  `installed_on` timestamp NOT NULL DEFAULT CURRENT_TIMESTAMP,
  `execution_time` int(11) NOT NULL,
  `success` tinyint(1) NOT NULL,
  PRIMARY KEY (`version`),
  KEY `SCHEMA_VERSION_CAR_vr_idx` (`version_rank`),
  KEY `SCHEMA_VERSION_CAR_ir_idx` (`installed_rank`),
  KEY `SCHEMA_VERSION_CAR_s_idx` (`success`)
) ENGINE=InnoDB DEFAULT CHARSET=utf8;
/*!40101 SET character_set_client = @saved_cs_client */;

--
-- Dumping data for table `schema_version_car`
--

LOCK TABLES `schema_version_car` WRITE;
/*!40000 ALTER TABLE `schema_version_car` DISABLE KEYS */;
INSERT INTO `schema_version_car` VALUES (1,1,'0','<< Flyway Baseline >>','BASELINE','<< Flyway Baseline >>',NULL,'root','2016-08-06 09:07:12',0,1),(2,2,'0.0.0.1','car info','SQL','V0_0_0_1__car_info.sql',-1562941431,'root','2016-08-06 09:07:12',20,1);
/*!40000 ALTER TABLE `schema_version_car` ENABLE KEYS */;
UNLOCK TABLES;

--
-- Table structure for table `schema_version_card`
--

DROP TABLE IF EXISTS `schema_version_card`;
/*!40101 SET @saved_cs_client     = @@character_set_client */;
/*!40101 SET character_set_client = utf8 */;
CREATE TABLE `schema_version_card` (
  `version_rank` int(11) NOT NULL,
  `installed_rank` int(11) NOT NULL,
  `version` varchar(50) NOT NULL,
  `description` varchar(200) NOT NULL,
  `type` varchar(20) NOT NULL,
  `script` varchar(1000) NOT NULL,
  `checksum` int(11) DEFAULT NULL,
  `installed_by` varchar(100) NOT NULL,
  `installed_on` timestamp NOT NULL DEFAULT CURRENT_TIMESTAMP,
  `execution_time` int(11) NOT NULL,
  `success` tinyint(1) NOT NULL,
  PRIMARY KEY (`version`),
  KEY `SCHEMA_VERSION_CARD_vr_idx` (`version_rank`),
  KEY `SCHEMA_VERSION_CARD_ir_idx` (`installed_rank`),
  KEY `SCHEMA_VERSION_CARD_s_idx` (`success`)
) ENGINE=InnoDB DEFAULT CHARSET=utf8;
/*!40101 SET character_set_client = @saved_cs_client */;

--
-- Dumping data for table `schema_version_card`
--

LOCK TABLES `schema_version_card` WRITE;
/*!40000 ALTER TABLE `schema_version_card` DISABLE KEYS */;
INSERT INTO `schema_version_card` VALUES (1,1,'0','<< Flyway Baseline >>','BASELINE','<< Flyway Baseline >>',NULL,'root','2016-08-06 09:07:13',0,1),(2,2,'0.0.0.1','card info','SQL','V0_0_0_1__card_info.sql',1136408922,'root','2016-08-06 09:07:13',38,1),(3,3,'0.0.0.2','door info','SQL','V0_0_0_2__door_info.sql',615548439,'root','2016-08-06 09:07:13',24,1);
/*!40000 ALTER TABLE `schema_version_card` ENABLE KEYS */;
UNLOCK TABLES;

--
-- Table structure for table `schema_version_cms`
--

DROP TABLE IF EXISTS `schema_version_cms`;
/*!40101 SET @saved_cs_client     = @@character_set_client */;
/*!40101 SET character_set_client = utf8 */;
CREATE TABLE `schema_version_cms` (
  `version_rank` int(11) NOT NULL,
  `installed_rank` int(11) NOT NULL,
  `version` varchar(50) NOT NULL,
  `description` varchar(200) NOT NULL,
  `type` varchar(20) NOT NULL,
  `script` varchar(1000) NOT NULL,
  `checksum` int(11) DEFAULT NULL,
  `installed_by` varchar(100) NOT NULL,
  `installed_on` timestamp NOT NULL DEFAULT CURRENT_TIMESTAMP,
  `execution_time` int(11) NOT NULL,
  `success` tinyint(1) NOT NULL,
  PRIMARY KEY (`version`),
  KEY `SCHEMA_VERSION_CMS_vr_idx` (`version_rank`),
  KEY `SCHEMA_VERSION_CMS_ir_idx` (`installed_rank`),
  KEY `SCHEMA_VERSION_CMS_s_idx` (`success`)
) ENGINE=InnoDB DEFAULT CHARSET=utf8;
/*!40101 SET character_set_client = @saved_cs_client */;

--
-- Dumping data for table `schema_version_cms`
--

LOCK TABLES `schema_version_cms` WRITE;
/*!40000 ALTER TABLE `schema_version_cms` DISABLE KEYS */;
INSERT INTO `schema_version_cms` VALUES (1,1,'0','<< Flyway Baseline >>','BASELINE','<< Flyway Baseline >>',NULL,'root','2016-08-06 09:07:13',0,1),(2,2,'0.0.1','cms catalog','SQL','V0_0_1__cms_catalog.sql',281012919,'root','2016-08-06 09:07:13',26,1),(3,3,'0.0.2','cms article','SQL','V0_0_2__cms_article.sql',-1662997565,'root','2016-08-06 09:07:13',34,1),(4,4,'0.0.3','cms comment','SQL','V0_0_3__cms_comment.sql',-399530884,'root','2016-08-06 09:07:13',34,1),(5,5,'0.0.4','cms favorite','SQL','V0_0_4__cms_favorite.sql',1967330307,'root','2016-08-06 09:07:13',26,1),(6,6,'1.4.0.1','cms attachment','SQL','V1_4_0_1__cms_attachment.sql',1085487635,'root','2016-08-06 09:07:13',36,1),(7,7,'1.5.0.1','article','SQL','V1_5_0_1__article.sql',1205271314,'root','2016-08-06 09:07:13',101,1),(8,8,'1.5.0.2','article','SQL','V1_5_0_2__article.sql',-1761839809,'root','2016-08-06 09:07:13',56,1),(9,9,'1.6.0.1','tenant','SQL','V1_6_0_1__tenant.sql',-787295385,'root','2016-08-06 09:07:14',131,1),(18,18,'1.6.0.10','cms click','SQL','V1_6_0_10__cms_click.sql',-1978137465,'root','2016-08-06 09:07:14',27,1),(10,10,'1.6.0.2','site','SQL','V1_6_0_2__site.sql',1667008469,'root','2016-08-06 09:07:14',30,1),(11,11,'1.6.0.3','catalog','SQL','V1_6_0_3__catalog.sql',1573127128,'root','2016-08-06 09:07:14',95,1),(12,12,'1.6.0.4','article','SQL','V1_6_0_4__article.sql',1563108029,'root','2016-08-06 09:07:14',85,1),(13,13,'1.6.0.5','comment','SQL','V1_6_0_5__comment.sql',-370118847,'root','2016-08-06 09:07:14',92,1),(14,14,'1.6.0.6','content','SQL','V1_6_0_6__content.sql',-864897024,'root','2016-08-06 09:07:14',28,1),(15,15,'1.6.0.7','cms tag','SQL','V1_6_0_7__cms_tag.sql',431648115,'root','2016-08-06 09:07:14',16,1),(16,16,'1.6.0.8','cms tag article','SQL','V1_6_0_8__cms_tag_article.sql',-660467623,'root','2016-08-06 09:07:14',33,1),(17,17,'1.6.0.9','cms version','SQL','V1_6_0_9__cms_version.sql',-2009734327,'root','2016-08-06 09:07:14',23,1);
/*!40000 ALTER TABLE `schema_version_cms` ENABLE KEYS */;
UNLOCK TABLES;

--
-- Table structure for table `schema_version_contract`
--

DROP TABLE IF EXISTS `schema_version_contract`;
/*!40101 SET @saved_cs_client     = @@character_set_client */;
/*!40101 SET character_set_client = utf8 */;
CREATE TABLE `schema_version_contract` (
  `version_rank` int(11) NOT NULL,
  `installed_rank` int(11) NOT NULL,
  `version` varchar(50) NOT NULL,
  `description` varchar(200) NOT NULL,
  `type` varchar(20) NOT NULL,
  `script` varchar(1000) NOT NULL,
  `checksum` int(11) DEFAULT NULL,
  `installed_by` varchar(100) NOT NULL,
  `installed_on` timestamp NOT NULL DEFAULT CURRENT_TIMESTAMP,
  `execution_time` int(11) NOT NULL,
  `success` tinyint(1) NOT NULL,
  PRIMARY KEY (`version`),
  KEY `SCHEMA_VERSION_CONTRACT_vr_idx` (`version_rank`),
  KEY `SCHEMA_VERSION_CONTRACT_ir_idx` (`installed_rank`),
  KEY `SCHEMA_VERSION_CONTRACT_s_idx` (`success`)
) ENGINE=InnoDB DEFAULT CHARSET=utf8;
/*!40101 SET character_set_client = @saved_cs_client */;

--
-- Dumping data for table `schema_version_contract`
--

LOCK TABLES `schema_version_contract` WRITE;
/*!40000 ALTER TABLE `schema_version_contract` DISABLE KEYS */;
INSERT INTO `schema_version_contract` VALUES (1,1,'0','<< Flyway Baseline >>','BASELINE','<< Flyway Baseline >>',NULL,'root','2016-08-06 09:07:15',0,1),(2,2,'0.0.0.1','contract info','SQL','V0_0_0_1__contract_info.sql',1245607706,'root','2016-08-06 09:07:15',28,1);
/*!40000 ALTER TABLE `schema_version_contract` ENABLE KEYS */;
UNLOCK TABLES;

--
-- Table structure for table `schema_version_customer`
--

DROP TABLE IF EXISTS `schema_version_customer`;
/*!40101 SET @saved_cs_client     = @@character_set_client */;
/*!40101 SET character_set_client = utf8 */;
CREATE TABLE `schema_version_customer` (
  `version_rank` int(11) NOT NULL,
  `installed_rank` int(11) NOT NULL,
  `version` varchar(50) NOT NULL,
  `description` varchar(200) NOT NULL,
  `type` varchar(20) NOT NULL,
  `script` varchar(1000) NOT NULL,
  `checksum` int(11) DEFAULT NULL,
  `installed_by` varchar(100) NOT NULL,
  `installed_on` timestamp NOT NULL DEFAULT CURRENT_TIMESTAMP,
  `execution_time` int(11) NOT NULL,
  `success` tinyint(1) NOT NULL,
  PRIMARY KEY (`version`),
  KEY `SCHEMA_VERSION_CUSTOMER_vr_idx` (`version_rank`),
  KEY `SCHEMA_VERSION_CUSTOMER_ir_idx` (`installed_rank`),
  KEY `SCHEMA_VERSION_CUSTOMER_s_idx` (`success`)
) ENGINE=InnoDB DEFAULT CHARSET=utf8;
/*!40101 SET character_set_client = @saved_cs_client */;

--
-- Dumping data for table `schema_version_customer`
--

LOCK TABLES `schema_version_customer` WRITE;
/*!40000 ALTER TABLE `schema_version_customer` DISABLE KEYS */;
INSERT INTO `schema_version_customer` VALUES (1,1,'0','<< Flyway Baseline >>','BASELINE','<< Flyway Baseline >>',NULL,'root','2016-08-06 09:07:17',0,1),(2,2,'0.0.0.1','customer info','SQL','V0_0_0_1__customer_info.sql',-528932684,'root','2016-08-06 09:07:17',24,1);
/*!40000 ALTER TABLE `schema_version_customer` ENABLE KEYS */;
UNLOCK TABLES;

--
-- Table structure for table `schema_version_data_auth`
--

DROP TABLE IF EXISTS `schema_version_data_auth`;
/*!40101 SET @saved_cs_client     = @@character_set_client */;
/*!40101 SET character_set_client = utf8 */;
CREATE TABLE `schema_version_data_auth` (
  `version_rank` int(11) NOT NULL,
  `installed_rank` int(11) NOT NULL,
  `version` varchar(50) NOT NULL,
  `description` varchar(200) NOT NULL,
  `type` varchar(20) NOT NULL,
  `script` varchar(1000) NOT NULL,
  `checksum` int(11) DEFAULT NULL,
  `installed_by` varchar(100) NOT NULL,
  `installed_on` timestamp NOT NULL DEFAULT CURRENT_TIMESTAMP,
  `execution_time` int(11) NOT NULL,
  `success` tinyint(1) NOT NULL,
  PRIMARY KEY (`version`),
  KEY `SCHEMA_VERSION_DATA_AUTH_vr_idx` (`version_rank`),
  KEY `SCHEMA_VERSION_DATA_AUTH_ir_idx` (`installed_rank`),
  KEY `SCHEMA_VERSION_DATA_AUTH_s_idx` (`success`)
) ENGINE=InnoDB DEFAULT CHARSET=utf8;
/*!40101 SET character_set_client = @saved_cs_client */;

--
-- Dumping data for table `schema_version_data_auth`
--

LOCK TABLES `schema_version_data_auth` WRITE;
/*!40000 ALTER TABLE `schema_version_data_auth` DISABLE KEYS */;
INSERT INTO `schema_version_data_auth` VALUES (1,1,'0','<< Flyway Baseline >>','BASELINE','<< Flyway Baseline >>',NULL,'root','2016-08-06 09:07:09',0,1),(2,2,'0.0.1','data','SQL','V0_0_1__data.sql',765798338,'root','2016-08-06 09:07:09',120,1),(3,3,'1.0.1.1','data','SQL','V1_0_1_1__data.sql',-617050355,'root','2016-08-06 09:07:09',11,1),(4,4,'1.5.0.1','data','SQL','V1_5_0_1__data.sql',-1463493483,'root','2016-08-06 09:07:09',10,1),(5,5,'1.6.0.1','data','SQL','V1_6_0_1__data.sql',1920927077,'root','2016-08-06 09:07:09',207,1),(6,6,'1.7.0.1','data','SQL','V1_7_0_1__data.sql',-1324973502,'root','2016-08-06 09:07:09',174,1),(7,7,'1.7.0.2','data','SQL','V1_7_0_2__data.sql',768303055,'root','2016-08-06 09:07:09',35,1);
/*!40000 ALTER TABLE `schema_version_data_auth` ENABLE KEYS */;
UNLOCK TABLES;

--
-- Table structure for table `schema_version_data_bpm`
--

DROP TABLE IF EXISTS `schema_version_data_bpm`;
/*!40101 SET @saved_cs_client     = @@character_set_client */;
/*!40101 SET character_set_client = utf8 */;
CREATE TABLE `schema_version_data_bpm` (
  `version_rank` int(11) NOT NULL,
  `installed_rank` int(11) NOT NULL,
  `version` varchar(50) NOT NULL,
  `description` varchar(200) NOT NULL,
  `type` varchar(20) NOT NULL,
  `script` varchar(1000) NOT NULL,
  `checksum` int(11) DEFAULT NULL,
  `installed_by` varchar(100) NOT NULL,
  `installed_on` timestamp NOT NULL DEFAULT CURRENT_TIMESTAMP,
  `execution_time` int(11) NOT NULL,
  `success` tinyint(1) NOT NULL,
  PRIMARY KEY (`version`),
  KEY `SCHEMA_VERSION_DATA_BPM_vr_idx` (`version_rank`),
  KEY `SCHEMA_VERSION_DATA_BPM_ir_idx` (`installed_rank`),
  KEY `SCHEMA_VERSION_DATA_BPM_s_idx` (`success`)
) ENGINE=InnoDB DEFAULT CHARSET=utf8;
/*!40101 SET character_set_client = @saved_cs_client */;

--
-- Dumping data for table `schema_version_data_bpm`
--

LOCK TABLES `schema_version_data_bpm` WRITE;
/*!40000 ALTER TABLE `schema_version_data_bpm` DISABLE KEYS */;
INSERT INTO `schema_version_data_bpm` VALUES (1,1,'0','<< Flyway Baseline >>','BASELINE','<< Flyway Baseline >>',NULL,'root','2016-08-06 09:07:11',0,1),(2,2,'0.0.1','data','SQL','V0_0_1__data.sql',-89268386,'root','2016-08-06 09:07:11',28,1),(3,3,'0.9.0.1','bpm process','SQL','V0_9_0_1__bpm_process.sql',-119054036,'root','2016-08-06 09:07:11',16,1),(4,4,'0.9.0.2','bpm conf node','SQL','V0_9_0_2__bpm_conf_node.sql',-501116463,'root','2016-08-06 09:07:11',40,1),(5,5,'1.0.0.1','bpm conf node','SQL','V1_0_0_1__bpm_conf_node.sql',923472623,'root','2016-08-06 09:07:11',19,1),(6,6,'1.0.1.1','bpm conf node','SQL','V1_0_1_1__bpm_conf_node.sql',-902694963,'root','2016-08-06 09:07:11',15,1),(7,7,'1.4.0.1','bpm conf node','SQL','V1_4_0_1__bpm_conf_node.sql',-1201552482,'root','2016-08-06 09:07:12',9,1),(8,8,'1.6.0.1','tenant','SQL','V1_6_0_1__tenant.sql',-735249303,'root','2016-08-06 09:07:12',6,1),(9,9,'1.7.0.1','bpm conf operation','SQL','V1_7_0_1__bpm_conf_operation.sql',729867728,'root','2016-08-06 09:07:12',12,1);
/*!40000 ALTER TABLE `schema_version_data_bpm` ENABLE KEYS */;
UNLOCK TABLES;

--
-- Table structure for table `schema_version_data_cms`
--

DROP TABLE IF EXISTS `schema_version_data_cms`;
/*!40101 SET @saved_cs_client     = @@character_set_client */;
/*!40101 SET character_set_client = utf8 */;
CREATE TABLE `schema_version_data_cms` (
  `version_rank` int(11) NOT NULL,
  `installed_rank` int(11) NOT NULL,
  `version` varchar(50) NOT NULL,
  `description` varchar(200) NOT NULL,
  `type` varchar(20) NOT NULL,
  `script` varchar(1000) NOT NULL,
  `checksum` int(11) DEFAULT NULL,
  `installed_by` varchar(100) NOT NULL,
  `installed_on` timestamp NOT NULL DEFAULT CURRENT_TIMESTAMP,
  `execution_time` int(11) NOT NULL,
  `success` tinyint(1) NOT NULL,
  PRIMARY KEY (`version`),
  KEY `SCHEMA_VERSION_DATA_CMS_vr_idx` (`version_rank`),
  KEY `SCHEMA_VERSION_DATA_CMS_ir_idx` (`installed_rank`),
  KEY `SCHEMA_VERSION_DATA_CMS_s_idx` (`success`)
) ENGINE=InnoDB DEFAULT CHARSET=utf8;
/*!40101 SET character_set_client = @saved_cs_client */;

--
-- Dumping data for table `schema_version_data_cms`
--

LOCK TABLES `schema_version_data_cms` WRITE;
/*!40000 ALTER TABLE `schema_version_data_cms` DISABLE KEYS */;
INSERT INTO `schema_version_data_cms` VALUES (1,1,'0','<< Flyway Baseline >>','BASELINE','<< Flyway Baseline >>',NULL,'root','2016-08-06 09:07:14',0,1),(2,2,'0.0.1','data','SQL','V0_0_1__data.sql',-1588494011,'root','2016-08-06 09:07:14',20,1),(3,3,'1.5.0.1','data','SQL','V1_5_0_1__data.sql',646224299,'root','2016-08-06 09:07:14',20,1),(4,4,'1.6.0.1','data','SQL','V1_6_0_1__data.sql',-2140559165,'root','2016-08-06 09:07:14',13,1),(5,5,'1.7.0.1','data','SQL','V1_7_0_1__data.sql',-747264050,'root','2016-08-06 09:07:15',14,1);
/*!40000 ALTER TABLE `schema_version_data_cms` ENABLE KEYS */;
UNLOCK TABLES;

--
-- Table structure for table `schema_version_data_dict`
--

DROP TABLE IF EXISTS `schema_version_data_dict`;
/*!40101 SET @saved_cs_client     = @@character_set_client */;
/*!40101 SET character_set_client = utf8 */;
CREATE TABLE `schema_version_data_dict` (
  `version_rank` int(11) NOT NULL,
  `installed_rank` int(11) NOT NULL,
  `version` varchar(50) NOT NULL,
  `description` varchar(200) NOT NULL,
  `type` varchar(20) NOT NULL,
  `script` varchar(1000) NOT NULL,
  `checksum` int(11) DEFAULT NULL,
  `installed_by` varchar(100) NOT NULL,
  `installed_on` timestamp NOT NULL DEFAULT CURRENT_TIMESTAMP,
  `execution_time` int(11) NOT NULL,
  `success` tinyint(1) NOT NULL,
  PRIMARY KEY (`version`),
  KEY `SCHEMA_VERSION_DATA_DICT_vr_idx` (`version_rank`),
  KEY `SCHEMA_VERSION_DATA_DICT_ir_idx` (`installed_rank`),
  KEY `SCHEMA_VERSION_DATA_DICT_s_idx` (`success`)
) ENGINE=InnoDB DEFAULT CHARSET=utf8;
/*!40101 SET character_set_client = @saved_cs_client */;

--
-- Dumping data for table `schema_version_data_dict`
--

LOCK TABLES `schema_version_data_dict` WRITE;
/*!40000 ALTER TABLE `schema_version_data_dict` DISABLE KEYS */;
INSERT INTO `schema_version_data_dict` VALUES (1,1,'0','<< Flyway Baseline >>','BASELINE','<< Flyway Baseline >>',NULL,'root','2016-08-06 09:07:18',0,1),(2,2,'0.0.0.1','data','SQL','V0_0_0_1__data.sql',397502185,'root','2016-08-06 09:07:18',125,1),(3,3,'1.6.0.1','data','SQL','V1_6_0_1__data.sql',-520648644,'root','2016-08-06 09:07:18',9,1);
/*!40000 ALTER TABLE `schema_version_data_dict` ENABLE KEYS */;
UNLOCK TABLES;

--
-- Table structure for table `schema_version_data_group`
--

DROP TABLE IF EXISTS `schema_version_data_group`;
/*!40101 SET @saved_cs_client     = @@character_set_client */;
/*!40101 SET character_set_client = utf8 */;
CREATE TABLE `schema_version_data_group` (
  `version_rank` int(11) NOT NULL,
  `installed_rank` int(11) NOT NULL,
  `version` varchar(50) NOT NULL,
  `description` varchar(200) NOT NULL,
  `type` varchar(20) NOT NULL,
  `script` varchar(1000) NOT NULL,
  `checksum` int(11) DEFAULT NULL,
  `installed_by` varchar(100) NOT NULL,
  `installed_on` timestamp NOT NULL DEFAULT CURRENT_TIMESTAMP,
  `execution_time` int(11) NOT NULL,
  `success` tinyint(1) NOT NULL,
  PRIMARY KEY (`version`),
  KEY `SCHEMA_VERSION_DATA_GROUP_vr_idx` (`version_rank`),
  KEY `SCHEMA_VERSION_DATA_GROUP_ir_idx` (`installed_rank`),
  KEY `SCHEMA_VERSION_DATA_GROUP_s_idx` (`success`)
) ENGINE=InnoDB DEFAULT CHARSET=utf8;
/*!40101 SET character_set_client = @saved_cs_client */;

--
-- Dumping data for table `schema_version_data_group`
--

LOCK TABLES `schema_version_data_group` WRITE;
/*!40000 ALTER TABLE `schema_version_data_group` DISABLE KEYS */;
INSERT INTO `schema_version_data_group` VALUES (1,1,'0','<< Flyway Baseline >>','BASELINE','<< Flyway Baseline >>',NULL,'root','2016-08-06 09:07:20',0,1),(2,2,'0.7.0.1','data','SQL','V0_7_0_1__data.sql',-1052296612,'root','2016-08-06 09:07:20',15,1);
/*!40000 ALTER TABLE `schema_version_data_group` ENABLE KEYS */;
UNLOCK TABLES;

--
-- Table structure for table `schema_version_data_humantask`
--

DROP TABLE IF EXISTS `schema_version_data_humantask`;
/*!40101 SET @saved_cs_client     = @@character_set_client */;
/*!40101 SET character_set_client = utf8 */;
CREATE TABLE `schema_version_data_humantask` (
  `version_rank` int(11) NOT NULL,
  `installed_rank` int(11) NOT NULL,
  `version` varchar(50) NOT NULL,
  `description` varchar(200) NOT NULL,
  `type` varchar(20) NOT NULL,
  `script` varchar(1000) NOT NULL,
  `checksum` int(11) DEFAULT NULL,
  `installed_by` varchar(100) NOT NULL,
  `installed_on` timestamp NOT NULL DEFAULT CURRENT_TIMESTAMP,
  `execution_time` int(11) NOT NULL,
  `success` tinyint(1) NOT NULL,
  PRIMARY KEY (`version`),
  KEY `SCHEMA_VERSION_DATA_HUMANTASK_vr_idx` (`version_rank`),
  KEY `SCHEMA_VERSION_DATA_HUMANTASK_ir_idx` (`installed_rank`),
  KEY `SCHEMA_VERSION_DATA_HUMANTASK_s_idx` (`success`)
) ENGINE=InnoDB DEFAULT CHARSET=utf8;
/*!40101 SET character_set_client = @saved_cs_client */;

--
-- Dumping data for table `schema_version_data_humantask`
--

LOCK TABLES `schema_version_data_humantask` WRITE;
/*!40000 ALTER TABLE `schema_version_data_humantask` DISABLE KEYS */;
INSERT INTO `schema_version_data_humantask` VALUES (1,1,'0','<< Flyway Baseline >>','BASELINE','<< Flyway Baseline >>',NULL,'root','2016-08-06 09:07:22',0,1),(2,2,'1.6.0.1','data','SQL','V1_6_0_1__data.sql',-1608297043,'root','2016-08-06 09:07:22',50,1),(3,3,'1.7.0.1','data','SQL','V1_7_0_1__data.sql',1073833320,'root','2016-08-06 09:07:22',44,1);
/*!40000 ALTER TABLE `schema_version_data_humantask` ENABLE KEYS */;
UNLOCK TABLES;

--
-- Table structure for table `schema_version_data_javamail`
--

DROP TABLE IF EXISTS `schema_version_data_javamail`;
/*!40101 SET @saved_cs_client     = @@character_set_client */;
/*!40101 SET character_set_client = utf8 */;
CREATE TABLE `schema_version_data_javamail` (
  `version_rank` int(11) NOT NULL,
  `installed_rank` int(11) NOT NULL,
  `version` varchar(50) NOT NULL,
  `description` varchar(200) NOT NULL,
  `type` varchar(20) NOT NULL,
  `script` varchar(1000) NOT NULL,
  `checksum` int(11) DEFAULT NULL,
  `installed_by` varchar(100) NOT NULL,
  `installed_on` timestamp NOT NULL DEFAULT CURRENT_TIMESTAMP,
  `execution_time` int(11) NOT NULL,
  `success` tinyint(1) NOT NULL,
  PRIMARY KEY (`version`),
  KEY `SCHEMA_VERSION_DATA_JAVAMAIL_vr_idx` (`version_rank`),
  KEY `SCHEMA_VERSION_DATA_JAVAMAIL_ir_idx` (`installed_rank`),
  KEY `SCHEMA_VERSION_DATA_JAVAMAIL_s_idx` (`success`)
) ENGINE=InnoDB DEFAULT CHARSET=utf8;
/*!40101 SET character_set_client = @saved_cs_client */;

--
-- Dumping data for table `schema_version_data_javamail`
--

LOCK TABLES `schema_version_data_javamail` WRITE;
/*!40000 ALTER TABLE `schema_version_data_javamail` DISABLE KEYS */;
INSERT INTO `schema_version_data_javamail` VALUES (1,1,'0','<< Flyway Baseline >>','BASELINE','<< Flyway Baseline >>',NULL,'root','2016-08-06 09:07:26',0,1),(2,2,'0.0.0.1','javamail config','SQL','V0_0_0_1__javamail_config.sql',-1897308881,'root','2016-08-06 09:07:26',7,1);
/*!40000 ALTER TABLE `schema_version_data_javamail` ENABLE KEYS */;
UNLOCK TABLES;

--
-- Table structure for table `schema_version_data_org`
--

DROP TABLE IF EXISTS `schema_version_data_org`;
/*!40101 SET @saved_cs_client     = @@character_set_client */;
/*!40101 SET character_set_client = utf8 */;
CREATE TABLE `schema_version_data_org` (
  `version_rank` int(11) NOT NULL,
  `installed_rank` int(11) NOT NULL,
  `version` varchar(50) NOT NULL,
  `description` varchar(200) NOT NULL,
  `type` varchar(20) NOT NULL,
  `script` varchar(1000) NOT NULL,
  `checksum` int(11) DEFAULT NULL,
  `installed_by` varchar(100) NOT NULL,
  `installed_on` timestamp NOT NULL DEFAULT CURRENT_TIMESTAMP,
  `execution_time` int(11) NOT NULL,
  `success` tinyint(1) NOT NULL,
  PRIMARY KEY (`version`),
  KEY `SCHEMA_VERSION_DATA_ORG_vr_idx` (`version_rank`),
  KEY `SCHEMA_VERSION_DATA_ORG_ir_idx` (`installed_rank`),
  KEY `SCHEMA_VERSION_DATA_ORG_s_idx` (`success`)
) ENGINE=InnoDB DEFAULT CHARSET=utf8;
/*!40101 SET character_set_client = @saved_cs_client */;

--
-- Dumping data for table `schema_version_data_org`
--

LOCK TABLES `schema_version_data_org` WRITE;
/*!40000 ALTER TABLE `schema_version_data_org` DISABLE KEYS */;
INSERT INTO `schema_version_data_org` VALUES (1,1,'0','<< Flyway Baseline >>','BASELINE','<< Flyway Baseline >>',NULL,'root','2016-08-06 09:07:30',0,1),(2,2,'0.0.1','data','SQL','V0_0_1__data.sql',1830395117,'root','2016-08-06 09:07:30',14,1),(3,3,'1.0.1.2','job','SQL','V1_0_1_2__job.sql',-205905006,'root','2016-08-06 09:07:30',49,1),(4,4,'1.3.0.1','job','SQL','V1_3_0_1__job.sql',-2075617749,'root','2016-08-06 09:07:30',10,1);
/*!40000 ALTER TABLE `schema_version_data_org` ENABLE KEYS */;
UNLOCK TABLES;

--
-- Table structure for table `schema_version_data_party`
--

DROP TABLE IF EXISTS `schema_version_data_party`;
/*!40101 SET @saved_cs_client     = @@character_set_client */;
/*!40101 SET character_set_client = utf8 */;
CREATE TABLE `schema_version_data_party` (
  `version_rank` int(11) NOT NULL,
  `installed_rank` int(11) NOT NULL,
  `version` varchar(50) NOT NULL,
  `description` varchar(200) NOT NULL,
  `type` varchar(20) NOT NULL,
  `script` varchar(1000) NOT NULL,
  `checksum` int(11) DEFAULT NULL,
  `installed_by` varchar(100) NOT NULL,
  `installed_on` timestamp NOT NULL DEFAULT CURRENT_TIMESTAMP,
  `execution_time` int(11) NOT NULL,
  `success` tinyint(1) NOT NULL,
  PRIMARY KEY (`version`),
  KEY `SCHEMA_VERSION_DATA_PARTY_vr_idx` (`version_rank`),
  KEY `SCHEMA_VERSION_DATA_PARTY_ir_idx` (`installed_rank`),
  KEY `SCHEMA_VERSION_DATA_PARTY_s_idx` (`success`)
) ENGINE=InnoDB DEFAULT CHARSET=utf8;
/*!40101 SET character_set_client = @saved_cs_client */;

--
-- Dumping data for table `schema_version_data_party`
--

LOCK TABLES `schema_version_data_party` WRITE;
/*!40000 ALTER TABLE `schema_version_data_party` DISABLE KEYS */;
INSERT INTO `schema_version_data_party` VALUES (1,1,'0','<< Flyway Baseline >>','BASELINE','<< Flyway Baseline >>',NULL,'root','2016-08-06 09:07:33',0,1),(2,2,'0.0.1','data','SQL','V0_0_1__data.sql',-184025357,'root','2016-08-06 09:07:33',70,1),(3,3,'1.0.1.1','data','SQL','V1_0_1_1__data.sql',-404760277,'root','2016-08-06 09:07:33',30,1),(4,4,'1.3.0.1','data','SQL','V1_3_0_1__data.sql',-986652955,'root','2016-08-06 09:07:33',15,1),(5,5,'1.5.0.1','data','SQL','V1_5_0_1__data.sql',-1925453969,'root','2016-08-06 09:07:33',5,1),(6,6,'1.7.0.1','data','SQL','V1_7_0_1__data.sql',925576050,'root','2016-08-06 09:07:33',47,1);
/*!40000 ALTER TABLE `schema_version_data_party` ENABLE KEYS */;
UNLOCK TABLES;

--
-- Table structure for table `schema_version_data_pim`
--

DROP TABLE IF EXISTS `schema_version_data_pim`;
/*!40101 SET @saved_cs_client     = @@character_set_client */;
/*!40101 SET character_set_client = utf8 */;
CREATE TABLE `schema_version_data_pim` (
  `version_rank` int(11) NOT NULL,
  `installed_rank` int(11) NOT NULL,
  `version` varchar(50) NOT NULL,
  `description` varchar(200) NOT NULL,
  `type` varchar(20) NOT NULL,
  `script` varchar(1000) NOT NULL,
  `checksum` int(11) DEFAULT NULL,
  `installed_by` varchar(100) NOT NULL,
  `installed_on` timestamp NOT NULL DEFAULT CURRENT_TIMESTAMP,
  `execution_time` int(11) NOT NULL,
  `success` tinyint(1) NOT NULL,
  PRIMARY KEY (`version`),
  KEY `SCHEMA_VERSION_DATA_PIM_vr_idx` (`version_rank`),
  KEY `SCHEMA_VERSION_DATA_PIM_ir_idx` (`installed_rank`),
  KEY `SCHEMA_VERSION_DATA_PIM_s_idx` (`success`)
) ENGINE=InnoDB DEFAULT CHARSET=utf8;
/*!40101 SET character_set_client = @saved_cs_client */;

--
-- Dumping data for table `schema_version_data_pim`
--

LOCK TABLES `schema_version_data_pim` WRITE;
/*!40000 ALTER TABLE `schema_version_data_pim` DISABLE KEYS */;
INSERT INTO `schema_version_data_pim` VALUES (1,1,'0','<< Flyway Baseline >>','BASELINE','<< Flyway Baseline >>',NULL,'root','2016-08-06 09:07:35',0,1),(2,2,'0.0.0.1','data','SQL','V0_0_0_1__data.sql',-2043291187,'root','2016-08-06 09:07:35',5,1);
/*!40000 ALTER TABLE `schema_version_data_pim` ENABLE KEYS */;
UNLOCK TABLES;

--
-- Table structure for table `schema_version_data_plm`
--

DROP TABLE IF EXISTS `schema_version_data_plm`;
/*!40101 SET @saved_cs_client     = @@character_set_client */;
/*!40101 SET character_set_client = utf8 */;
CREATE TABLE `schema_version_data_plm` (
  `version_rank` int(11) NOT NULL,
  `installed_rank` int(11) NOT NULL,
  `version` varchar(50) NOT NULL,
  `description` varchar(200) NOT NULL,
  `type` varchar(20) NOT NULL,
  `script` varchar(1000) NOT NULL,
  `checksum` int(11) DEFAULT NULL,
  `installed_by` varchar(100) NOT NULL,
  `installed_on` timestamp NOT NULL DEFAULT CURRENT_TIMESTAMP,
  `execution_time` int(11) NOT NULL,
  `success` tinyint(1) NOT NULL,
  PRIMARY KEY (`version`),
  KEY `SCHEMA_VERSION_DATA_PLM_vr_idx` (`version_rank`),
  KEY `SCHEMA_VERSION_DATA_PLM_ir_idx` (`installed_rank`),
  KEY `SCHEMA_VERSION_DATA_PLM_s_idx` (`success`)
) ENGINE=InnoDB DEFAULT CHARSET=utf8;
/*!40101 SET character_set_client = @saved_cs_client */;

--
-- Dumping data for table `schema_version_data_plm`
--

LOCK TABLES `schema_version_data_plm` WRITE;
/*!40000 ALTER TABLE `schema_version_data_plm` DISABLE KEYS */;
INSERT INTO `schema_version_data_plm` VALUES (1,1,'0','<< Flyway Baseline >>','BASELINE','<< Flyway Baseline >>',NULL,'root','2016-08-06 09:07:36',0,1),(2,2,'0.0.0.1','category','SQL','V0_0_0_1__category.sql',1222563659,'root','2016-08-06 09:07:36',14,1),(3,3,'0.0.0.2','project','SQL','V0_0_0_2__project.sql',-471301786,'root','2016-08-06 09:07:36',40,1),(4,4,'0.0.0.3','version','SQL','V0_0_0_3__version.sql',2073632375,'root','2016-08-06 09:07:36',5,1),(5,5,'0.0.0.4','kanban','SQL','V0_0_0_4__kanban.sql',-1031147710,'root','2016-08-06 09:07:36',17,1),(6,6,'0.0.0.5','data','SQL','V0_0_0_5__data.sql',-2077997513,'root','2016-08-06 09:07:36',58,1);
/*!40000 ALTER TABLE `schema_version_data_plm` ENABLE KEYS */;
UNLOCK TABLES;

--
-- Table structure for table `schema_version_data_portal`
--

DROP TABLE IF EXISTS `schema_version_data_portal`;
/*!40101 SET @saved_cs_client     = @@character_set_client */;
/*!40101 SET character_set_client = utf8 */;
CREATE TABLE `schema_version_data_portal` (
  `version_rank` int(11) NOT NULL,
  `installed_rank` int(11) NOT NULL,
  `version` varchar(50) NOT NULL,
  `description` varchar(200) NOT NULL,
  `type` varchar(20) NOT NULL,
  `script` varchar(1000) NOT NULL,
  `checksum` int(11) DEFAULT NULL,
  `installed_by` varchar(100) NOT NULL,
  `installed_on` timestamp NOT NULL DEFAULT CURRENT_TIMESTAMP,
  `execution_time` int(11) NOT NULL,
  `success` tinyint(1) NOT NULL,
  PRIMARY KEY (`version`),
  KEY `SCHEMA_VERSION_DATA_PORTAL_vr_idx` (`version_rank`),
  KEY `SCHEMA_VERSION_DATA_PORTAL_ir_idx` (`installed_rank`),
  KEY `SCHEMA_VERSION_DATA_PORTAL_s_idx` (`success`)
) ENGINE=InnoDB DEFAULT CHARSET=utf8;
/*!40101 SET character_set_client = @saved_cs_client */;

--
-- Dumping data for table `schema_version_data_portal`
--

LOCK TABLES `schema_version_data_portal` WRITE;
/*!40000 ALTER TABLE `schema_version_data_portal` DISABLE KEYS */;
INSERT INTO `schema_version_data_portal` VALUES (1,1,'0','<< Flyway Baseline >>','BASELINE','<< Flyway Baseline >>',NULL,'root','2016-08-06 09:07:37',0,1),(2,2,'1.0.0','data','SQL','V1_0_0__data.sql',-740437415,'root','2016-08-06 09:07:37',21,1),(3,3,'1.7.0.1','data','SQL','V1_7_0_1__data.sql',-55747089,'root','2016-08-06 09:07:37',8,1);
/*!40000 ALTER TABLE `schema_version_data_portal` ENABLE KEYS */;
UNLOCK TABLES;

--
-- Table structure for table `schema_version_data_sendmail`
--

DROP TABLE IF EXISTS `schema_version_data_sendmail`;
/*!40101 SET @saved_cs_client     = @@character_set_client */;
/*!40101 SET character_set_client = utf8 */;
CREATE TABLE `schema_version_data_sendmail` (
  `version_rank` int(11) NOT NULL,
  `installed_rank` int(11) NOT NULL,
  `version` varchar(50) NOT NULL,
  `description` varchar(200) NOT NULL,
  `type` varchar(20) NOT NULL,
  `script` varchar(1000) NOT NULL,
  `checksum` int(11) DEFAULT NULL,
  `installed_by` varchar(100) NOT NULL,
  `installed_on` timestamp NOT NULL DEFAULT CURRENT_TIMESTAMP,
  `execution_time` int(11) NOT NULL,
  `success` tinyint(1) NOT NULL,
  PRIMARY KEY (`version`),
  KEY `SCHEMA_VERSION_DATA_SENDMAIL_vr_idx` (`version_rank`),
  KEY `SCHEMA_VERSION_DATA_SENDMAIL_ir_idx` (`installed_rank`),
  KEY `SCHEMA_VERSION_DATA_SENDMAIL_s_idx` (`success`)
) ENGINE=InnoDB DEFAULT CHARSET=utf8;
/*!40101 SET character_set_client = @saved_cs_client */;

--
-- Dumping data for table `schema_version_data_sendmail`
--

LOCK TABLES `schema_version_data_sendmail` WRITE;
/*!40000 ALTER TABLE `schema_version_data_sendmail` DISABLE KEYS */;
INSERT INTO `schema_version_data_sendmail` VALUES (1,1,'0','<< Flyway Baseline >>','BASELINE','<< Flyway Baseline >>',NULL,'root','2016-08-06 09:07:23',0,1),(2,2,'1.0.0','data','SQL','V1_0_0__data.sql',-342528832,'root','2016-08-06 09:07:23',8,1),(3,3,'1.6.0.1','config','SQL','V1_6_0_1__config.sql',140902159,'root','2016-08-06 09:07:23',8,1),(4,4,'1.7.0.1','config','SQL','V1_7_0_1__config.sql',-1730520350,'root','2016-08-06 09:07:23',5,1);
/*!40000 ALTER TABLE `schema_version_data_sendmail` ENABLE KEYS */;
UNLOCK TABLES;

--
-- Table structure for table `schema_version_data_sendsms`
--

DROP TABLE IF EXISTS `schema_version_data_sendsms`;
/*!40101 SET @saved_cs_client     = @@character_set_client */;
/*!40101 SET character_set_client = utf8 */;
CREATE TABLE `schema_version_data_sendsms` (
  `version_rank` int(11) NOT NULL,
  `installed_rank` int(11) NOT NULL,
  `version` varchar(50) NOT NULL,
  `description` varchar(200) NOT NULL,
  `type` varchar(20) NOT NULL,
  `script` varchar(1000) NOT NULL,
  `checksum` int(11) DEFAULT NULL,
  `installed_by` varchar(100) NOT NULL,
  `installed_on` timestamp NOT NULL DEFAULT CURRENT_TIMESTAMP,
  `execution_time` int(11) NOT NULL,
  `success` tinyint(1) NOT NULL,
  PRIMARY KEY (`version`),
  KEY `SCHEMA_VERSION_DATA_SENDSMS_vr_idx` (`version_rank`),
  KEY `SCHEMA_VERSION_DATA_SENDSMS_ir_idx` (`installed_rank`),
  KEY `SCHEMA_VERSION_DATA_SENDSMS_s_idx` (`success`)
) ENGINE=InnoDB DEFAULT CHARSET=utf8;
/*!40101 SET character_set_client = @saved_cs_client */;

--
-- Dumping data for table `schema_version_data_sendsms`
--

LOCK TABLES `schema_version_data_sendsms` WRITE;
/*!40000 ALTER TABLE `schema_version_data_sendsms` DISABLE KEYS */;
INSERT INTO `schema_version_data_sendsms` VALUES (1,1,'0','<< Flyway Baseline >>','BASELINE','<< Flyway Baseline >>',NULL,'root','2016-08-06 09:07:24',0,1),(2,2,'1.0.0','data','SQL','V1_0_0__data.sql',916530636,'root','2016-08-06 09:07:24',7,1);
/*!40000 ALTER TABLE `schema_version_data_sendsms` ENABLE KEYS */;
UNLOCK TABLES;

--
-- Table structure for table `schema_version_data_template`
--

DROP TABLE IF EXISTS `schema_version_data_template`;
/*!40101 SET @saved_cs_client     = @@character_set_client */;
/*!40101 SET character_set_client = utf8 */;
CREATE TABLE `schema_version_data_template` (
  `version_rank` int(11) NOT NULL,
  `installed_rank` int(11) NOT NULL,
  `version` varchar(50) NOT NULL,
  `description` varchar(200) NOT NULL,
  `type` varchar(20) NOT NULL,
  `script` varchar(1000) NOT NULL,
  `checksum` int(11) DEFAULT NULL,
  `installed_by` varchar(100) NOT NULL,
  `installed_on` timestamp NOT NULL DEFAULT CURRENT_TIMESTAMP,
  `execution_time` int(11) NOT NULL,
  `success` tinyint(1) NOT NULL,
  PRIMARY KEY (`version`),
  KEY `SCHEMA_VERSION_DATA_TEMPLATE_vr_idx` (`version_rank`),
  KEY `SCHEMA_VERSION_DATA_TEMPLATE_ir_idx` (`installed_rank`),
  KEY `SCHEMA_VERSION_DATA_TEMPLATE_s_idx` (`success`)
) ENGINE=InnoDB DEFAULT CHARSET=utf8;
/*!40101 SET character_set_client = @saved_cs_client */;

--
-- Dumping data for table `schema_version_data_template`
--

LOCK TABLES `schema_version_data_template` WRITE;
/*!40000 ALTER TABLE `schema_version_data_template` DISABLE KEYS */;
INSERT INTO `schema_version_data_template` VALUES (1,1,'0','<< Flyway Baseline >>','BASELINE','<< Flyway Baseline >>',NULL,'root','2016-08-06 09:07:25',0,1),(2,2,'0.0.0.1','data','SQL','V0_0_0_1__data.sql',1836513897,'root','2016-08-06 09:07:25',13,1),(3,3,'1.6.0.1','data','SQL','V1_6_0_1__data.sql',1619061954,'root','2016-08-06 09:07:25',7,1),(4,4,'1.7.0.1','data','SQL','V1_7_0_1__data.sql',466765159,'root','2016-08-06 09:07:25',14,1);
/*!40000 ALTER TABLE `schema_version_data_template` ENABLE KEYS */;
UNLOCK TABLES;

--
-- Table structure for table `schema_version_data_ticket`
--

DROP TABLE IF EXISTS `schema_version_data_ticket`;
/*!40101 SET @saved_cs_client     = @@character_set_client */;
/*!40101 SET character_set_client = utf8 */;
CREATE TABLE `schema_version_data_ticket` (
  `version_rank` int(11) NOT NULL,
  `installed_rank` int(11) NOT NULL,
  `version` varchar(50) NOT NULL,
  `description` varchar(200) NOT NULL,
  `type` varchar(20) NOT NULL,
  `script` varchar(1000) NOT NULL,
  `checksum` int(11) DEFAULT NULL,
  `installed_by` varchar(100) NOT NULL,
  `installed_on` timestamp NOT NULL DEFAULT CURRENT_TIMESTAMP,
  `execution_time` int(11) NOT NULL,
  `success` tinyint(1) NOT NULL,
  PRIMARY KEY (`version`),
  KEY `SCHEMA_VERSION_DATA_TICKET_vr_idx` (`version_rank`),
  KEY `SCHEMA_VERSION_DATA_TICKET_ir_idx` (`installed_rank`),
  KEY `SCHEMA_VERSION_DATA_TICKET_s_idx` (`success`)
) ENGINE=InnoDB DEFAULT CHARSET=utf8;
/*!40101 SET character_set_client = @saved_cs_client */;

--
-- Dumping data for table `schema_version_data_ticket`
--

LOCK TABLES `schema_version_data_ticket` WRITE;
/*!40000 ALTER TABLE `schema_version_data_ticket` DISABLE KEYS */;
INSERT INTO `schema_version_data_ticket` VALUES (1,1,'0','<< Flyway Baseline >>','BASELINE','<< Flyway Baseline >>',NULL,'root','2016-08-06 09:07:40',0,1),(2,2,'0.0.0.1','data','SQL','V0_0_0_1__data.sql',-680123055,'root','2016-08-06 09:07:40',9,1);
/*!40000 ALTER TABLE `schema_version_data_ticket` ENABLE KEYS */;
UNLOCK TABLES;

--
-- Table structure for table `schema_version_data_user`
--

DROP TABLE IF EXISTS `schema_version_data_user`;
/*!40101 SET @saved_cs_client     = @@character_set_client */;
/*!40101 SET character_set_client = utf8 */;
CREATE TABLE `schema_version_data_user` (
  `version_rank` int(11) NOT NULL,
  `installed_rank` int(11) NOT NULL,
  `version` varchar(50) NOT NULL,
  `description` varchar(200) NOT NULL,
  `type` varchar(20) NOT NULL,
  `script` varchar(1000) NOT NULL,
  `checksum` int(11) DEFAULT NULL,
  `installed_by` varchar(100) NOT NULL,
  `installed_on` timestamp NOT NULL DEFAULT CURRENT_TIMESTAMP,
  `execution_time` int(11) NOT NULL,
  `success` tinyint(1) NOT NULL,
  PRIMARY KEY (`version`),
  KEY `SCHEMA_VERSION_DATA_USER_vr_idx` (`version_rank`),
  KEY `SCHEMA_VERSION_DATA_USER_ir_idx` (`installed_rank`),
  KEY `SCHEMA_VERSION_DATA_USER_s_idx` (`success`)
) ENGINE=InnoDB DEFAULT CHARSET=utf8;
/*!40101 SET character_set_client = @saved_cs_client */;

--
-- Dumping data for table `schema_version_data_user`
--

LOCK TABLES `schema_version_data_user` WRITE;
/*!40000 ALTER TABLE `schema_version_data_user` DISABLE KEYS */;
INSERT INTO `schema_version_data_user` VALUES (1,1,'0','<< Flyway Baseline >>','BASELINE','<< Flyway Baseline >>',NULL,'root','2016-08-06 09:07:43',0,1),(2,2,'0.0.1','data','SQL','V0_0_1__data.sql',1685611106,'root','2016-08-06 09:07:43',33,1),(3,3,'0.9.0.1','data','SQL','V0_9_0_1__data.sql',-1321416084,'root','2016-08-06 09:07:43',13,1),(4,4,'1.3.0.1','data','SQL','V1_3_0_1__data.sql',-78940932,'root','2016-08-06 09:07:43',6,1),(5,5,'1.3.0.2','data','SQL','V1_3_0_2__data.sql',-896623616,'root','2016-08-06 09:07:43',5,1),(6,6,'1.5.0.1','data','SQL','V1_5_0_1__data.sql',201430815,'root','2016-08-06 09:07:43',36,1),(7,7,'1.6.0.1','data','SQL','V1_6_0_1__data.sql',-521761274,'root','2016-08-06 09:07:43',9,1),(8,8,'1.7.0.1','data','SQL','V1_7_0_1__data.sql',1590354556,'root','2016-08-06 09:07:43',102,1);
/*!40000 ALTER TABLE `schema_version_data_user` ENABLE KEYS */;
UNLOCK TABLES;

--
-- Table structure for table `schema_version_data_workcal`
--

DROP TABLE IF EXISTS `schema_version_data_workcal`;
/*!40101 SET @saved_cs_client     = @@character_set_client */;
/*!40101 SET character_set_client = utf8 */;
CREATE TABLE `schema_version_data_workcal` (
  `version_rank` int(11) NOT NULL,
  `installed_rank` int(11) NOT NULL,
  `version` varchar(50) NOT NULL,
  `description` varchar(200) NOT NULL,
  `type` varchar(20) NOT NULL,
  `script` varchar(1000) NOT NULL,
  `checksum` int(11) DEFAULT NULL,
  `installed_by` varchar(100) NOT NULL,
  `installed_on` timestamp NOT NULL DEFAULT CURRENT_TIMESTAMP,
  `execution_time` int(11) NOT NULL,
  `success` tinyint(1) NOT NULL,
  PRIMARY KEY (`version`),
  KEY `SCHEMA_VERSION_DATA_WORKCAL_vr_idx` (`version_rank`),
  KEY `SCHEMA_VERSION_DATA_WORKCAL_ir_idx` (`installed_rank`),
  KEY `SCHEMA_VERSION_DATA_WORKCAL_s_idx` (`success`)
) ENGINE=InnoDB DEFAULT CHARSET=utf8;
/*!40101 SET character_set_client = @saved_cs_client */;

--
-- Dumping data for table `schema_version_data_workcal`
--

LOCK TABLES `schema_version_data_workcal` WRITE;
/*!40000 ALTER TABLE `schema_version_data_workcal` DISABLE KEYS */;
INSERT INTO `schema_version_data_workcal` VALUES (1,1,'0','<< Flyway Baseline >>','BASELINE','<< Flyway Baseline >>',NULL,'root','2016-08-06 09:07:45',0,1),(2,2,'0.0.1','data','SQL','V0_0_1__data.sql',-1740434376,'root','2016-08-06 09:07:45',69,1),(3,3,'0.0.2','data','SQL','V0_0_2__data.sql',1276626974,'root','2016-08-06 09:07:45',47,1),(4,4,'1.6.0.1','data','SQL','V1_6_0_1__data.sql',97020511,'root','2016-08-06 09:07:45',9,1),(5,5,'1.6.0.2','data','SQL','V1_6_0_2__data.sql',-1284740292,'root','2016-08-06 09:07:45',12,1),(6,6,'1.7.0.1','data','SQL','V1_7_0_1__data.sql',1690704956,'root','2016-08-06 09:07:45',70,1);
/*!40000 ALTER TABLE `schema_version_data_workcal` ENABLE KEYS */;
UNLOCK TABLES;

--
-- Table structure for table `schema_version_delegate`
--

DROP TABLE IF EXISTS `schema_version_delegate`;
/*!40101 SET @saved_cs_client     = @@character_set_client */;
/*!40101 SET character_set_client = utf8 */;
CREATE TABLE `schema_version_delegate` (
  `version_rank` int(11) NOT NULL,
  `installed_rank` int(11) NOT NULL,
  `version` varchar(50) NOT NULL,
  `description` varchar(200) NOT NULL,
  `type` varchar(20) NOT NULL,
  `script` varchar(1000) NOT NULL,
  `checksum` int(11) DEFAULT NULL,
  `installed_by` varchar(100) NOT NULL,
  `installed_on` timestamp NOT NULL DEFAULT CURRENT_TIMESTAMP,
  `execution_time` int(11) NOT NULL,
  `success` tinyint(1) NOT NULL,
  PRIMARY KEY (`version`),
  KEY `SCHEMA_VERSION_DELEGATE_vr_idx` (`version_rank`),
  KEY `SCHEMA_VERSION_DELEGATE_ir_idx` (`installed_rank`),
  KEY `SCHEMA_VERSION_DELEGATE_s_idx` (`success`)
) ENGINE=InnoDB DEFAULT CHARSET=utf8;
/*!40101 SET character_set_client = @saved_cs_client */;

--
-- Dumping data for table `schema_version_delegate`
--

LOCK TABLES `schema_version_delegate` WRITE;
/*!40000 ALTER TABLE `schema_version_delegate` DISABLE KEYS */;
INSERT INTO `schema_version_delegate` VALUES (1,1,'0','<< Flyway Baseline >>','BASELINE','<< Flyway Baseline >>',NULL,'root','2016-08-06 09:07:22',0,1),(2,2,'0.0.0.1','delegate info','SQL','V0_0_0_1__delegate_info.sql',1985013488,'root','2016-08-06 09:07:22',36,1),(3,3,'0.0.0.2','delegate history','SQL','V0_0_0_2__delegate_history.sql',-869422440,'root','2016-08-06 09:07:22',28,1);
/*!40000 ALTER TABLE `schema_version_delegate` ENABLE KEYS */;
UNLOCK TABLES;

--
-- Table structure for table `schema_version_dict`
--

DROP TABLE IF EXISTS `schema_version_dict`;
/*!40101 SET @saved_cs_client     = @@character_set_client */;
/*!40101 SET character_set_client = utf8 */;
CREATE TABLE `schema_version_dict` (
  `version_rank` int(11) NOT NULL,
  `installed_rank` int(11) NOT NULL,
  `version` varchar(50) NOT NULL,
  `description` varchar(200) NOT NULL,
  `type` varchar(20) NOT NULL,
  `script` varchar(1000) NOT NULL,
  `checksum` int(11) DEFAULT NULL,
  `installed_by` varchar(100) NOT NULL,
  `installed_on` timestamp NOT NULL DEFAULT CURRENT_TIMESTAMP,
  `execution_time` int(11) NOT NULL,
  `success` tinyint(1) NOT NULL,
  PRIMARY KEY (`version`),
  KEY `SCHEMA_VERSION_DICT_vr_idx` (`version_rank`),
  KEY `SCHEMA_VERSION_DICT_ir_idx` (`installed_rank`),
  KEY `SCHEMA_VERSION_DICT_s_idx` (`success`)
) ENGINE=InnoDB DEFAULT CHARSET=utf8;
/*!40101 SET character_set_client = @saved_cs_client */;

--
-- Dumping data for table `schema_version_dict`
--

LOCK TABLES `schema_version_dict` WRITE;
/*!40000 ALTER TABLE `schema_version_dict` DISABLE KEYS */;
INSERT INTO `schema_version_dict` VALUES (1,1,'0','<< Flyway Baseline >>','BASELINE','<< Flyway Baseline >>',NULL,'root','2016-08-06 09:07:17',0,1),(2,2,'0.0.0.1','dict type','SQL','V0_0_0_1__dict_type.sql',1355748071,'root','2016-08-06 09:07:17',27,1),(3,3,'0.0.0.2','dict schema','SQL','V0_0_0_2__dict_schema.sql',1661413321,'root','2016-08-06 09:07:17',24,1),(4,4,'0.0.0.3','dict info','SQL','V0_0_0_3__dict_info.sql',-1361182776,'root','2016-08-06 09:07:17',27,1),(5,5,'0.0.0.4','dict data','SQL','V0_0_0_4__dict_data.sql',-108037193,'root','2016-08-06 09:07:17',28,1),(6,6,'1.6.0.1','tenant','SQL','V1_6_0_1__tenant.sql',-170944144,'root','2016-08-06 09:07:17',170,1);
/*!40000 ALTER TABLE `schema_version_dict` ENABLE KEYS */;
UNLOCK TABLES;

--
-- Table structure for table `schema_version_disk`
--

DROP TABLE IF EXISTS `schema_version_disk`;
/*!40101 SET @saved_cs_client     = @@character_set_client */;
/*!40101 SET character_set_client = utf8 */;
CREATE TABLE `schema_version_disk` (
  `version_rank` int(11) NOT NULL,
  `installed_rank` int(11) NOT NULL,
  `version` varchar(50) NOT NULL,
  `description` varchar(200) NOT NULL,
  `type` varchar(20) NOT NULL,
  `script` varchar(1000) NOT NULL,
  `checksum` int(11) DEFAULT NULL,
  `installed_by` varchar(100) NOT NULL,
  `installed_on` timestamp NOT NULL DEFAULT CURRENT_TIMESTAMP,
  `execution_time` int(11) NOT NULL,
  `success` tinyint(1) NOT NULL,
  PRIMARY KEY (`version`),
  KEY `SCHEMA_VERSION_DISK_vr_idx` (`version_rank`),
  KEY `SCHEMA_VERSION_DISK_ir_idx` (`installed_rank`),
  KEY `SCHEMA_VERSION_DISK_s_idx` (`success`)
) ENGINE=InnoDB DEFAULT CHARSET=utf8;
/*!40101 SET character_set_client = @saved_cs_client */;

--
-- Dumping data for table `schema_version_disk`
--

LOCK TABLES `schema_version_disk` WRITE;
/*!40000 ALTER TABLE `schema_version_disk` DISABLE KEYS */;
INSERT INTO `schema_version_disk` VALUES (1,1,'0','<< Flyway Baseline >>','BASELINE','<< Flyway Baseline >>',NULL,'root','2016-08-06 09:07:18',0,1),(2,2,'0.0.0.1','disk info','SQL','V0_0_0_1__disk_info.sql',1947079706,'root','2016-08-06 09:07:18',29,1),(3,3,'0.0.0.2','disk share','SQL','V0_0_0_2__disk_share.sql',1191640118,'root','2016-08-06 09:07:18',29,1),(4,4,'0.0.0.3','disk acl','SQL','V0_0_0_3__disk_acl.sql',1795932918,'root','2016-08-06 09:07:18',20,1);
/*!40000 ALTER TABLE `schema_version_disk` ENABLE KEYS */;
UNLOCK TABLES;

--
-- Table structure for table `schema_version_employee`
--

DROP TABLE IF EXISTS `schema_version_employee`;
/*!40101 SET @saved_cs_client     = @@character_set_client */;
/*!40101 SET character_set_client = utf8 */;
CREATE TABLE `schema_version_employee` (
  `version_rank` int(11) NOT NULL,
  `installed_rank` int(11) NOT NULL,
  `version` varchar(50) NOT NULL,
  `description` varchar(200) NOT NULL,
  `type` varchar(20) NOT NULL,
  `script` varchar(1000) NOT NULL,
  `checksum` int(11) DEFAULT NULL,
  `installed_by` varchar(100) NOT NULL,
  `installed_on` timestamp NOT NULL DEFAULT CURRENT_TIMESTAMP,
  `execution_time` int(11) NOT NULL,
  `success` tinyint(1) NOT NULL,
  PRIMARY KEY (`version`),
  KEY `SCHEMA_VERSION_EMPLOYEE_vr_idx` (`version_rank`),
  KEY `SCHEMA_VERSION_EMPLOYEE_ir_idx` (`installed_rank`),
  KEY `SCHEMA_VERSION_EMPLOYEE_s_idx` (`success`)
) ENGINE=InnoDB DEFAULT CHARSET=utf8;
/*!40101 SET character_set_client = @saved_cs_client */;

--
-- Dumping data for table `schema_version_employee`
--

LOCK TABLES `schema_version_employee` WRITE;
/*!40000 ALTER TABLE `schema_version_employee` DISABLE KEYS */;
INSERT INTO `schema_version_employee` VALUES (1,1,'0','<< Flyway Baseline >>','BASELINE','<< Flyway Baseline >>',NULL,'root','2016-08-06 09:07:18',0,1),(2,2,'0.0.0.1','employee info','SQL','V0_0_0_1__employee_info.sql',-51514901,'root','2016-08-06 09:07:18',45,1);
/*!40000 ALTER TABLE `schema_version_employee` ENABLE KEYS */;
UNLOCK TABLES;

--
-- Table structure for table `schema_version_expense`
--

DROP TABLE IF EXISTS `schema_version_expense`;
/*!40101 SET @saved_cs_client     = @@character_set_client */;
/*!40101 SET character_set_client = utf8 */;
CREATE TABLE `schema_version_expense` (
  `version_rank` int(11) NOT NULL,
  `installed_rank` int(11) NOT NULL,
  `version` varchar(50) NOT NULL,
  `description` varchar(200) NOT NULL,
  `type` varchar(20) NOT NULL,
  `script` varchar(1000) NOT NULL,
  `checksum` int(11) DEFAULT NULL,
  `installed_by` varchar(100) NOT NULL,
  `installed_on` timestamp NOT NULL DEFAULT CURRENT_TIMESTAMP,
  `execution_time` int(11) NOT NULL,
  `success` tinyint(1) NOT NULL,
  PRIMARY KEY (`version`),
  KEY `SCHEMA_VERSION_EXPENSE_vr_idx` (`version_rank`),
  KEY `SCHEMA_VERSION_EXPENSE_ir_idx` (`installed_rank`),
  KEY `SCHEMA_VERSION_EXPENSE_s_idx` (`success`)
) ENGINE=InnoDB DEFAULT CHARSET=utf8;
/*!40101 SET character_set_client = @saved_cs_client */;

--
-- Dumping data for table `schema_version_expense`
--

LOCK TABLES `schema_version_expense` WRITE;
/*!40000 ALTER TABLE `schema_version_expense` DISABLE KEYS */;
INSERT INTO `schema_version_expense` VALUES (1,1,'0','<< Flyway Baseline >>','BASELINE','<< Flyway Baseline >>',NULL,'root','2016-08-06 09:07:19',0,1),(2,2,'0.0.0.1','expense info','SQL','V0_0_0_1__expense_info.sql',-271868152,'root','2016-08-06 09:07:19',30,1);
/*!40000 ALTER TABLE `schema_version_expense` ENABLE KEYS */;
UNLOCK TABLES;

--
-- Table structure for table `schema_version_form`
--

DROP TABLE IF EXISTS `schema_version_form`;
/*!40101 SET @saved_cs_client     = @@character_set_client */;
/*!40101 SET character_set_client = utf8 */;
CREATE TABLE `schema_version_form` (
  `version_rank` int(11) NOT NULL,
  `installed_rank` int(11) NOT NULL,
  `version` varchar(50) NOT NULL,
  `description` varchar(200) NOT NULL,
  `type` varchar(20) NOT NULL,
  `script` varchar(1000) NOT NULL,
  `checksum` int(11) DEFAULT NULL,
  `installed_by` varchar(100) NOT NULL,
  `installed_on` timestamp NOT NULL DEFAULT CURRENT_TIMESTAMP,
  `execution_time` int(11) NOT NULL,
  `success` tinyint(1) NOT NULL,
  PRIMARY KEY (`version`),
  KEY `SCHEMA_VERSION_FORM_vr_idx` (`version_rank`),
  KEY `SCHEMA_VERSION_FORM_ir_idx` (`installed_rank`),
  KEY `SCHEMA_VERSION_FORM_s_idx` (`success`)
) ENGINE=InnoDB DEFAULT CHARSET=utf8;
/*!40101 SET character_set_client = @saved_cs_client */;

--
-- Dumping data for table `schema_version_form`
--

LOCK TABLES `schema_version_form` WRITE;
/*!40000 ALTER TABLE `schema_version_form` DISABLE KEYS */;
INSERT INTO `schema_version_form` VALUES (1,1,'0','<< Flyway Baseline >>','BASELINE','<< Flyway Baseline >>',NULL,'root','2016-08-06 09:07:19',0,1),(2,2,'0.0.3','form template','SQL','V0_0_3__form_template.sql',-475654482,'root','2016-08-06 09:07:19',32,1),(3,3,'1.1.0.2','form schema','SQL','V1_1_0_2__form_schema.sql',-1472401406,'root','2016-08-06 09:07:19',28,1),(4,4,'1.3.0.1','form template','SQL','V1_3_0_1__form_template.sql',-235089447,'root','2016-08-06 09:07:19',95,1),(5,5,'1.6.0.1','tenant','SQL','V1_6_0_1__tenant.sql',1261129736,'root','2016-08-06 09:07:19',163,1);
/*!40000 ALTER TABLE `schema_version_form` ENABLE KEYS */;
UNLOCK TABLES;

--
-- Table structure for table `schema_version_group`
--

DROP TABLE IF EXISTS `schema_version_group`;
/*!40101 SET @saved_cs_client     = @@character_set_client */;
/*!40101 SET character_set_client = utf8 */;
CREATE TABLE `schema_version_group` (
  `version_rank` int(11) NOT NULL,
  `installed_rank` int(11) NOT NULL,
  `version` varchar(50) NOT NULL,
  `description` varchar(200) NOT NULL,
  `type` varchar(20) NOT NULL,
  `script` varchar(1000) NOT NULL,
  `checksum` int(11) DEFAULT NULL,
  `installed_by` varchar(100) NOT NULL,
  `installed_on` timestamp NOT NULL DEFAULT CURRENT_TIMESTAMP,
  `execution_time` int(11) NOT NULL,
  `success` tinyint(1) NOT NULL,
  PRIMARY KEY (`version`),
  KEY `SCHEMA_VERSION_GROUP_vr_idx` (`version_rank`),
  KEY `SCHEMA_VERSION_GROUP_ir_idx` (`installed_rank`),
  KEY `SCHEMA_VERSION_GROUP_s_idx` (`success`)
) ENGINE=InnoDB DEFAULT CHARSET=utf8;
/*!40101 SET character_set_client = @saved_cs_client */;

--
-- Dumping data for table `schema_version_group`
--

LOCK TABLES `schema_version_group` WRITE;
/*!40000 ALTER TABLE `schema_version_group` DISABLE KEYS */;
INSERT INTO `schema_version_group` VALUES (1,1,'0','<< Flyway Baseline >>','BASELINE','<< Flyway Baseline >>',NULL,'root','2016-08-06 09:07:20',0,1),(2,2,'0.0.0.1','group type','SQL','V0_0_0_1__group_type.sql',-385299985,'root','2016-08-06 09:07:20',20,1),(3,3,'0.0.0.2','group info','SQL','V0_0_0_2__group_info.sql',1680817743,'root','2016-08-06 09:07:20',27,1),(4,4,'0.0.0.3','group alias','SQL','V0_0_0_3__group_alias.sql',719723172,'root','2016-08-06 09:07:20',31,1),(5,5,'0.0.0.4','group relation','SQL','V0_0_0_4__group_relation.sql',-95611627,'root','2016-08-06 09:07:20',23,1),(6,6,'0.0.0.5','group member','SQL','V0_0_0_5__group_member.sql',-1845808079,'root','2016-08-06 09:07:20',37,1),(7,7,'0.0.0.6','group admin','SQL','V0_0_0_6__group_admin.sql',-1886904454,'root','2016-08-06 09:07:20',25,1);
/*!40000 ALTER TABLE `schema_version_group` ENABLE KEYS */;
UNLOCK TABLES;

--
-- Table structure for table `schema_version_humantask`
--

DROP TABLE IF EXISTS `schema_version_humantask`;
/*!40101 SET @saved_cs_client     = @@character_set_client */;
/*!40101 SET character_set_client = utf8 */;
CREATE TABLE `schema_version_humantask` (
  `version_rank` int(11) NOT NULL,
  `installed_rank` int(11) NOT NULL,
  `version` varchar(50) NOT NULL,
  `description` varchar(200) NOT NULL,
  `type` varchar(20) NOT NULL,
  `script` varchar(1000) NOT NULL,
  `checksum` int(11) DEFAULT NULL,
  `installed_by` varchar(100) NOT NULL,
  `installed_on` timestamp NOT NULL DEFAULT CURRENT_TIMESTAMP,
  `execution_time` int(11) NOT NULL,
  `success` tinyint(1) NOT NULL,
  PRIMARY KEY (`version`),
  KEY `SCHEMA_VERSION_HUMANTASK_vr_idx` (`version_rank`),
  KEY `SCHEMA_VERSION_HUMANTASK_ir_idx` (`installed_rank`),
  KEY `SCHEMA_VERSION_HUMANTASK_s_idx` (`success`)
) ENGINE=InnoDB DEFAULT CHARSET=utf8;
/*!40101 SET character_set_client = @saved_cs_client */;

--
-- Dumping data for table `schema_version_humantask`
--

LOCK TABLES `schema_version_humantask` WRITE;
/*!40000 ALTER TABLE `schema_version_humantask` DISABLE KEYS */;
INSERT INTO `schema_version_humantask` VALUES (1,1,'0','<< Flyway Baseline >>','BASELINE','<< Flyway Baseline >>',NULL,'root','2016-08-06 09:07:20',0,1),(2,2,'0.0.0.1','humantask','SQL','V0_0_0_1__humantask.sql',-942339138,'root','2016-08-06 09:07:20',24,1),(3,3,'0.0.0.2','participant','SQL','V0_0_0_2__participant.sql',1243109055,'root','2016-08-06 09:07:20',20,1),(4,4,'1.5.0.1','task info','SQL','V1_5_0_1__task_info.sql',972503896,'root','2016-08-06 09:07:21',33,1),(5,5,'1.5.0.2','task participant','SQL','V1_5_0_2__task_participant.sql',-116541113,'root','2016-08-06 09:07:21',19,1),(6,6,'1.6.0.1','task info','SQL','V1_6_0_1__task_info.sql',786076243,'root','2016-08-06 09:07:21',291,1),(15,15,'1.6.0.10','task log','SQL','V1_6_0_10__task_log.sql',20680185,'root','2016-08-06 09:07:21',34,1),(7,7,'1.6.0.2','task def base','SQL','V1_6_0_2__task_def_base.sql',-784319918,'root','2016-08-06 09:07:21',29,1),(8,8,'1.6.0.3','task def user','SQL','V1_6_0_3__task_def_user.sql',-1487383690,'root','2016-08-06 09:07:21',22,1),(9,9,'1.6.0.4','task def operation','SQL','V1_6_0_4__task_def_operation.sql',-1138866585,'root','2016-08-06 09:07:21',22,1),(10,10,'1.6.0.5','task def deadline','SQL','V1_6_0_5__task_def_deadline.sql',-996187211,'root','2016-08-06 09:07:21',30,1),(11,11,'1.6.0.6','task def escalation','SQL','V1_6_0_6__task_def_escalation.sql',209415707,'root','2016-08-06 09:07:21',20,1),(12,12,'1.6.0.7','task def notification','SQL','V1_6_0_7__task_def_notification.sql',682332800,'root','2016-08-06 09:07:21',32,1),(13,13,'1.6.0.8','task conf user','SQL','V1_6_0_8__task_conf_user.sql',1902307641,'root','2016-08-06 09:07:21',24,1),(14,14,'1.6.0.9','task deadline','SQL','V1_6_0_9__task_deadline.sql',1106351149,'root','2016-08-06 09:07:21',26,1),(16,16,'1.7.0.1','task info','SQL','V1_7_0_1__task_info.sql',-509512988,'root','2016-08-06 09:07:22',249,1),(17,17,'1.7.0.2','task def base','SQL','V1_7_0_2__task_def_base.sql',1462056070,'root','2016-08-06 09:07:22',81,1),(18,18,'1.7.1.1','task def user','SQL','V1_7_1_1__task_def_user.sql',-2034273118,'root','2016-08-06 09:07:22',42,1);
/*!40000 ALTER TABLE `schema_version_humantask` ENABLE KEYS */;
UNLOCK TABLES;

--
-- Table structure for table `schema_version_inventory`
--

DROP TABLE IF EXISTS `schema_version_inventory`;
/*!40101 SET @saved_cs_client     = @@character_set_client */;
/*!40101 SET character_set_client = utf8 */;
CREATE TABLE `schema_version_inventory` (
  `version_rank` int(11) NOT NULL,
  `installed_rank` int(11) NOT NULL,
  `version` varchar(50) NOT NULL,
  `description` varchar(200) NOT NULL,
  `type` varchar(20) NOT NULL,
  `script` varchar(1000) NOT NULL,
  `checksum` int(11) DEFAULT NULL,
  `installed_by` varchar(100) NOT NULL,
  `installed_on` timestamp NOT NULL DEFAULT CURRENT_TIMESTAMP,
  `execution_time` int(11) NOT NULL,
  `success` tinyint(1) NOT NULL,
  PRIMARY KEY (`version`),
  KEY `SCHEMA_VERSION_INVENTORY_vr_idx` (`version_rank`),
  KEY `SCHEMA_VERSION_INVENTORY_ir_idx` (`installed_rank`),
  KEY `SCHEMA_VERSION_INVENTORY_s_idx` (`success`)
) ENGINE=InnoDB DEFAULT CHARSET=utf8;
/*!40101 SET character_set_client = @saved_cs_client */;

--
-- Dumping data for table `schema_version_inventory`
--

LOCK TABLES `schema_version_inventory` WRITE;
/*!40000 ALTER TABLE `schema_version_inventory` DISABLE KEYS */;
INSERT INTO `schema_version_inventory` VALUES (1,1,'0','<< Flyway Baseline >>','BASELINE','<< Flyway Baseline >>',NULL,'root','2016-08-06 09:07:26',0,1),(2,2,'0.0.0.1','inventory info','SQL','V0_0_0_1__inventory_info.sql',178383650,'root','2016-08-06 09:07:26',28,1);
/*!40000 ALTER TABLE `schema_version_inventory` ENABLE KEYS */;
UNLOCK TABLES;

--
-- Table structure for table `schema_version_javamail`
--

DROP TABLE IF EXISTS `schema_version_javamail`;
/*!40101 SET @saved_cs_client     = @@character_set_client */;
/*!40101 SET character_set_client = utf8 */;
CREATE TABLE `schema_version_javamail` (
  `version_rank` int(11) NOT NULL,
  `installed_rank` int(11) NOT NULL,
  `version` varchar(50) NOT NULL,
  `description` varchar(200) NOT NULL,
  `type` varchar(20) NOT NULL,
  `script` varchar(1000) NOT NULL,
  `checksum` int(11) DEFAULT NULL,
  `installed_by` varchar(100) NOT NULL,
  `installed_on` timestamp NOT NULL DEFAULT CURRENT_TIMESTAMP,
  `execution_time` int(11) NOT NULL,
  `success` tinyint(1) NOT NULL,
  PRIMARY KEY (`version`),
  KEY `SCHEMA_VERSION_JAVAMAIL_vr_idx` (`version_rank`),
  KEY `SCHEMA_VERSION_JAVAMAIL_ir_idx` (`installed_rank`),
  KEY `SCHEMA_VERSION_JAVAMAIL_s_idx` (`success`)
) ENGINE=InnoDB DEFAULT CHARSET=utf8;
/*!40101 SET character_set_client = @saved_cs_client */;

--
-- Dumping data for table `schema_version_javamail`
--

LOCK TABLES `schema_version_javamail` WRITE;
/*!40000 ALTER TABLE `schema_version_javamail` DISABLE KEYS */;
INSERT INTO `schema_version_javamail` VALUES (1,1,'0','<< Flyway Baseline >>','BASELINE','<< Flyway Baseline >>',NULL,'root','2016-08-06 09:07:26',0,1),(2,2,'0.0.0.1','javamail config','SQL','V0_0_0_1__javamail_config.sql',469715651,'root','2016-08-06 09:07:26',24,1),(3,3,'0.0.0.2','javamail message','SQL','V0_0_0_2__javamail_message.sql',-831422996,'root','2016-08-06 09:07:26',27,1),(4,4,'0.0.0.3','javamail attachment','SQL','V0_0_0_3__javamail_attachment.sql',1607137089,'root','2016-08-06 09:07:26',19,1);
/*!40000 ALTER TABLE `schema_version_javamail` ENABLE KEYS */;
UNLOCK TABLES;

--
-- Table structure for table `schema_version_keyvalue`
--

DROP TABLE IF EXISTS `schema_version_keyvalue`;
/*!40101 SET @saved_cs_client     = @@character_set_client */;
/*!40101 SET character_set_client = utf8 */;
CREATE TABLE `schema_version_keyvalue` (
  `version_rank` int(11) NOT NULL,
  `installed_rank` int(11) NOT NULL,
  `version` varchar(50) NOT NULL,
  `description` varchar(200) NOT NULL,
  `type` varchar(20) NOT NULL,
  `script` varchar(1000) NOT NULL,
  `checksum` int(11) DEFAULT NULL,
  `installed_by` varchar(100) NOT NULL,
  `installed_on` timestamp NOT NULL DEFAULT CURRENT_TIMESTAMP,
  `execution_time` int(11) NOT NULL,
  `success` tinyint(1) NOT NULL,
  PRIMARY KEY (`version`),
  KEY `SCHEMA_VERSION_KEYVALUE_vr_idx` (`version_rank`),
  KEY `SCHEMA_VERSION_KEYVALUE_ir_idx` (`installed_rank`),
  KEY `SCHEMA_VERSION_KEYVALUE_s_idx` (`success`)
) ENGINE=InnoDB DEFAULT CHARSET=utf8;
/*!40101 SET character_set_client = @saved_cs_client */;

--
-- Dumping data for table `schema_version_keyvalue`
--

LOCK TABLES `schema_version_keyvalue` WRITE;
/*!40000 ALTER TABLE `schema_version_keyvalue` DISABLE KEYS */;
INSERT INTO `schema_version_keyvalue` VALUES (1,1,'0','<< Flyway Baseline >>','BASELINE','<< Flyway Baseline >>',NULL,'root','2016-08-06 09:07:27',0,1),(2,2,'0.0.0.1','kv record','SQL','V0_0_0_1__kv_record.sql',427876074,'root','2016-08-06 09:07:27',31,1),(3,3,'0.0.0.2','kv prop','SQL','V0_0_0_2__kv_prop.sql',-543699534,'root','2016-08-06 09:07:27',26,1);
/*!40000 ALTER TABLE `schema_version_keyvalue` ENABLE KEYS */;
UNLOCK TABLES;

--
-- Table structure for table `schema_version_leave`
--

DROP TABLE IF EXISTS `schema_version_leave`;
/*!40101 SET @saved_cs_client     = @@character_set_client */;
/*!40101 SET character_set_client = utf8 */;
CREATE TABLE `schema_version_leave` (
  `version_rank` int(11) NOT NULL,
  `installed_rank` int(11) NOT NULL,
  `version` varchar(50) NOT NULL,
  `description` varchar(200) NOT NULL,
  `type` varchar(20) NOT NULL,
  `script` varchar(1000) NOT NULL,
  `checksum` int(11) DEFAULT NULL,
  `installed_by` varchar(100) NOT NULL,
  `installed_on` timestamp NOT NULL DEFAULT CURRENT_TIMESTAMP,
  `execution_time` int(11) NOT NULL,
  `success` tinyint(1) NOT NULL,
  PRIMARY KEY (`version`),
  KEY `SCHEMA_VERSION_LEAVE_vr_idx` (`version_rank`),
  KEY `SCHEMA_VERSION_LEAVE_ir_idx` (`installed_rank`),
  KEY `SCHEMA_VERSION_LEAVE_s_idx` (`success`)
) ENGINE=InnoDB DEFAULT CHARSET=utf8;
/*!40101 SET character_set_client = @saved_cs_client */;

--
-- Dumping data for table `schema_version_leave`
--

LOCK TABLES `schema_version_leave` WRITE;
/*!40000 ALTER TABLE `schema_version_leave` DISABLE KEYS */;
INSERT INTO `schema_version_leave` VALUES (1,1,'0','<< Flyway Baseline >>','BASELINE','<< Flyway Baseline >>',NULL,'root','2016-08-06 09:07:27',0,1),(2,2,'0.0.0.1','Leave info','SQL','V0_0_0_1__Leave_info.sql',-1949518536,'root','2016-08-06 09:07:27',18,1);
/*!40000 ALTER TABLE `schema_version_leave` ENABLE KEYS */;
UNLOCK TABLES;

--
-- Table structure for table `schema_version_meeting`
--

DROP TABLE IF EXISTS `schema_version_meeting`;
/*!40101 SET @saved_cs_client     = @@character_set_client */;
/*!40101 SET character_set_client = utf8 */;
CREATE TABLE `schema_version_meeting` (
  `version_rank` int(11) NOT NULL,
  `installed_rank` int(11) NOT NULL,
  `version` varchar(50) NOT NULL,
  `description` varchar(200) NOT NULL,
  `type` varchar(20) NOT NULL,
  `script` varchar(1000) NOT NULL,
  `checksum` int(11) DEFAULT NULL,
  `installed_by` varchar(100) NOT NULL,
  `installed_on` timestamp NOT NULL DEFAULT CURRENT_TIMESTAMP,
  `execution_time` int(11) NOT NULL,
  `success` tinyint(1) NOT NULL,
  PRIMARY KEY (`version`),
  KEY `SCHEMA_VERSION_MEETING_vr_idx` (`version_rank`),
  KEY `SCHEMA_VERSION_MEETING_ir_idx` (`installed_rank`),
  KEY `SCHEMA_VERSION_MEETING_s_idx` (`success`)
) ENGINE=InnoDB DEFAULT CHARSET=utf8;
/*!40101 SET character_set_client = @saved_cs_client */;

--
-- Dumping data for table `schema_version_meeting`
--

LOCK TABLES `schema_version_meeting` WRITE;
/*!40000 ALTER TABLE `schema_version_meeting` DISABLE KEYS */;
INSERT INTO `schema_version_meeting` VALUES (1,1,'0','<< Flyway Baseline >>','BASELINE','<< Flyway Baseline >>',NULL,'root','2016-08-06 09:07:27',0,1),(2,2,'0.0.0.1','meeting room','SQL','V0_0_0_1__meeting_room.sql',-1573587360,'root','2016-08-06 09:07:27',23,1),(3,3,'0.0.0.2','meeting info','SQL','V0_0_0_2__meeting_info.sql',1066065240,'root','2016-08-06 09:07:28',28,1),(4,4,'0.0.0.3','meeting attendee','SQL','V0_0_0_3__meeting_attendee.sql',-806551611,'root','2016-08-06 09:07:28',17,1),(5,5,'0.0.0.4','meeting item','SQL','V0_0_0_4__meeting_item.sql',-693595609,'root','2016-08-06 09:07:28',29,1);
/*!40000 ALTER TABLE `schema_version_meeting` ENABLE KEYS */;
UNLOCK TABLES;

--
-- Table structure for table `schema_version_model`
--

DROP TABLE IF EXISTS `schema_version_model`;
/*!40101 SET @saved_cs_client     = @@character_set_client */;
/*!40101 SET character_set_client = utf8 */;
CREATE TABLE `schema_version_model` (
  `version_rank` int(11) NOT NULL,
  `installed_rank` int(11) NOT NULL,
  `version` varchar(50) NOT NULL,
  `description` varchar(200) NOT NULL,
  `type` varchar(20) NOT NULL,
  `script` varchar(1000) NOT NULL,
  `checksum` int(11) DEFAULT NULL,
  `installed_by` varchar(100) NOT NULL,
  `installed_on` timestamp NOT NULL DEFAULT CURRENT_TIMESTAMP,
  `execution_time` int(11) NOT NULL,
  `success` tinyint(1) NOT NULL,
  PRIMARY KEY (`version`),
  KEY `SCHEMA_VERSION_MODEL_vr_idx` (`version_rank`),
  KEY `SCHEMA_VERSION_MODEL_ir_idx` (`installed_rank`),
  KEY `SCHEMA_VERSION_MODEL_s_idx` (`success`)
) ENGINE=InnoDB DEFAULT CHARSET=utf8;
/*!40101 SET character_set_client = @saved_cs_client */;

--
-- Dumping data for table `schema_version_model`
--

LOCK TABLES `schema_version_model` WRITE;
/*!40000 ALTER TABLE `schema_version_model` DISABLE KEYS */;
INSERT INTO `schema_version_model` VALUES (1,1,'0','<< Flyway Baseline >>','BASELINE','<< Flyway Baseline >>',NULL,'root','2016-08-06 09:07:28',0,1),(2,2,'0.0.0.1','model info','SQL','V0_0_0_1__model_info.sql',1712153431,'root','2016-08-06 09:07:28',27,1),(3,3,'0.0.0.2','model field','SQL','V0_0_0_2__model_field.sql',123598629,'root','2016-08-06 09:07:28',18,1);
/*!40000 ALTER TABLE `schema_version_model` ENABLE KEYS */;
UNLOCK TABLES;

--
-- Table structure for table `schema_version_msg`
--

DROP TABLE IF EXISTS `schema_version_msg`;
/*!40101 SET @saved_cs_client     = @@character_set_client */;
/*!40101 SET character_set_client = utf8 */;
CREATE TABLE `schema_version_msg` (
  `version_rank` int(11) NOT NULL,
  `installed_rank` int(11) NOT NULL,
  `version` varchar(50) NOT NULL,
  `description` varchar(200) NOT NULL,
  `type` varchar(20) NOT NULL,
  `script` varchar(1000) NOT NULL,
  `checksum` int(11) DEFAULT NULL,
  `installed_by` varchar(100) NOT NULL,
  `installed_on` timestamp NOT NULL DEFAULT CURRENT_TIMESTAMP,
  `execution_time` int(11) NOT NULL,
  `success` tinyint(1) NOT NULL,
  PRIMARY KEY (`version`),
  KEY `SCHEMA_VERSION_MSG_vr_idx` (`version_rank`),
  KEY `SCHEMA_VERSION_MSG_ir_idx` (`installed_rank`),
  KEY `SCHEMA_VERSION_MSG_s_idx` (`success`)
) ENGINE=InnoDB DEFAULT CHARSET=utf8;
/*!40101 SET character_set_client = @saved_cs_client */;

--
-- Dumping data for table `schema_version_msg`
--

LOCK TABLES `schema_version_msg` WRITE;
/*!40000 ALTER TABLE `schema_version_msg` DISABLE KEYS */;
INSERT INTO `schema_version_msg` VALUES (1,1,'0','<< Flyway Baseline >>','BASELINE','<< Flyway Baseline >>',NULL,'root','2016-08-06 09:07:28',0,1),(2,2,'0.0.1','msg info','SQL','V0_0_1__msg_info.sql',-2111375862,'root','2016-08-06 09:07:28',16,1),(3,3,'1.6.0.1','tenant','SQL','V1_6_0_1__tenant.sql',-522780915,'root','2016-08-06 09:07:28',47,1),(4,4,'1.7.0.1','data','SQL','V1_7_0_1__data.sql',-1787655498,'root','2016-08-06 09:07:28',34,1);
/*!40000 ALTER TABLE `schema_version_msg` ENABLE KEYS */;
UNLOCK TABLES;

--
-- Table structure for table `schema_version_officesupply`
--

DROP TABLE IF EXISTS `schema_version_officesupply`;
/*!40101 SET @saved_cs_client     = @@character_set_client */;
/*!40101 SET character_set_client = utf8 */;
CREATE TABLE `schema_version_officesupply` (
  `version_rank` int(11) NOT NULL,
  `installed_rank` int(11) NOT NULL,
  `version` varchar(50) NOT NULL,
  `description` varchar(200) NOT NULL,
  `type` varchar(20) NOT NULL,
  `script` varchar(1000) NOT NULL,
  `checksum` int(11) DEFAULT NULL,
  `installed_by` varchar(100) NOT NULL,
  `installed_on` timestamp NOT NULL DEFAULT CURRENT_TIMESTAMP,
  `execution_time` int(11) NOT NULL,
  `success` tinyint(1) NOT NULL,
  PRIMARY KEY (`version`),
  KEY `SCHEMA_VERSION_OFFICESUPPLY_vr_idx` (`version_rank`),
  KEY `SCHEMA_VERSION_OFFICESUPPLY_ir_idx` (`installed_rank`),
  KEY `SCHEMA_VERSION_OFFICESUPPLY_s_idx` (`success`)
) ENGINE=InnoDB DEFAULT CHARSET=utf8;
/*!40101 SET character_set_client = @saved_cs_client */;

--
-- Dumping data for table `schema_version_officesupply`
--

LOCK TABLES `schema_version_officesupply` WRITE;
/*!40000 ALTER TABLE `schema_version_officesupply` DISABLE KEYS */;
INSERT INTO `schema_version_officesupply` VALUES (1,1,'0','<< Flyway Baseline >>','BASELINE','<< Flyway Baseline >>',NULL,'root','2016-08-06 09:07:28',0,1),(2,2,'0.0.0.1','officesupply info','SQL','V0_0_0_1__officesupply_info.sql',-1016774324,'root','2016-08-06 09:07:29',28,1),(3,3,'0.0.0.2','officesupply receive','SQL','V0_0_0_2__officesupply_receive.sql',-717792194,'root','2016-08-06 09:07:29',21,1);
/*!40000 ALTER TABLE `schema_version_officesupply` ENABLE KEYS */;
UNLOCK TABLES;

--
-- Table structure for table `schema_version_org`
--

DROP TABLE IF EXISTS `schema_version_org`;
/*!40101 SET @saved_cs_client     = @@character_set_client */;
/*!40101 SET character_set_client = utf8 */;
CREATE TABLE `schema_version_org` (
  `version_rank` int(11) NOT NULL,
  `installed_rank` int(11) NOT NULL,
  `version` varchar(50) NOT NULL,
  `description` varchar(200) NOT NULL,
  `type` varchar(20) NOT NULL,
  `script` varchar(1000) NOT NULL,
  `checksum` int(11) DEFAULT NULL,
  `installed_by` varchar(100) NOT NULL,
  `installed_on` timestamp NOT NULL DEFAULT CURRENT_TIMESTAMP,
  `execution_time` int(11) NOT NULL,
  `success` tinyint(1) NOT NULL,
  PRIMARY KEY (`version`),
  KEY `SCHEMA_VERSION_ORG_vr_idx` (`version_rank`),
  KEY `SCHEMA_VERSION_ORG_ir_idx` (`installed_rank`),
  KEY `SCHEMA_VERSION_ORG_s_idx` (`success`)
) ENGINE=InnoDB DEFAULT CHARSET=utf8;
/*!40101 SET character_set_client = @saved_cs_client */;

--
-- Dumping data for table `schema_version_org`
--

LOCK TABLES `schema_version_org` WRITE;
/*!40000 ALTER TABLE `schema_version_org` DISABLE KEYS */;
INSERT INTO `schema_version_org` VALUES (1,1,'0','<< Flyway Baseline >>','BASELINE','<< Flyway Baseline >>',NULL,'root','2016-08-06 09:07:29',0,1),(2,2,'0.0.1','org company','SQL','V0_0_1__org_company.sql',1410709027,'root','2016-08-06 09:07:29',16,1),(3,3,'0.0.2','org department','SQL','V0_0_2__org_department.sql',1742708419,'root','2016-08-06 09:07:29',28,1),(4,4,'1.0.1.1','job grade','SQL','V1_0_1_1__job_grade.sql',1276186479,'root','2016-08-06 09:07:29',23,1),(5,5,'1.0.1.2','job level','SQL','V1_0_1_2__job_level.sql',-1172239075,'root','2016-08-06 09:07:29',18,1),(6,6,'1.0.1.3','job type','SQL','V1_0_1_3__job_type.sql',127982197,'root','2016-08-06 09:07:29',31,1),(7,7,'1.0.1.4','job title','SQL','V1_0_1_4__job_title.sql',1603966155,'root','2016-08-06 09:07:29',20,1),(8,8,'1.0.1.5','job info','SQL','V1_0_1_5__job_info.sql',2044978812,'root','2016-08-06 09:07:29',34,1),(9,9,'1.0.1.6','job user','SQL','V1_0_1_6__job_user.sql',-1217198940,'root','2016-08-06 09:07:29',32,1),(10,10,'1.3.0.1','job','SQL','V1_3_0_1__job.sql',-1856902805,'root','2016-08-06 09:07:29',83,1),(11,11,'1.6.0.1','tenant','SQL','V1_6_0_1__tenant.sql',129130939,'root','2016-08-06 09:07:30',405,1);
/*!40000 ALTER TABLE `schema_version_org` ENABLE KEYS */;
UNLOCK TABLES;

--
-- Table structure for table `schema_version_party`
--

DROP TABLE IF EXISTS `schema_version_party`;
/*!40101 SET @saved_cs_client     = @@character_set_client */;
/*!40101 SET character_set_client = utf8 */;
CREATE TABLE `schema_version_party` (
  `version_rank` int(11) NOT NULL,
  `installed_rank` int(11) NOT NULL,
  `version` varchar(50) NOT NULL,
  `description` varchar(200) NOT NULL,
  `type` varchar(20) NOT NULL,
  `script` varchar(1000) NOT NULL,
  `checksum` int(11) DEFAULT NULL,
  `installed_by` varchar(100) NOT NULL,
  `installed_on` timestamp NOT NULL DEFAULT CURRENT_TIMESTAMP,
  `execution_time` int(11) NOT NULL,
  `success` tinyint(1) NOT NULL,
  PRIMARY KEY (`version`),
  KEY `SCHEMA_VERSION_PARTY_vr_idx` (`version_rank`),
  KEY `SCHEMA_VERSION_PARTY_ir_idx` (`installed_rank`),
  KEY `SCHEMA_VERSION_PARTY_s_idx` (`success`)
) ENGINE=InnoDB DEFAULT CHARSET=utf8;
/*!40101 SET character_set_client = @saved_cs_client */;

--
-- Dumping data for table `schema_version_party`
--

LOCK TABLES `schema_version_party` WRITE;
/*!40000 ALTER TABLE `schema_version_party` DISABLE KEYS */;
INSERT INTO `schema_version_party` VALUES (1,1,'0','<< Flyway Baseline >>','BASELINE','<< Flyway Baseline >>',NULL,'root','2016-08-06 09:07:30',0,1),(2,2,'0.0.1','party type','SQL','V0_0_1__party_type.sql',-267211797,'root','2016-08-06 09:07:30',24,1),(3,3,'0.0.2','party entity','SQL','V0_0_2__party_entity.sql',-1775118558,'root','2016-08-06 09:07:30',78,1),(4,4,'0.0.3','party dim','SQL','V0_0_3__party_dim.sql',1879905857,'root','2016-08-06 09:07:31',21,1),(5,5,'0.0.4','party struct type','SQL','V0_0_4__party_struct_type.sql',103450412,'root','2016-08-06 09:07:31',33,1),(6,6,'0.0.5','party struct rule','SQL','V0_0_5__party_struct_rule.sql',1948309612,'root','2016-08-06 09:07:31',22,1),(7,7,'0.0.6','party struct','SQL','V0_0_6__party_struct.sql',663973242,'root','2016-08-06 09:07:31',37,1),(8,8,'0.0.7','party dim root','SQL','V0_0_7__party_dim_root.sql',-1788130381,'root','2016-08-06 09:07:31',35,1),(9,9,'1.0.1.2','party type','SQL','V1_0_1_2__party_type.sql',-881395941,'root','2016-08-06 09:07:31',167,1),(10,10,'1.0.1.3','party dim root','SQL','V1_0_1_3__party_dim_root.sql',-1545605772,'root','2016-08-06 09:07:31',22,1),(11,11,'1.0.1.4','party struct','SQL','V1_0_1_4__party_struct.sql',405883584,'root','2016-08-06 09:07:32',729,1),(12,12,'1.0.1.5','party struct type','SQL','V1_0_1_5__party_struct_type.sql',-2041823563,'root','2016-08-06 09:07:32',82,1),(13,13,'1.0.1.6','party struct rule','SQL','V1_0_1_6__party_struct_rule.sql',-643578369,'root','2016-08-06 09:07:32',434,1),(14,14,'1.0.1.7','party dim','SQL','V1_0_1_7__party_dim.sql',-77947696,'root','2016-08-06 09:07:32',12,1),(15,15,'1.3.0.1','party entity','SQL','V1_3_0_1__party_entity.sql',-462907382,'root','2016-08-06 09:07:32',61,1),(16,16,'1.6.0.1','tenant','SQL','V1_6_0_1__tenant.sql',-325523786,'root','2016-08-06 09:07:33',277,1);
/*!40000 ALTER TABLE `schema_version_party` ENABLE KEYS */;
UNLOCK TABLES;

--
-- Table structure for table `schema_version_performance`
--

DROP TABLE IF EXISTS `schema_version_performance`;
/*!40101 SET @saved_cs_client     = @@character_set_client */;
/*!40101 SET character_set_client = utf8 */;
CREATE TABLE `schema_version_performance` (
  `version_rank` int(11) NOT NULL,
  `installed_rank` int(11) NOT NULL,
  `version` varchar(50) NOT NULL,
  `description` varchar(200) NOT NULL,
  `type` varchar(20) NOT NULL,
  `script` varchar(1000) NOT NULL,
  `checksum` int(11) DEFAULT NULL,
  `installed_by` varchar(100) NOT NULL,
  `installed_on` timestamp NOT NULL DEFAULT CURRENT_TIMESTAMP,
  `execution_time` int(11) NOT NULL,
  `success` tinyint(1) NOT NULL,
  PRIMARY KEY (`version`),
  KEY `SCHEMA_VERSION_PERFORMANCE_vr_idx` (`version_rank`),
  KEY `SCHEMA_VERSION_PERFORMANCE_ir_idx` (`installed_rank`),
  KEY `SCHEMA_VERSION_PERFORMANCE_s_idx` (`success`)
) ENGINE=InnoDB DEFAULT CHARSET=utf8;
/*!40101 SET character_set_client = @saved_cs_client */;

--
-- Dumping data for table `schema_version_performance`
--

LOCK TABLES `schema_version_performance` WRITE;
/*!40000 ALTER TABLE `schema_version_performance` DISABLE KEYS */;
INSERT INTO `schema_version_performance` VALUES (1,1,'0','<< Flyway Baseline >>','BASELINE','<< Flyway Baseline >>',NULL,'root','2016-08-06 09:07:33',0,1),(2,2,'0.0.0.1','performance info','SQL','V0_0_0_1__performance_info.sql',133887281,'root','2016-08-06 09:07:33',20,1);
/*!40000 ALTER TABLE `schema_version_performance` ENABLE KEYS */;
UNLOCK TABLES;

--
-- Table structure for table `schema_version_pim`
--

DROP TABLE IF EXISTS `schema_version_pim`;
/*!40101 SET @saved_cs_client     = @@character_set_client */;
/*!40101 SET character_set_client = utf8 */;
CREATE TABLE `schema_version_pim` (
  `version_rank` int(11) NOT NULL,
  `installed_rank` int(11) NOT NULL,
  `version` varchar(50) NOT NULL,
  `description` varchar(200) NOT NULL,
  `type` varchar(20) NOT NULL,
  `script` varchar(1000) NOT NULL,
  `checksum` int(11) DEFAULT NULL,
  `installed_by` varchar(100) NOT NULL,
  `installed_on` timestamp NOT NULL DEFAULT CURRENT_TIMESTAMP,
  `execution_time` int(11) NOT NULL,
  `success` tinyint(1) NOT NULL,
  PRIMARY KEY (`version`),
  KEY `SCHEMA_VERSION_PIM_vr_idx` (`version_rank`),
  KEY `SCHEMA_VERSION_PIM_ir_idx` (`installed_rank`),
  KEY `SCHEMA_VERSION_PIM_s_idx` (`success`)
) ENGINE=InnoDB DEFAULT CHARSET=utf8;
/*!40101 SET character_set_client = @saved_cs_client */;

--
-- Dumping data for table `schema_version_pim`
--

LOCK TABLES `schema_version_pim` WRITE;
/*!40000 ALTER TABLE `schema_version_pim` DISABLE KEYS */;
INSERT INTO `schema_version_pim` VALUES (1,1,'0','<< Flyway Baseline >>','BASELINE','<< Flyway Baseline >>',NULL,'root','2016-08-06 09:07:34',0,1),(2,2,'0.0.1','pim info','SQL','V0_0_1__pim_info.sql',435166978,'root','2016-08-06 09:07:34',17,1),(3,3,'0.0.2','pim schedule','SQL','V0_0_2__pim_schedule.sql',-2026731659,'root','2016-08-06 09:07:34',30,1),(4,4,'0.0.3','pim schedule participant','SQL','V0_0_3__pim_schedule_participant.sql',1004138041,'root','2016-08-06 09:07:34',24,1),(5,5,'1.6.0.1','tenant','SQL','V1_6_0_1__tenant.sql',-1785861192,'root','2016-08-06 09:07:34',159,1),(6,6,'1.6.0.2','pim note','SQL','V1_6_0_2__pim_note.sql',2108190187,'root','2016-08-06 09:07:34',27,1),(7,7,'1.6.0.3','work report info','SQL','V1_6_0_3__work_report_info.sql',850625393,'root','2016-08-06 09:07:34',18,1),(8,8,'1.6.0.4','work report attachment','SQL','V1_6_0_4__work_report_attachment.sql',-613935685,'root','2016-08-06 09:07:34',22,1),(9,9,'1.6.0.5','work report acl','SQL','V1_6_0_5__work_report_acl.sql',1472733337,'root','2016-08-06 09:07:34',29,1),(10,10,'1.6.0.6','pim favorite','SQL','V1_6_0_6__pim_favorite.sql',1058949705,'root','2016-08-06 09:07:34',18,1),(11,11,'1.6.0.7','pim device','SQL','V1_6_0_7__pim_device.sql',-1853127305,'root','2016-08-06 09:07:34',28,1),(12,12,'1.7.0.1','pim remind','SQL','V1_7_0_1__pim_remind.sql',448727599,'root','2016-08-06 09:07:34',21,1),(13,13,'1.7.0.2','pim phrase','SQL','V1_7_0_2__pim_phrase.sql',-1651859394,'root','2016-08-06 09:07:34',18,1),(14,14,'1.7.0.3','pim info','SQL','V1_7_0_3__pim_info.sql',1024923075,'root','2016-08-06 09:07:34',158,1),(15,15,'1.7.0.4','pim note','SQL','V1_7_0_4__pim_note.sql',666499915,'root','2016-08-06 09:07:35',112,1);
/*!40000 ALTER TABLE `schema_version_pim` ENABLE KEYS */;
UNLOCK TABLES;

--
-- Table structure for table `schema_version_plm`
--

DROP TABLE IF EXISTS `schema_version_plm`;
/*!40101 SET @saved_cs_client     = @@character_set_client */;
/*!40101 SET character_set_client = utf8 */;
CREATE TABLE `schema_version_plm` (
  `version_rank` int(11) NOT NULL,
  `installed_rank` int(11) NOT NULL,
  `version` varchar(50) NOT NULL,
  `description` varchar(200) NOT NULL,
  `type` varchar(20) NOT NULL,
  `script` varchar(1000) NOT NULL,
  `checksum` int(11) DEFAULT NULL,
  `installed_by` varchar(100) NOT NULL,
  `installed_on` timestamp NOT NULL DEFAULT CURRENT_TIMESTAMP,
  `execution_time` int(11) NOT NULL,
  `success` tinyint(1) NOT NULL,
  PRIMARY KEY (`version`),
  KEY `SCHEMA_VERSION_PLM_vr_idx` (`version_rank`),
  KEY `SCHEMA_VERSION_PLM_ir_idx` (`installed_rank`),
  KEY `SCHEMA_VERSION_PLM_s_idx` (`success`)
) ENGINE=InnoDB DEFAULT CHARSET=utf8;
/*!40101 SET character_set_client = @saved_cs_client */;

--
-- Dumping data for table `schema_version_plm`
--

LOCK TABLES `schema_version_plm` WRITE;
/*!40000 ALTER TABLE `schema_version_plm` DISABLE KEYS */;
INSERT INTO `schema_version_plm` VALUES (1,1,'0','<< Flyway Baseline >>','BASELINE','<< Flyway Baseline >>',NULL,'root','2016-08-06 09:07:35',0,1),(2,2,'0.0.0.1','plm category','SQL','V0_0_0_1__plm_category.sql',-507658774,'root','2016-08-06 09:07:35',23,1),(11,11,'0.0.0.10','plm log','SQL','V0_0_0_10__plm_log.sql',773003107,'root','2016-08-06 09:07:36',28,1),(12,12,'0.0.0.11','plm issue component','SQL','V0_0_0_11__plm_issue_component.sql',-613318287,'root','2016-08-06 09:07:36',22,1),(13,13,'0.0.0.12','plm issue version','SQL','V0_0_0_12__plm_issue_version.sql',209208832,'root','2016-08-06 09:07:36',29,1),(3,3,'0.0.0.2','plm project','SQL','V0_0_0_2__plm_project.sql',-1666216209,'root','2016-08-06 09:07:35',28,1),(4,4,'0.0.0.3','plm component','SQL','V0_0_0_3__plm_component.sql',1884853612,'root','2016-08-06 09:07:35',32,1),(5,5,'0.0.0.4','plm version','SQL','V0_0_0_4__plm_version.sql',1038264641,'root','2016-08-06 09:07:35',38,1),(6,6,'0.0.0.5','plm config','SQL','V0_0_0_5__plm_config.sql',-987805801,'root','2016-08-06 09:07:35',32,1),(7,7,'0.0.0.6','plm step','SQL','V0_0_0_6__plm_step.sql',-456525314,'root','2016-08-06 09:07:35',27,1),(8,8,'0.0.0.7','plm sprint','SQL','V0_0_0_7__plm_sprint.sql',1063439256,'root','2016-08-06 09:07:35',28,1),(9,9,'0.0.0.8','plm issue','SQL','V0_0_0_8__plm_issue.sql',-1654539969,'root','2016-08-06 09:07:35',34,1),(10,10,'0.0.0.9','plm comment','SQL','V0_0_0_9__plm_comment.sql',346785765,'root','2016-08-06 09:07:36',20,1);
/*!40000 ALTER TABLE `schema_version_plm` ENABLE KEYS */;
UNLOCK TABLES;

--
-- Table structure for table `schema_version_portal`
--

DROP TABLE IF EXISTS `schema_version_portal`;
/*!40101 SET @saved_cs_client     = @@character_set_client */;
/*!40101 SET character_set_client = utf8 */;
CREATE TABLE `schema_version_portal` (
  `version_rank` int(11) NOT NULL,
  `installed_rank` int(11) NOT NULL,
  `version` varchar(50) NOT NULL,
  `description` varchar(200) NOT NULL,
  `type` varchar(20) NOT NULL,
  `script` varchar(1000) NOT NULL,
  `checksum` int(11) DEFAULT NULL,
  `installed_by` varchar(100) NOT NULL,
  `installed_on` timestamp NOT NULL DEFAULT CURRENT_TIMESTAMP,
  `execution_time` int(11) NOT NULL,
  `success` tinyint(1) NOT NULL,
  PRIMARY KEY (`version`),
  KEY `SCHEMA_VERSION_PORTAL_vr_idx` (`version_rank`),
  KEY `SCHEMA_VERSION_PORTAL_ir_idx` (`installed_rank`),
  KEY `SCHEMA_VERSION_PORTAL_s_idx` (`success`)
) ENGINE=InnoDB DEFAULT CHARSET=utf8;
/*!40101 SET character_set_client = @saved_cs_client */;

--
-- Dumping data for table `schema_version_portal`
--

LOCK TABLES `schema_version_portal` WRITE;
/*!40000 ALTER TABLE `schema_version_portal` DISABLE KEYS */;
INSERT INTO `schema_version_portal` VALUES (1,1,'0','<< Flyway Baseline >>','BASELINE','<< Flyway Baseline >>',NULL,'root','2016-08-06 09:07:36',0,1),(2,2,'0.0.0.1','portal widget','SQL','V0_0_0_1__portal_widget.sql',1045815725,'root','2016-08-06 09:07:36',27,1),(3,3,'0.0.0.2','portal info','SQL','V0_0_0_2__portal_info.sql',-2071899877,'root','2016-08-06 09:07:36',18,1),(4,4,'0.0.0.3','portal item','SQL','V0_0_0_3__portal_item.sql',-849249980,'root','2016-08-06 09:07:36',30,1),(5,5,'0.0.0.4','portal ref','SQL','V0_0_0_4__portal_ref.sql',-1146006306,'root','2016-08-06 09:07:37',27,1);
/*!40000 ALTER TABLE `schema_version_portal` ENABLE KEYS */;
UNLOCK TABLES;

--
-- Table structure for table `schema_version_product`
--

DROP TABLE IF EXISTS `schema_version_product`;
/*!40101 SET @saved_cs_client     = @@character_set_client */;
/*!40101 SET character_set_client = utf8 */;
CREATE TABLE `schema_version_product` (
  `version_rank` int(11) NOT NULL,
  `installed_rank` int(11) NOT NULL,
  `version` varchar(50) NOT NULL,
  `description` varchar(200) NOT NULL,
  `type` varchar(20) NOT NULL,
  `script` varchar(1000) NOT NULL,
  `checksum` int(11) DEFAULT NULL,
  `installed_by` varchar(100) NOT NULL,
  `installed_on` timestamp NOT NULL DEFAULT CURRENT_TIMESTAMP,
  `execution_time` int(11) NOT NULL,
  `success` tinyint(1) NOT NULL,
  PRIMARY KEY (`version`),
  KEY `SCHEMA_VERSION_PRODUCT_vr_idx` (`version_rank`),
  KEY `SCHEMA_VERSION_PRODUCT_ir_idx` (`installed_rank`),
  KEY `SCHEMA_VERSION_PRODUCT_s_idx` (`success`)
) ENGINE=InnoDB DEFAULT CHARSET=utf8;
/*!40101 SET character_set_client = @saved_cs_client */;

--
-- Dumping data for table `schema_version_product`
--

LOCK TABLES `schema_version_product` WRITE;
/*!40000 ALTER TABLE `schema_version_product` DISABLE KEYS */;
INSERT INTO `schema_version_product` VALUES (1,1,'0','<< Flyway Baseline >>','BASELINE','<< Flyway Baseline >>',NULL,'root','2016-08-06 09:07:37',0,1),(2,2,'0.0.0.1','product info','SQL','V0_0_0_1__product_info.sql',1495348982,'root','2016-08-06 09:07:37',17,1);
/*!40000 ALTER TABLE `schema_version_product` ENABLE KEYS */;
UNLOCK TABLES;

--
-- Table structure for table `schema_version_purchase`
--

DROP TABLE IF EXISTS `schema_version_purchase`;
/*!40101 SET @saved_cs_client     = @@character_set_client */;
/*!40101 SET character_set_client = utf8 */;
CREATE TABLE `schema_version_purchase` (
  `version_rank` int(11) NOT NULL,
  `installed_rank` int(11) NOT NULL,
  `version` varchar(50) NOT NULL,
  `description` varchar(200) NOT NULL,
  `type` varchar(20) NOT NULL,
  `script` varchar(1000) NOT NULL,
  `checksum` int(11) DEFAULT NULL,
  `installed_by` varchar(100) NOT NULL,
  `installed_on` timestamp NOT NULL DEFAULT CURRENT_TIMESTAMP,
  `execution_time` int(11) NOT NULL,
  `success` tinyint(1) NOT NULL,
  PRIMARY KEY (`version`),
  KEY `SCHEMA_VERSION_PURCHASE_vr_idx` (`version_rank`),
  KEY `SCHEMA_VERSION_PURCHASE_ir_idx` (`installed_rank`),
  KEY `SCHEMA_VERSION_PURCHASE_s_idx` (`success`)
) ENGINE=InnoDB DEFAULT CHARSET=utf8;
/*!40101 SET character_set_client = @saved_cs_client */;

--
-- Dumping data for table `schema_version_purchase`
--

LOCK TABLES `schema_version_purchase` WRITE;
/*!40000 ALTER TABLE `schema_version_purchase` DISABLE KEYS */;
INSERT INTO `schema_version_purchase` VALUES (1,1,'0','<< Flyway Baseline >>','BASELINE','<< Flyway Baseline >>',NULL,'root','2016-08-06 09:07:37',0,1),(2,2,'0.0.0.1','purchase info','SQL','V0_0_0_1__purchase_info.sql',-1863466209,'root','2016-08-06 09:07:37',20,1);
/*!40000 ALTER TABLE `schema_version_purchase` ENABLE KEYS */;
UNLOCK TABLES;

--
-- Table structure for table `schema_version_recruit`
--

DROP TABLE IF EXISTS `schema_version_recruit`;
/*!40101 SET @saved_cs_client     = @@character_set_client */;
/*!40101 SET character_set_client = utf8 */;
CREATE TABLE `schema_version_recruit` (
  `version_rank` int(11) NOT NULL,
  `installed_rank` int(11) NOT NULL,
  `version` varchar(50) NOT NULL,
  `description` varchar(200) NOT NULL,
  `type` varchar(20) NOT NULL,
  `script` varchar(1000) NOT NULL,
  `checksum` int(11) DEFAULT NULL,
  `installed_by` varchar(100) NOT NULL,
  `installed_on` timestamp NOT NULL DEFAULT CURRENT_TIMESTAMP,
  `execution_time` int(11) NOT NULL,
  `success` tinyint(1) NOT NULL,
  PRIMARY KEY (`version`),
  KEY `SCHEMA_VERSION_RECRUIT_vr_idx` (`version_rank`),
  KEY `SCHEMA_VERSION_RECRUIT_ir_idx` (`installed_rank`),
  KEY `SCHEMA_VERSION_RECRUIT_s_idx` (`success`)
) ENGINE=InnoDB DEFAULT CHARSET=utf8;
/*!40101 SET character_set_client = @saved_cs_client */;

--
-- Dumping data for table `schema_version_recruit`
--

LOCK TABLES `schema_version_recruit` WRITE;
/*!40000 ALTER TABLE `schema_version_recruit` DISABLE KEYS */;
INSERT INTO `schema_version_recruit` VALUES (1,1,'0','<< Flyway Baseline >>','BASELINE','<< Flyway Baseline >>',NULL,'root','2016-08-06 09:07:38',0,1),(2,2,'0.0.0.1','recruit info','SQL','V0_0_0_1__recruit_info.sql',2100057991,'root','2016-08-06 09:07:38',19,1);
/*!40000 ALTER TABLE `schema_version_recruit` ENABLE KEYS */;
UNLOCK TABLES;

--
-- Table structure for table `schema_version_salary`
--

DROP TABLE IF EXISTS `schema_version_salary`;
/*!40101 SET @saved_cs_client     = @@character_set_client */;
/*!40101 SET character_set_client = utf8 */;
CREATE TABLE `schema_version_salary` (
  `version_rank` int(11) NOT NULL,
  `installed_rank` int(11) NOT NULL,
  `version` varchar(50) NOT NULL,
  `description` varchar(200) NOT NULL,
  `type` varchar(20) NOT NULL,
  `script` varchar(1000) NOT NULL,
  `checksum` int(11) DEFAULT NULL,
  `installed_by` varchar(100) NOT NULL,
  `installed_on` timestamp NOT NULL DEFAULT CURRENT_TIMESTAMP,
  `execution_time` int(11) NOT NULL,
  `success` tinyint(1) NOT NULL,
  PRIMARY KEY (`version`),
  KEY `SCHEMA_VERSION_SALARY_vr_idx` (`version_rank`),
  KEY `SCHEMA_VERSION_SALARY_ir_idx` (`installed_rank`),
  KEY `SCHEMA_VERSION_SALARY_s_idx` (`success`)
) ENGINE=InnoDB DEFAULT CHARSET=utf8;
/*!40101 SET character_set_client = @saved_cs_client */;

--
-- Dumping data for table `schema_version_salary`
--

LOCK TABLES `schema_version_salary` WRITE;
/*!40000 ALTER TABLE `schema_version_salary` DISABLE KEYS */;
INSERT INTO `schema_version_salary` VALUES (1,1,'0','<< Flyway Baseline >>','BASELINE','<< Flyway Baseline >>',NULL,'root','2016-08-06 09:07:38',0,1),(2,2,'0.0.0.1','salary info','SQL','V0_0_0_1__salary_info.sql',709656602,'root','2016-08-06 09:07:38',16,1);
/*!40000 ALTER TABLE `schema_version_salary` ENABLE KEYS */;
UNLOCK TABLES;

--
-- Table structure for table `schema_version_sale`
--

DROP TABLE IF EXISTS `schema_version_sale`;
/*!40101 SET @saved_cs_client     = @@character_set_client */;
/*!40101 SET character_set_client = utf8 */;
CREATE TABLE `schema_version_sale` (
  `version_rank` int(11) NOT NULL,
  `installed_rank` int(11) NOT NULL,
  `version` varchar(50) NOT NULL,
  `description` varchar(200) NOT NULL,
  `type` varchar(20) NOT NULL,
  `script` varchar(1000) NOT NULL,
  `checksum` int(11) DEFAULT NULL,
  `installed_by` varchar(100) NOT NULL,
  `installed_on` timestamp NOT NULL DEFAULT CURRENT_TIMESTAMP,
  `execution_time` int(11) NOT NULL,
  `success` tinyint(1) NOT NULL,
  PRIMARY KEY (`version`),
  KEY `SCHEMA_VERSION_SALE_vr_idx` (`version_rank`),
  KEY `SCHEMA_VERSION_SALE_ir_idx` (`installed_rank`),
  KEY `SCHEMA_VERSION_SALE_s_idx` (`success`)
) ENGINE=InnoDB DEFAULT CHARSET=utf8;
/*!40101 SET character_set_client = @saved_cs_client */;

--
-- Dumping data for table `schema_version_sale`
--

LOCK TABLES `schema_version_sale` WRITE;
/*!40000 ALTER TABLE `schema_version_sale` DISABLE KEYS */;
INSERT INTO `schema_version_sale` VALUES (1,1,'0','<< Flyway Baseline >>','BASELINE','<< Flyway Baseline >>',NULL,'root','2016-08-06 09:07:38',0,1),(2,2,'0.0.0.1','sale info','SQL','V0_0_0_1__sale_info.sql',347968044,'root','2016-08-06 09:07:38',29,1);
/*!40000 ALTER TABLE `schema_version_sale` ENABLE KEYS */;
UNLOCK TABLES;

--
-- Table structure for table `schema_version_seat`
--

DROP TABLE IF EXISTS `schema_version_seat`;
/*!40101 SET @saved_cs_client     = @@character_set_client */;
/*!40101 SET character_set_client = utf8 */;
CREATE TABLE `schema_version_seat` (
  `version_rank` int(11) NOT NULL,
  `installed_rank` int(11) NOT NULL,
  `version` varchar(50) NOT NULL,
  `description` varchar(200) NOT NULL,
  `type` varchar(20) NOT NULL,
  `script` varchar(1000) NOT NULL,
  `checksum` int(11) DEFAULT NULL,
  `installed_by` varchar(100) NOT NULL,
  `installed_on` timestamp NOT NULL DEFAULT CURRENT_TIMESTAMP,
  `execution_time` int(11) NOT NULL,
  `success` tinyint(1) NOT NULL,
  PRIMARY KEY (`version`),
  KEY `SCHEMA_VERSION_SEAT_vr_idx` (`version_rank`),
  KEY `SCHEMA_VERSION_SEAT_ir_idx` (`installed_rank`),
  KEY `SCHEMA_VERSION_SEAT_s_idx` (`success`)
) ENGINE=InnoDB DEFAULT CHARSET=utf8;
/*!40101 SET character_set_client = @saved_cs_client */;

--
-- Dumping data for table `schema_version_seat`
--

LOCK TABLES `schema_version_seat` WRITE;
/*!40000 ALTER TABLE `schema_version_seat` DISABLE KEYS */;
INSERT INTO `schema_version_seat` VALUES (1,1,'0','<< Flyway Baseline >>','BASELINE','<< Flyway Baseline >>',NULL,'root','2016-08-06 09:07:38',0,1),(2,2,'0.0.0.1','seat info','SQL','V0_0_0_1__seat_info.sql',-1970938822,'root','2016-08-06 09:07:38',26,1);
/*!40000 ALTER TABLE `schema_version_seat` ENABLE KEYS */;
UNLOCK TABLES;

--
-- Table structure for table `schema_version_sendmail`
--

DROP TABLE IF EXISTS `schema_version_sendmail`;
/*!40101 SET @saved_cs_client     = @@character_set_client */;
/*!40101 SET character_set_client = utf8 */;
CREATE TABLE `schema_version_sendmail` (
  `version_rank` int(11) NOT NULL,
  `installed_rank` int(11) NOT NULL,
  `version` varchar(50) NOT NULL,
  `description` varchar(200) NOT NULL,
  `type` varchar(20) NOT NULL,
  `script` varchar(1000) NOT NULL,
  `checksum` int(11) DEFAULT NULL,
  `installed_by` varchar(100) NOT NULL,
  `installed_on` timestamp NOT NULL DEFAULT CURRENT_TIMESTAMP,
  `execution_time` int(11) NOT NULL,
  `success` tinyint(1) NOT NULL,
  PRIMARY KEY (`version`),
  KEY `SCHEMA_VERSION_SENDMAIL_vr_idx` (`version_rank`),
  KEY `SCHEMA_VERSION_SENDMAIL_ir_idx` (`installed_rank`),
  KEY `SCHEMA_VERSION_SENDMAIL_s_idx` (`success`)
) ENGINE=InnoDB DEFAULT CHARSET=utf8;
/*!40101 SET character_set_client = @saved_cs_client */;

--
-- Dumping data for table `schema_version_sendmail`
--

LOCK TABLES `schema_version_sendmail` WRITE;
/*!40000 ALTER TABLE `schema_version_sendmail` DISABLE KEYS */;
INSERT INTO `schema_version_sendmail` VALUES (1,1,'0','<< Flyway Baseline >>','BASELINE','<< Flyway Baseline >>',NULL,'root','2016-08-06 09:07:23',0,1),(2,2,'0.0.1','sendmail config','SQL','V0_0_1__sendmail_config.sql',-160702474,'root','2016-08-06 09:07:23',34,1),(3,3,'0.0.2','sendmail template','SQL','V0_0_2__sendmail_template.sql',-1827285762,'root','2016-08-06 09:07:23',20,1),(4,4,'0.0.3','sendmail attachment','SQL','V0_0_3__sendmail_attachment.sql',77268816,'root','2016-08-06 09:07:23',31,1),(5,5,'0.0.4','sendmail queue','SQL','V0_0_4__sendmail_queue.sql',-1868004583,'root','2016-08-06 09:07:23',33,1),(6,6,'0.0.5','sendmail history','SQL','V0_0_5__sendmail_history.sql',-901174271,'root','2016-08-06 09:07:23',28,1),(7,7,'1.6.0.1','tenant','SQL','V1_6_0_1__tenant.sql',1427014093,'root','2016-08-06 09:07:23',244,1),(8,8,'1.6.0.2','config','SQL','V1_6_0_2__config.sql',-606796712,'root','2016-08-06 09:07:23',76,1);
/*!40000 ALTER TABLE `schema_version_sendmail` ENABLE KEYS */;
UNLOCK TABLES;

--
-- Table structure for table `schema_version_sendsms`
--

DROP TABLE IF EXISTS `schema_version_sendsms`;
/*!40101 SET @saved_cs_client     = @@character_set_client */;
/*!40101 SET character_set_client = utf8 */;
CREATE TABLE `schema_version_sendsms` (
  `version_rank` int(11) NOT NULL,
  `installed_rank` int(11) NOT NULL,
  `version` varchar(50) NOT NULL,
  `description` varchar(200) NOT NULL,
  `type` varchar(20) NOT NULL,
  `script` varchar(1000) NOT NULL,
  `checksum` int(11) DEFAULT NULL,
  `installed_by` varchar(100) NOT NULL,
  `installed_on` timestamp NOT NULL DEFAULT CURRENT_TIMESTAMP,
  `execution_time` int(11) NOT NULL,
  `success` tinyint(1) NOT NULL,
  PRIMARY KEY (`version`),
  KEY `SCHEMA_VERSION_SENDSMS_vr_idx` (`version_rank`),
  KEY `SCHEMA_VERSION_SENDSMS_ir_idx` (`installed_rank`),
  KEY `SCHEMA_VERSION_SENDSMS_s_idx` (`success`)
) ENGINE=InnoDB DEFAULT CHARSET=utf8;
/*!40101 SET character_set_client = @saved_cs_client */;

--
-- Dumping data for table `schema_version_sendsms`
--

LOCK TABLES `schema_version_sendsms` WRITE;
/*!40000 ALTER TABLE `schema_version_sendsms` DISABLE KEYS */;
INSERT INTO `schema_version_sendsms` VALUES (1,1,'0','<< Flyway Baseline >>','BASELINE','<< Flyway Baseline >>',NULL,'root','2016-08-06 09:07:24',0,1),(2,2,'0.0.1','sendsms config','SQL','V0_0_1__sendsms_config.sql',-980595036,'root','2016-08-06 09:07:24',21,1),(3,3,'0.0.2','sendsms queue','SQL','V0_0_2__sendsms_queue.sql',1151586996,'root','2016-08-06 09:07:24',28,1),(4,4,'0.0.3','sendsms history','SQL','V0_0_3__sendsms_history.sql',-590699944,'root','2016-08-06 09:07:24',26,1);
/*!40000 ALTER TABLE `schema_version_sendsms` ENABLE KEYS */;
UNLOCK TABLES;

--
-- Table structure for table `schema_version_sign`
--

DROP TABLE IF EXISTS `schema_version_sign`;
/*!40101 SET @saved_cs_client     = @@character_set_client */;
/*!40101 SET character_set_client = utf8 */;
CREATE TABLE `schema_version_sign` (
  `version_rank` int(11) NOT NULL,
  `installed_rank` int(11) NOT NULL,
  `version` varchar(50) NOT NULL,
  `description` varchar(200) NOT NULL,
  `type` varchar(20) NOT NULL,
  `script` varchar(1000) NOT NULL,
  `checksum` int(11) DEFAULT NULL,
  `installed_by` varchar(100) NOT NULL,
  `installed_on` timestamp NOT NULL DEFAULT CURRENT_TIMESTAMP,
  `execution_time` int(11) NOT NULL,
  `success` tinyint(1) NOT NULL,
  PRIMARY KEY (`version`),
  KEY `SCHEMA_VERSION_SIGN_vr_idx` (`version_rank`),
  KEY `SCHEMA_VERSION_SIGN_ir_idx` (`installed_rank`),
  KEY `SCHEMA_VERSION_SIGN_s_idx` (`success`)
) ENGINE=InnoDB DEFAULT CHARSET=utf8;
/*!40101 SET character_set_client = @saved_cs_client */;

--
-- Dumping data for table `schema_version_sign`
--

LOCK TABLES `schema_version_sign` WRITE;
/*!40000 ALTER TABLE `schema_version_sign` DISABLE KEYS */;
INSERT INTO `schema_version_sign` VALUES (1,1,'0','<< Flyway Baseline >>','BASELINE','<< Flyway Baseline >>',NULL,'root','2016-08-06 09:07:39',0,1),(2,2,'0.0.0.1','sign info','SQL','V0_0_0_1__sign_info.sql',-1174367020,'root','2016-08-06 09:07:39',27,1);
/*!40000 ALTER TABLE `schema_version_sign` ENABLE KEYS */;
UNLOCK TABLES;

--
-- Table structure for table `schema_version_socialsecurity`
--

DROP TABLE IF EXISTS `schema_version_socialsecurity`;
/*!40101 SET @saved_cs_client     = @@character_set_client */;
/*!40101 SET character_set_client = utf8 */;
CREATE TABLE `schema_version_socialsecurity` (
  `version_rank` int(11) NOT NULL,
  `installed_rank` int(11) NOT NULL,
  `version` varchar(50) NOT NULL,
  `description` varchar(200) NOT NULL,
  `type` varchar(20) NOT NULL,
  `script` varchar(1000) NOT NULL,
  `checksum` int(11) DEFAULT NULL,
  `installed_by` varchar(100) NOT NULL,
  `installed_on` timestamp NOT NULL DEFAULT CURRENT_TIMESTAMP,
  `execution_time` int(11) NOT NULL,
  `success` tinyint(1) NOT NULL,
  PRIMARY KEY (`version`),
  KEY `SCHEMA_VERSION_SOCIALSECURITY_vr_idx` (`version_rank`),
  KEY `SCHEMA_VERSION_SOCIALSECURITY_ir_idx` (`installed_rank`),
  KEY `SCHEMA_VERSION_SOCIALSECURITY_s_idx` (`success`)
) ENGINE=InnoDB DEFAULT CHARSET=utf8;
/*!40101 SET character_set_client = @saved_cs_client */;

--
-- Dumping data for table `schema_version_socialsecurity`
--

LOCK TABLES `schema_version_socialsecurity` WRITE;
/*!40000 ALTER TABLE `schema_version_socialsecurity` DISABLE KEYS */;
INSERT INTO `schema_version_socialsecurity` VALUES (1,1,'0','<< Flyway Baseline >>','BASELINE','<< Flyway Baseline >>',NULL,'root','2016-08-06 09:07:39',0,1),(2,2,'0.0.0.1','socialsecurity info','SQL','V0_0_0_1__socialsecurity_info.sql',454438857,'root','2016-08-06 09:07:39',26,1);
/*!40000 ALTER TABLE `schema_version_socialsecurity` ENABLE KEYS */;
UNLOCK TABLES;

--
-- Table structure for table `schema_version_stamp`
--

DROP TABLE IF EXISTS `schema_version_stamp`;
/*!40101 SET @saved_cs_client     = @@character_set_client */;
/*!40101 SET character_set_client = utf8 */;
CREATE TABLE `schema_version_stamp` (
  `version_rank` int(11) NOT NULL,
  `installed_rank` int(11) NOT NULL,
  `version` varchar(50) NOT NULL,
  `description` varchar(200) NOT NULL,
  `type` varchar(20) NOT NULL,
  `script` varchar(1000) NOT NULL,
  `checksum` int(11) DEFAULT NULL,
  `installed_by` varchar(100) NOT NULL,
  `installed_on` timestamp NOT NULL DEFAULT CURRENT_TIMESTAMP,
  `execution_time` int(11) NOT NULL,
  `success` tinyint(1) NOT NULL,
  PRIMARY KEY (`version`),
  KEY `SCHEMA_VERSION_STAMP_vr_idx` (`version_rank`),
  KEY `SCHEMA_VERSION_STAMP_ir_idx` (`installed_rank`),
  KEY `SCHEMA_VERSION_STAMP_s_idx` (`success`)
) ENGINE=InnoDB DEFAULT CHARSET=utf8;
/*!40101 SET character_set_client = @saved_cs_client */;

--
-- Dumping data for table `schema_version_stamp`
--

LOCK TABLES `schema_version_stamp` WRITE;
/*!40000 ALTER TABLE `schema_version_stamp` DISABLE KEYS */;
INSERT INTO `schema_version_stamp` VALUES (1,1,'0','<< Flyway Baseline >>','BASELINE','<< Flyway Baseline >>',NULL,'root','2016-08-06 09:07:39',0,1),(2,2,'0.0.0.1','stamp info','SQL','V0_0_0_1__stamp_info.sql',105461038,'root','2016-08-06 09:07:39',25,1);
/*!40000 ALTER TABLE `schema_version_stamp` ENABLE KEYS */;
UNLOCK TABLES;

--
-- Table structure for table `schema_version_store`
--

DROP TABLE IF EXISTS `schema_version_store`;
/*!40101 SET @saved_cs_client     = @@character_set_client */;
/*!40101 SET character_set_client = utf8 */;
CREATE TABLE `schema_version_store` (
  `version_rank` int(11) NOT NULL,
  `installed_rank` int(11) NOT NULL,
  `version` varchar(50) NOT NULL,
  `description` varchar(200) NOT NULL,
  `type` varchar(20) NOT NULL,
  `script` varchar(1000) NOT NULL,
  `checksum` int(11) DEFAULT NULL,
  `installed_by` varchar(100) NOT NULL,
  `installed_on` timestamp NOT NULL DEFAULT CURRENT_TIMESTAMP,
  `execution_time` int(11) NOT NULL,
  `success` tinyint(1) NOT NULL,
  PRIMARY KEY (`version`),
  KEY `SCHEMA_VERSION_STORE_vr_idx` (`version_rank`),
  KEY `SCHEMA_VERSION_STORE_ir_idx` (`installed_rank`),
  KEY `SCHEMA_VERSION_STORE_s_idx` (`success`)
) ENGINE=InnoDB DEFAULT CHARSET=utf8;
/*!40101 SET character_set_client = @saved_cs_client */;

--
-- Dumping data for table `schema_version_store`
--

LOCK TABLES `schema_version_store` WRITE;
/*!40000 ALTER TABLE `schema_version_store` DISABLE KEYS */;
INSERT INTO `schema_version_store` VALUES (1,1,'0','<< Flyway Baseline >>','BASELINE','<< Flyway Baseline >>',NULL,'root','2016-08-06 09:07:24',0,1),(2,2,'0.0.1','store info','SQL','V0_0_1__store_info.sql',1551937664,'root','2016-08-06 09:07:24',22,1),(3,3,'1.6.0.1','tenant','SQL','V1_6_0_1__tenant.sql',-1512647980,'root','2016-08-06 09:07:24',59,1);
/*!40000 ALTER TABLE `schema_version_store` ENABLE KEYS */;
UNLOCK TABLES;

--
-- Table structure for table `schema_version_template`
--

DROP TABLE IF EXISTS `schema_version_template`;
/*!40101 SET @saved_cs_client     = @@character_set_client */;
/*!40101 SET character_set_client = utf8 */;
CREATE TABLE `schema_version_template` (
  `version_rank` int(11) NOT NULL,
  `installed_rank` int(11) NOT NULL,
  `version` varchar(50) NOT NULL,
  `description` varchar(200) NOT NULL,
  `type` varchar(20) NOT NULL,
  `script` varchar(1000) NOT NULL,
  `checksum` int(11) DEFAULT NULL,
  `installed_by` varchar(100) NOT NULL,
  `installed_on` timestamp NOT NULL DEFAULT CURRENT_TIMESTAMP,
  `execution_time` int(11) NOT NULL,
  `success` tinyint(1) NOT NULL,
  PRIMARY KEY (`version`),
  KEY `SCHEMA_VERSION_TEMPLATE_vr_idx` (`version_rank`),
  KEY `SCHEMA_VERSION_TEMPLATE_ir_idx` (`installed_rank`),
  KEY `SCHEMA_VERSION_TEMPLATE_s_idx` (`success`)
) ENGINE=InnoDB DEFAULT CHARSET=utf8;
/*!40101 SET character_set_client = @saved_cs_client */;

--
-- Dumping data for table `schema_version_template`
--

LOCK TABLES `schema_version_template` WRITE;
/*!40000 ALTER TABLE `schema_version_template` DISABLE KEYS */;
INSERT INTO `schema_version_template` VALUES (1,1,'0','<< Flyway Baseline >>','BASELINE','<< Flyway Baseline >>',NULL,'root','2016-08-06 09:07:25',0,1),(2,2,'0.0.0.1','template info','SQL','V0_0_0_1__template_info.sql',1661570255,'root','2016-08-06 09:07:25',24,1),(3,3,'0.0.0.2','template field','SQL','V0_0_0_2__template_field.sql',-300001309,'root','2016-08-06 09:07:25',25,1),(4,4,'1.6.0.1','tenant','SQL','V1_6_0_1__tenant.sql',-290800133,'root','2016-08-06 09:07:25',83,1);
/*!40000 ALTER TABLE `schema_version_template` ENABLE KEYS */;
UNLOCK TABLES;

--
-- Table structure for table `schema_version_ticket`
--

DROP TABLE IF EXISTS `schema_version_ticket`;
/*!40101 SET @saved_cs_client     = @@character_set_client */;
/*!40101 SET character_set_client = utf8 */;
CREATE TABLE `schema_version_ticket` (
  `version_rank` int(11) NOT NULL,
  `installed_rank` int(11) NOT NULL,
  `version` varchar(50) NOT NULL,
  `description` varchar(200) NOT NULL,
  `type` varchar(20) NOT NULL,
  `script` varchar(1000) NOT NULL,
  `checksum` int(11) DEFAULT NULL,
  `installed_by` varchar(100) NOT NULL,
  `installed_on` timestamp NOT NULL DEFAULT CURRENT_TIMESTAMP,
  `execution_time` int(11) NOT NULL,
  `success` tinyint(1) NOT NULL,
  PRIMARY KEY (`version`),
  KEY `SCHEMA_VERSION_TICKET_vr_idx` (`version_rank`),
  KEY `SCHEMA_VERSION_TICKET_ir_idx` (`installed_rank`),
  KEY `SCHEMA_VERSION_TICKET_s_idx` (`success`)
) ENGINE=InnoDB DEFAULT CHARSET=utf8;
/*!40101 SET character_set_client = @saved_cs_client */;

--
-- Dumping data for table `schema_version_ticket`
--

LOCK TABLES `schema_version_ticket` WRITE;
/*!40000 ALTER TABLE `schema_version_ticket` DISABLE KEYS */;
INSERT INTO `schema_version_ticket` VALUES (1,1,'0','<< Flyway Baseline >>','BASELINE','<< Flyway Baseline >>',NULL,'root','2016-08-06 09:07:40',0,1),(2,2,'0.0.0.1','ticket catalog','SQL','V0_0_0_1__ticket_catalog.sql',998816890,'root','2016-08-06 09:07:40',18,1),(3,3,'0.0.0.2','ticket group','SQL','V0_0_0_2__ticket_group.sql',-1059614110,'root','2016-08-06 09:07:40',24,1),(4,4,'0.0.0.3','ticket info','SQL','V0_0_0_3__ticket_info.sql',160062116,'root','2016-08-06 09:07:40',29,1),(5,5,'0.0.0.4','ticket comment','SQL','V0_0_0_4__ticket_comment.sql',2021355784,'root','2016-08-06 09:07:40',18,1),(6,6,'0.0.0.5','ticket member','SQL','V0_0_0_5__ticket_member.sql',-1529042218,'root','2016-08-06 09:07:40',31,1);
/*!40000 ALTER TABLE `schema_version_ticket` ENABLE KEYS */;
UNLOCK TABLES;

--
-- Table structure for table `schema_version_train`
--

DROP TABLE IF EXISTS `schema_version_train`;
/*!40101 SET @saved_cs_client     = @@character_set_client */;
/*!40101 SET character_set_client = utf8 */;
CREATE TABLE `schema_version_train` (
  `version_rank` int(11) NOT NULL,
  `installed_rank` int(11) NOT NULL,
  `version` varchar(50) NOT NULL,
  `description` varchar(200) NOT NULL,
  `type` varchar(20) NOT NULL,
  `script` varchar(1000) NOT NULL,
  `checksum` int(11) DEFAULT NULL,
  `installed_by` varchar(100) NOT NULL,
  `installed_on` timestamp NOT NULL DEFAULT CURRENT_TIMESTAMP,
  `execution_time` int(11) NOT NULL,
  `success` tinyint(1) NOT NULL,
  PRIMARY KEY (`version`),
  KEY `SCHEMA_VERSION_TRAIN_vr_idx` (`version_rank`),
  KEY `SCHEMA_VERSION_TRAIN_ir_idx` (`installed_rank`),
  KEY `SCHEMA_VERSION_TRAIN_s_idx` (`success`)
) ENGINE=InnoDB DEFAULT CHARSET=utf8;
/*!40101 SET character_set_client = @saved_cs_client */;

--
-- Dumping data for table `schema_version_train`
--

LOCK TABLES `schema_version_train` WRITE;
/*!40000 ALTER TABLE `schema_version_train` DISABLE KEYS */;
INSERT INTO `schema_version_train` VALUES (1,1,'0','<< Flyway Baseline >>','BASELINE','<< Flyway Baseline >>',NULL,'root','2016-08-06 09:07:40',0,1),(2,2,'0.0.0.1','train info','SQL','V0_0_0_1__train_info.sql',-1924930105,'root','2016-08-06 09:07:40',18,1);
/*!40000 ALTER TABLE `schema_version_train` ENABLE KEYS */;
UNLOCK TABLES;

--
-- Table structure for table `schema_version_user`
--

DROP TABLE IF EXISTS `schema_version_user`;
/*!40101 SET @saved_cs_client     = @@character_set_client */;
/*!40101 SET character_set_client = utf8 */;
CREATE TABLE `schema_version_user` (
  `version_rank` int(11) NOT NULL,
  `installed_rank` int(11) NOT NULL,
  `version` varchar(50) NOT NULL,
  `description` varchar(200) NOT NULL,
  `type` varchar(20) NOT NULL,
  `script` varchar(1000) NOT NULL,
  `checksum` int(11) DEFAULT NULL,
  `installed_by` varchar(100) NOT NULL,
  `installed_on` timestamp NOT NULL DEFAULT CURRENT_TIMESTAMP,
  `execution_time` int(11) NOT NULL,
  `success` tinyint(1) NOT NULL,
  PRIMARY KEY (`version`),
  KEY `SCHEMA_VERSION_USER_vr_idx` (`version_rank`),
  KEY `SCHEMA_VERSION_USER_ir_idx` (`installed_rank`),
  KEY `SCHEMA_VERSION_USER_s_idx` (`success`)
) ENGINE=InnoDB DEFAULT CHARSET=utf8;
/*!40101 SET character_set_client = @saved_cs_client */;

--
-- Dumping data for table `schema_version_user`
--

LOCK TABLES `schema_version_user` WRITE;
/*!40000 ALTER TABLE `schema_version_user` DISABLE KEYS */;
INSERT INTO `schema_version_user` VALUES (1,1,'0','<< Flyway Baseline >>','BASELINE','<< Flyway Baseline >>',NULL,'root','2016-08-06 09:07:41',0,1),(2,2,'0.0.1','user repo','SQL','V0_0_1__user_repo.sql',-1146758244,'root','2016-08-06 09:07:41',20,1),(3,3,'0.0.2','user schema','SQL','V0_0_2__user_schema.sql',400529101,'root','2016-08-06 09:07:41',32,1),(4,4,'0.0.3','user base','SQL','V0_0_3__user_base.sql',-1628370766,'root','2016-08-06 09:07:41',26,1),(5,5,'0.0.4','user attr','SQL','V0_0_4__user_attr.sql',802064957,'root','2016-08-06 09:07:41',30,1),(6,6,'0.9.0.1','user repo','SQL','V0_9_0_1__user_repo.sql',-960019611,'root','2016-08-06 09:07:41',42,1),(7,7,'0.9.0.2','user base','SQL','V0_9_0_2__user_base.sql',206585403,'root','2016-08-06 09:07:41',105,1),(8,8,'1.3.0.1','account type','SQL','V1_3_0_1__account_type.sql',2067938376,'root','2016-08-06 09:07:41',27,1),(9,9,'1.3.0.2','account','SQL','V1_3_0_2__account.sql',51906149,'root','2016-08-06 09:07:41',22,1),(10,10,'1.3.0.3','user base','SQL','V1_3_0_3__user_base.sql',-1105532769,'root','2016-08-06 09:07:42',671,1),(11,11,'1.5.0.1','account info','SQL','V1_5_0_1__account_info.sql',1058092215,'root','2016-08-06 09:07:42',26,1),(12,12,'1.5.0.2','account credential','SQL','V1_5_0_2__account_credential.sql',1308439864,'root','2016-08-06 09:07:42',24,1),(13,13,'1.5.0.3','person info','SQL','V1_5_0_3__person_info.sql',742901411,'root','2016-08-06 09:07:42',23,1),(14,14,'1.5.0.4','account avatar','SQL','V1_5_0_4__account_avatar.sql',-1451310947,'root','2016-08-06 09:07:42',30,1),(15,15,'1.5.0.5','account online','SQL','V1_5_0_5__account_online.sql',-1353373468,'root','2016-08-06 09:07:42',15,1),(16,16,'1.5.0.6','account lock info','SQL','V1_5_0_6__account_lock_info.sql',1800855449,'root','2016-08-06 09:07:42',27,1),(17,17,'1.5.0.7','account lock log','SQL','V1_5_0_7__account_lock_log.sql',2049000602,'root','2016-08-06 09:07:42',24,1),(18,18,'1.5.0.8','account log','SQL','V1_5_0_8__account_log.sql',-1791259508,'root','2016-08-06 09:07:42',17,1),(19,19,'1.5.0.9','account history credential','SQL','V1_5_0_9__account_history_credential.sql',69945046,'root','2016-08-06 09:07:42',30,1),(20,20,'1.6.0.1','tenant','SQL','V1_6_0_1__tenant.sql',1168228322,'root','2016-08-06 09:07:42',349,1),(21,21,'1.7.0.1','account device','SQL','V1_7_0_1__account_device.sql',787410944,'root','2016-08-06 09:07:42',25,1);
/*!40000 ALTER TABLE `schema_version_user` ENABLE KEYS */;
UNLOCK TABLES;

--
-- Table structure for table `schema_version_visitor`
--

DROP TABLE IF EXISTS `schema_version_visitor`;
/*!40101 SET @saved_cs_client     = @@character_set_client */;
/*!40101 SET character_set_client = utf8 */;
CREATE TABLE `schema_version_visitor` (
  `version_rank` int(11) NOT NULL,
  `installed_rank` int(11) NOT NULL,
  `version` varchar(50) NOT NULL,
  `description` varchar(200) NOT NULL,
  `type` varchar(20) NOT NULL,
  `script` varchar(1000) NOT NULL,
  `checksum` int(11) DEFAULT NULL,
  `installed_by` varchar(100) NOT NULL,
  `installed_on` timestamp NOT NULL DEFAULT CURRENT_TIMESTAMP,
  `execution_time` int(11) NOT NULL,
  `success` tinyint(1) NOT NULL,
  PRIMARY KEY (`version`),
  KEY `SCHEMA_VERSION_VISITOR_vr_idx` (`version_rank`),
  KEY `SCHEMA_VERSION_VISITOR_ir_idx` (`installed_rank`),
  KEY `SCHEMA_VERSION_VISITOR_s_idx` (`success`)
) ENGINE=InnoDB DEFAULT CHARSET=utf8;
/*!40101 SET character_set_client = @saved_cs_client */;

--
-- Dumping data for table `schema_version_visitor`
--

LOCK TABLES `schema_version_visitor` WRITE;
/*!40000 ALTER TABLE `schema_version_visitor` DISABLE KEYS */;
INSERT INTO `schema_version_visitor` VALUES (1,1,'0','<< Flyway Baseline >>','BASELINE','<< Flyway Baseline >>',NULL,'root','2016-08-06 09:07:43',0,1),(2,2,'0.0.0.1','visitor info','SQL','V0_0_0_1__visitor_info.sql',476306035,'root','2016-08-06 09:07:43',29,1);
/*!40000 ALTER TABLE `schema_version_visitor` ENABLE KEYS */;
UNLOCK TABLES;

--
-- Table structure for table `schema_version_vote`
--

DROP TABLE IF EXISTS `schema_version_vote`;
/*!40101 SET @saved_cs_client     = @@character_set_client */;
/*!40101 SET character_set_client = utf8 */;
CREATE TABLE `schema_version_vote` (
  `version_rank` int(11) NOT NULL,
  `installed_rank` int(11) NOT NULL,
  `version` varchar(50) NOT NULL,
  `description` varchar(200) NOT NULL,
  `type` varchar(20) NOT NULL,
  `script` varchar(1000) NOT NULL,
  `checksum` int(11) DEFAULT NULL,
  `installed_by` varchar(100) NOT NULL,
  `installed_on` timestamp NOT NULL DEFAULT CURRENT_TIMESTAMP,
  `execution_time` int(11) NOT NULL,
  `success` tinyint(1) NOT NULL,
  PRIMARY KEY (`version`),
  KEY `SCHEMA_VERSION_VOTE_vr_idx` (`version_rank`),
  KEY `SCHEMA_VERSION_VOTE_ir_idx` (`installed_rank`),
  KEY `SCHEMA_VERSION_VOTE_s_idx` (`success`)
) ENGINE=InnoDB DEFAULT CHARSET=utf8;
/*!40101 SET character_set_client = @saved_cs_client */;

--
-- Dumping data for table `schema_version_vote`
--

LOCK TABLES `schema_version_vote` WRITE;
/*!40000 ALTER TABLE `schema_version_vote` DISABLE KEYS */;
INSERT INTO `schema_version_vote` VALUES (1,1,'0','<< Flyway Baseline >>','BASELINE','<< Flyway Baseline >>',NULL,'root','2016-08-06 09:07:44',0,1),(2,2,'0.0.0.1','vote info','SQL','V0_0_0_1__vote_info.sql',2038448331,'root','2016-08-06 09:07:44',54,1),(3,3,'0.0.0.2','vote item','SQL','V0_0_0_2__vote_item.sql',-910175638,'root','2016-08-06 09:07:44',25,1),(4,4,'0.0.0.3','vote user','SQL','V0_0_0_3__vote_user.sql',2141787145,'root','2016-08-06 09:07:44',32,1);
/*!40000 ALTER TABLE `schema_version_vote` ENABLE KEYS */;
UNLOCK TABLES;

--
-- Table structure for table `schema_version_whitelist`
--

DROP TABLE IF EXISTS `schema_version_whitelist`;
/*!40101 SET @saved_cs_client     = @@character_set_client */;
/*!40101 SET character_set_client = utf8 */;
CREATE TABLE `schema_version_whitelist` (
  `version_rank` int(11) NOT NULL,
  `installed_rank` int(11) NOT NULL,
  `version` varchar(50) NOT NULL,
  `description` varchar(200) NOT NULL,
  `type` varchar(20) NOT NULL,
  `script` varchar(1000) NOT NULL,
  `checksum` int(11) DEFAULT NULL,
  `installed_by` varchar(100) NOT NULL,
  `installed_on` timestamp NOT NULL DEFAULT CURRENT_TIMESTAMP,
  `execution_time` int(11) NOT NULL,
  `success` tinyint(1) NOT NULL,
  PRIMARY KEY (`version`),
  KEY `SCHEMA_VERSION_WHITELIST_vr_idx` (`version_rank`),
  KEY `SCHEMA_VERSION_WHITELIST_ir_idx` (`installed_rank`),
  KEY `SCHEMA_VERSION_WHITELIST_s_idx` (`success`)
) ENGINE=InnoDB DEFAULT CHARSET=utf8;
/*!40101 SET character_set_client = @saved_cs_client */;

--
-- Dumping data for table `schema_version_whitelist`
--

LOCK TABLES `schema_version_whitelist` WRITE;
/*!40000 ALTER TABLE `schema_version_whitelist` DISABLE KEYS */;
INSERT INTO `schema_version_whitelist` VALUES (1,1,'0','<< Flyway Baseline >>','BASELINE','<< Flyway Baseline >>',NULL,'root','2016-08-06 09:07:25',0,1),(2,2,'0.0.0.1','whitellist type','SQL','V0_0_0_1__whitellist_type.sql',-848851382,'root','2016-08-06 09:07:25',21,1),(3,3,'0.0.0.2','whitelist app','SQL','V0_0_0_2__whitelist_app.sql',-1840695895,'root','2016-08-06 09:07:25',26,1),(4,4,'0.0.0.3','whitelist host','SQL','V0_0_0_3__whitelist_host.sql',39316124,'root','2016-08-06 09:07:25',28,1),(5,5,'0.0.0.4','whitelist ip','SQL','V0_0_0_4__whitelist_ip.sql',-1633571516,'root','2016-08-06 09:07:25',20,1),(6,6,'1.6.0.1','tenant','SQL','V1_6_0_1__tenant.sql',-1273196714,'root','2016-08-06 09:07:26',159,1);
/*!40000 ALTER TABLE `schema_version_whitelist` ENABLE KEYS */;
UNLOCK TABLES;

--
-- Table structure for table `schema_version_workcal`
--

DROP TABLE IF EXISTS `schema_version_workcal`;
/*!40101 SET @saved_cs_client     = @@character_set_client */;
/*!40101 SET character_set_client = utf8 */;
CREATE TABLE `schema_version_workcal` (
  `version_rank` int(11) NOT NULL,
  `installed_rank` int(11) NOT NULL,
  `version` varchar(50) NOT NULL,
  `description` varchar(200) NOT NULL,
  `type` varchar(20) NOT NULL,
  `script` varchar(1000) NOT NULL,
  `checksum` int(11) DEFAULT NULL,
  `installed_by` varchar(100) NOT NULL,
  `installed_on` timestamp NOT NULL DEFAULT CURRENT_TIMESTAMP,
  `execution_time` int(11) NOT NULL,
  `success` tinyint(1) NOT NULL,
  PRIMARY KEY (`version`),
  KEY `SCHEMA_VERSION_WORKCAL_vr_idx` (`version_rank`),
  KEY `SCHEMA_VERSION_WORKCAL_ir_idx` (`installed_rank`),
  KEY `SCHEMA_VERSION_WORKCAL_s_idx` (`success`)
) ENGINE=InnoDB DEFAULT CHARSET=utf8;
/*!40101 SET character_set_client = @saved_cs_client */;

--
-- Dumping data for table `schema_version_workcal`
--

LOCK TABLES `schema_version_workcal` WRITE;
/*!40000 ALTER TABLE `schema_version_workcal` DISABLE KEYS */;
INSERT INTO `schema_version_workcal` VALUES (1,1,'0','<< Flyway Baseline >>','BASELINE','<< Flyway Baseline >>',NULL,'root','2016-08-06 09:07:44',0,1),(2,2,'0.0.1','workcal type','SQL','V0_0_1__workcal_type.sql',-174669058,'root','2016-08-06 09:07:44',33,1),(3,3,'0.0.2','workcal rule','SQL','V0_0_2__workcal_rule.sql',280724199,'root','2016-08-06 09:07:44',27,1),(4,4,'0.0.3','workcal part','SQL','V0_0_3__workcal_part.sql',-1907530515,'root','2016-08-06 09:07:44',29,1),(5,5,'1.6.0.1','tenant','SQL','V1_6_0_1__tenant.sql',621443185,'root','2016-08-06 09:07:44',135,1);
/*!40000 ALTER TABLE `schema_version_workcal` ENABLE KEYS */;
UNLOCK TABLES;

--
-- Table structure for table `seat_info`
--

DROP TABLE IF EXISTS `seat_info`;
/*!40101 SET @saved_cs_client     = @@character_set_client */;
/*!40101 SET character_set_client = utf8 */;
CREATE TABLE `seat_info` (
  `ID` bigint(20) NOT NULL,
  `NAME` varchar(200) DEFAULT NULL,
  `TYPE` varchar(50) DEFAULT NULL,
  `BUILDING` varchar(100) DEFAULT NULL,
  `FLOOR` varchar(100) DEFAULT NULL,
  `LOCATION` varchar(100) DEFAULT NULL,
  `DESCRIPTION` varchar(200) DEFAULT NULL,
  `TENANT_ID` varchar(64) DEFAULT NULL,
  PRIMARY KEY (`ID`)
) ENGINE=InnoDB DEFAULT CHARSET=utf8;
/*!40101 SET character_set_client = @saved_cs_client */;

--
-- Dumping data for table `seat_info`
--

LOCK TABLES `seat_info` WRITE;
/*!40000 ALTER TABLE `seat_info` DISABLE KEYS */;
/*!40000 ALTER TABLE `seat_info` ENABLE KEYS */;
UNLOCK TABLES;

--
-- Table structure for table `sendmail_attachment`
--

DROP TABLE IF EXISTS `sendmail_attachment`;
/*!40101 SET @saved_cs_client     = @@character_set_client */;
/*!40101 SET character_set_client = utf8 */;
CREATE TABLE `sendmail_attachment` (
  `ID` bigint(20) NOT NULL,
  `NAME` varchar(50) DEFAULT NULL,
  `PATH` varchar(200) DEFAULT NULL,
  `TENANT_ID` varchar(200) DEFAULT NULL,
  `TEMPLATE_ID` bigint(20) DEFAULT NULL,
  PRIMARY KEY (`ID`),
  KEY `FK_SENDMAIL_ATTACHMENT_TEMPLATE` (`TEMPLATE_ID`),
  CONSTRAINT `FK_SENDMAIL_ATTACHMENT_TEMPLATE` FOREIGN KEY (`TEMPLATE_ID`) REFERENCES `sendmail_template` (`ID`)
) ENGINE=InnoDB DEFAULT CHARSET=utf8;
/*!40101 SET character_set_client = @saved_cs_client */;

--
-- Dumping data for table `sendmail_attachment`
--

LOCK TABLES `sendmail_attachment` WRITE;
/*!40000 ALTER TABLE `sendmail_attachment` DISABLE KEYS */;
/*!40000 ALTER TABLE `sendmail_attachment` ENABLE KEYS */;
UNLOCK TABLES;

--
-- Table structure for table `sendmail_config`
--

DROP TABLE IF EXISTS `sendmail_config`;
/*!40101 SET @saved_cs_client     = @@character_set_client */;
/*!40101 SET character_set_client = utf8 */;
CREATE TABLE `sendmail_config` (
  `ID` bigint(20) NOT NULL,
  `NAME` varchar(50) DEFAULT NULL,
  `HOST` varchar(200) DEFAULT NULL,
  `USERNAME` varchar(200) DEFAULT NULL,
  `PASSWORD` varchar(200) DEFAULT NULL,
  `SMTP_AUTH` int(11) DEFAULT NULL,
  `SMTP_STARTTLS` int(11) DEFAULT NULL,
  `STATUS` varchar(50) DEFAULT NULL,
  `DEFAULT_FROM` varchar(200) DEFAULT NULL,
  `TEST_MAIL` varchar(200) DEFAULT NULL,
  `TENANT_ID` varchar(200) DEFAULT NULL,
  `PORT` int(11) DEFAULT NULL,
  `SMTP_SSL` int(11) DEFAULT NULL,
  PRIMARY KEY (`ID`)
) ENGINE=InnoDB DEFAULT CHARSET=utf8;
/*!40101 SET character_set_client = @saved_cs_client */;

--
-- Dumping data for table `sendmail_config`
--

LOCK TABLES `sendmail_config` WRITE;
/*!40000 ALTER TABLE `sendmail_config` DISABLE KEYS */;
INSERT INTO `sendmail_config` VALUES (1,'default','mail.mossle.com','bot@mossle.com','bot2mossle',1,0,'normal','bot@mossle.com',NULL,'1',465,1);
/*!40000 ALTER TABLE `sendmail_config` ENABLE KEYS */;
UNLOCK TABLES;

--
-- Table structure for table `sendmail_history`
--

DROP TABLE IF EXISTS `sendmail_history`;
/*!40101 SET @saved_cs_client     = @@character_set_client */;
/*!40101 SET character_set_client = utf8 */;
CREATE TABLE `sendmail_history` (
  `ID` bigint(20) NOT NULL,
  `SUBJECT` varchar(50) DEFAULT NULL,
  `SENDER` varchar(200) DEFAULT NULL,
  `RECEIVER` varchar(200) DEFAULT NULL,
  `CC` varchar(200) DEFAULT NULL,
  `BCC` varchar(200) DEFAULT NULL,
  `CONTENT` text,
  `ATTACHMENT` varchar(200) DEFAULT NULL,
  `DATA` text,
  `CREATE_TIME` timestamp NOT NULL DEFAULT CURRENT_TIMESTAMP ON UPDATE CURRENT_TIMESTAMP,
  `STATUS` varchar(50) DEFAULT NULL,
  `INFO` varchar(200) DEFAULT NULL,
  `CONFIG_ID` bigint(20) DEFAULT NULL,
  `TEMPLATE_ID` bigint(20) DEFAULT NULL,
  `TENANT_ID` varchar(200) DEFAULT NULL,
  PRIMARY KEY (`ID`),
  KEY `FK_SENDMAIL_HISTORY_CONFIG` (`CONFIG_ID`),
  KEY `FK_SENDMAIL_HISTORY_TEMPLATE` (`TEMPLATE_ID`),
  CONSTRAINT `FK_SENDMAIL_HISTORY_CONFIG` FOREIGN KEY (`CONFIG_ID`) REFERENCES `sendmail_config` (`ID`),
  CONSTRAINT `FK_SENDMAIL_HISTORY_TEMPLATE` FOREIGN KEY (`TEMPLATE_ID`) REFERENCES `sendmail_template` (`ID`)
) ENGINE=InnoDB DEFAULT CHARSET=utf8;
/*!40101 SET character_set_client = @saved_cs_client */;

--
-- Dumping data for table `sendmail_history`
--

LOCK TABLES `sendmail_history` WRITE;
/*!40000 ALTER TABLE `sendmail_history` DISABLE KEYS */;
INSERT INTO `sendmail_history` VALUES (253432175624192,'请假流程-临远-2016-08-11 11:17需要您审批','bot@mossle.com','king@mossle.com',NULL,NULL,'金您好，您有新任务需要处理——请假流程-临远-2016-08-11 11:17。<br><a href=\"http://localhost:8080/lemon/operation/task-operation-viewTaskForm.do?humanTaskId=253431964352512\">http://localhost:8080/lemon/operation/task-operation-viewTaskForm.do?humanTaskId=253431964352512</a>',NULL,NULL,'2016-08-11 03:52:53','error','Could not connect to SMTP host: mail.mossle.com, port: 465',NULL,NULL,'1');
/*!40000 ALTER TABLE `sendmail_history` ENABLE KEYS */;
UNLOCK TABLES;

--
-- Table structure for table `sendmail_queue`
--

DROP TABLE IF EXISTS `sendmail_queue`;
/*!40101 SET @saved_cs_client     = @@character_set_client */;
/*!40101 SET character_set_client = utf8 */;
CREATE TABLE `sendmail_queue` (
  `ID` bigint(20) NOT NULL,
  `SUBJECT` varchar(50) DEFAULT NULL,
  `SENDER` varchar(200) DEFAULT NULL,
  `RECEIVER` varchar(200) DEFAULT NULL,
  `CC` varchar(200) DEFAULT NULL,
  `BCC` varchar(200) DEFAULT NULL,
  `CONTENT` text,
  `ATTACHMENT` varchar(200) DEFAULT NULL,
  `DATA` text,
  `CREATE_TIME` timestamp NOT NULL DEFAULT CURRENT_TIMESTAMP ON UPDATE CURRENT_TIMESTAMP,
  `STATUS` varchar(50) DEFAULT NULL,
  `INFO` varchar(200) DEFAULT NULL,
  `CONFIG_ID` bigint(20) DEFAULT NULL,
  `TEMPLATE_ID` bigint(20) DEFAULT NULL,
  `TENANT_ID` varchar(200) DEFAULT NULL,
  PRIMARY KEY (`ID`),
  KEY `FK_SENDMAIL_QUEUE_CONFIG` (`CONFIG_ID`),
  KEY `FK_SENDMAIL_QUEUE_TEMPLATE` (`TEMPLATE_ID`),
  CONSTRAINT `FK_SENDMAIL_QUEUE_CONFIG` FOREIGN KEY (`CONFIG_ID`) REFERENCES `sendmail_config` (`ID`),
  CONSTRAINT `FK_SENDMAIL_QUEUE_TEMPLATE` FOREIGN KEY (`TEMPLATE_ID`) REFERENCES `sendmail_template` (`ID`)
) ENGINE=InnoDB DEFAULT CHARSET=utf8;
/*!40101 SET character_set_client = @saved_cs_client */;

--
-- Dumping data for table `sendmail_queue`
--

LOCK TABLES `sendmail_queue` WRITE;
/*!40000 ALTER TABLE `sendmail_queue` DISABLE KEYS */;
INSERT INTO `sendmail_queue` VALUES (253442852995072,'请假流程-tt-2016-08-11 12:03需要您审批',NULL,NULL,NULL,NULL,'ee您好，您有新任务需要处理——请假流程-tt-2016-08-11 12:03。<br><a href=\"http://localhost:8080/lemon/operation/task-operation-viewTaskForm.do?humanTaskId=253442852519936\">http://localhost:8080/lemon/operation/task-operation-viewTaskForm.do?humanTaskId=253442852519936</a>',NULL,NULL,'2016-08-11 04:03:44',NULL,NULL,NULL,NULL,'1'),(254985887825920,'请假流程-ee-2016-08-12 14:13需要您审批',NULL,NULL,NULL,NULL,'qq您好，您有新任务需要处理——请假流程-ee-2016-08-12 14:13。<br><a href=\"http://localhost:8080/lemon/operation/task-operation-viewTaskForm.do?humanTaskId=254985884745728\">http://localhost:8080/lemon/operation/task-operation-viewTaskForm.do?humanTaskId=254985884745728</a>',NULL,NULL,'2016-08-12 06:13:24',NULL,NULL,NULL,NULL,'1'),(263487481987072,'请假流程-张三-2016-08-18 14:21需要您审批',NULL,NULL,NULL,NULL,'qq您好，您有新任务需要处理——请假流程-张三-2016-08-18 14:21。<br><a href=\"http://localhost:8080/lemon/operation/task-operation-viewTaskForm.do?humanTaskId=263487477841920\">http://localhost:8080/lemon/operation/task-operation-viewTaskForm.do?humanTaskId=263487477841920</a>',NULL,NULL,'2016-08-18 06:21:40',NULL,NULL,NULL,NULL,'1'),(270376277229568,'请假流程-临远-2016-08-23 11:09需要您审批',NULL,NULL,NULL,NULL,'tt您好，您有新任务需要处理——请假流程-临远-2016-08-23 11:09。<br><a href=\"http://localhost:8080/lemon/operation/task-operation-viewTaskForm.do?humanTaskId=270376274198528\">http://localhost:8080/lemon/operation/task-operation-viewTaskForm.do?humanTaskId=270376274198528</a>',NULL,NULL,'2016-08-23 03:09:19',NULL,NULL,NULL,NULL,'1'),(270377575301120,'您的流程请假流程-临远-2016-08-23 11:09已经到达人事审批环节',NULL,'lingo@mossle.com',NULL,NULL,'临远您好，您的流程请假流程-临远-2016-08-23 11:09已经到达人事审批环节。<br><a href=\"http://localhost:8080/lemon/bpm/workspace-viewHistory.do?processInstanceId=15001\">http://localhost:8080/lemon/bpm/workspace-viewHistory.do?processInstanceId=15001</a>',NULL,NULL,'2016-08-23 03:10:38',NULL,NULL,NULL,NULL,'1'),(270513673584640,'请假流程-临远-2016-08-23 13:29需要您审批',NULL,NULL,NULL,NULL,'tt您好，您有新任务需要处理——请假流程-临远-2016-08-23 13:29。<br><a href=\"http://localhost:8080/lemon/operation/task-operation-viewTaskForm.do?humanTaskId=270513673076736\">http://localhost:8080/lemon/operation/task-operation-viewTaskForm.do?humanTaskId=270513673076736</a>',NULL,NULL,'2016-08-23 05:29:05',NULL,NULL,NULL,NULL,'1'),(270615267115008,'请假流程-临远-2016-08-23 15:12需要您审批',NULL,NULL,NULL,NULL,'tt您好，您有新任务需要处理——请假流程-临远-2016-08-23 15:12。<br><a href=\"http://localhost:8080/lemon/operation/task-operation-viewTaskForm.do?humanTaskId=270615266328576\">http://localhost:8080/lemon/operation/task-operation-viewTaskForm.do?humanTaskId=270615266328576</a>',NULL,NULL,'2016-08-23 07:12:25',NULL,NULL,NULL,NULL,'1'),(270615684644864,'您的流程请假流程-临远-2016-08-23 15:12已经到达人事审批环节',NULL,'lingo@mossle.com',NULL,NULL,'临远您好，您的流程请假流程-临远-2016-08-23 15:12已经到达人事审批环节。<br><a href=\"http://localhost:8080/lemon/bpm/workspace-viewHistory.do?processInstanceId=15077\">http://localhost:8080/lemon/bpm/workspace-viewHistory.do?processInstanceId=15077</a>',NULL,NULL,'2016-08-23 07:12:51',NULL,NULL,NULL,NULL,'1'),(270620309340160,'您的流程请假流程-临远-2016-08-23 15:12已经完成销假环节',NULL,'lingo@mossle.com',NULL,NULL,'临远您好，您的流程请假流程-临远-2016-08-23 15:12已经完成销假环节。<br><a href=\"http://localhost:8080/lemon/bpm/workspace-viewHistory.do?processInstanceId=15077\">http://localhost:8080/lemon/bpm/workspace-viewHistory.do?processInstanceId=15077</a>',NULL,NULL,'2016-08-23 07:17:33',NULL,NULL,NULL,NULL,'1'),(270757730631680,'请假流程-临远-2016-08-23 17:37需要您审批',NULL,NULL,NULL,NULL,'tt您好，您有新任务需要处理——请假流程-临远-2016-08-23 17:37。<br><a href=\"http://localhost:8080/lemon/operation/task-operation-viewTaskForm.do?humanTaskId=270757730238464\">http://localhost:8080/lemon/operation/task-operation-viewTaskForm.do?humanTaskId=270757730238464</a>',NULL,NULL,'2016-08-23 09:37:21',NULL,NULL,NULL,NULL,'1'),(271695218343936,'请假流程-临远-2016-08-24 09:31需要您审批',NULL,NULL,NULL,NULL,'tt您好，您有新任务需要处理——请假流程-临远-2016-08-24 09:31。<br><a href=\"http://localhost:8080/lemon/operation/task-operation-viewTaskForm.do?humanTaskId=271695214493696\">http://localhost:8080/lemon/operation/task-operation-viewTaskForm.do?humanTaskId=271695214493696</a>',NULL,NULL,'2016-08-24 01:31:00',NULL,NULL,NULL,NULL,'1'),(271696281731072,'您的流程请假流程-临远-2016-08-23 17:37已经到达人事审批环节',NULL,'lingo@mossle.com',NULL,NULL,'临远您好，您的流程请假流程-临远-2016-08-23 17:37已经到达人事审批环节。<br><a href=\"http://localhost:8080/lemon/bpm/workspace-viewHistory.do?processInstanceId=15210\">http://localhost:8080/lemon/bpm/workspace-viewHistory.do?processInstanceId=15210</a>',NULL,NULL,'2016-08-24 01:32:05',NULL,NULL,NULL,NULL,'1'),(277394350489600,'请假流程-临远-2016-08-28 10:08需要您审批',NULL,NULL,NULL,NULL,'tt您好，您有新任务需要处理——请假流程-临远-2016-08-28 10:08。<br><a href=\"http://localhost:8080/lemon/operation/task-operation-viewTaskForm.do?humanTaskId=277394347524096\">http://localhost:8080/lemon/operation/task-operation-viewTaskForm.do?humanTaskId=277394347524096</a>',NULL,NULL,'2016-08-28 02:08:28',NULL,NULL,NULL,NULL,'1'),(277601532264448,'请假流程-ee-2016-08-28 13:39需要您审批',NULL,'3347',NULL,NULL,'ww您好，您有新任务需要处理——请假流程-ee-2016-08-28 13:39。<br><a href=\"http://localhost:8080/lemon/operation/task-operation-viewTaskForm.do?humanTaskId=277601531461632\">http://localhost:8080/lemon/operation/task-operation-viewTaskForm.do?humanTaskId=277601531461632</a>',NULL,NULL,'2016-08-28 05:39:13',NULL,NULL,NULL,NULL,'1');
/*!40000 ALTER TABLE `sendmail_queue` ENABLE KEYS */;
UNLOCK TABLES;

--
-- Table structure for table `sendmail_template`
--

DROP TABLE IF EXISTS `sendmail_template`;
/*!40101 SET @saved_cs_client     = @@character_set_client */;
/*!40101 SET character_set_client = utf8 */;
CREATE TABLE `sendmail_template` (
  `ID` bigint(20) NOT NULL,
  `NAME` varchar(50) DEFAULT NULL,
  `RECEIVER` varchar(200) DEFAULT NULL,
  `SENDER` varchar(200) DEFAULT NULL,
  `CC` varchar(200) DEFAULT NULL,
  `BCC` varchar(200) DEFAULT NULL,
  `SUBJECT` varchar(200) DEFAULT NULL,
  `CONTENT` text,
  `MANUAL` int(11) DEFAULT NULL,
  `TENANT_ID` varchar(200) DEFAULT NULL,
  PRIMARY KEY (`ID`)
) ENGINE=InnoDB DEFAULT CHARSET=utf8;
/*!40101 SET character_set_client = @saved_cs_client */;

--
-- Dumping data for table `sendmail_template`
--

LOCK TABLES `sendmail_template` WRITE;
/*!40000 ALTER TABLE `sendmail_template` DISABLE KEYS */;
INSERT INTO `sendmail_template` VALUES (1,'test','lingo<lingo@mossle.com>,vivian<vivian@mossle.com>','测试<lingo@mossle.com>',NULL,NULL,'test','test',0,NULL),(2,'template','演示<lingo@mossle.com>','测试<lingo@mossle.com>',NULL,NULL,'template','${name}<#list list as item>${item}</#list>',1,NULL);
/*!40000 ALTER TABLE `sendmail_template` ENABLE KEYS */;
UNLOCK TABLES;

--
-- Table structure for table `sendsms_config`
--

DROP TABLE IF EXISTS `sendsms_config`;
/*!40101 SET @saved_cs_client     = @@character_set_client */;
/*!40101 SET character_set_client = utf8 */;
CREATE TABLE `sendsms_config` (
  `ID` bigint(20) NOT NULL DEFAULT '0',
  `NAME` varchar(50) DEFAULT NULL,
  `HOST` varchar(200) DEFAULT NULL,
  `USERNAME` varchar(200) DEFAULT NULL,
  `PASSWORD` varchar(200) DEFAULT NULL,
  `APP_ID` varchar(50) DEFAULT NULL,
  `DESCRIPTION` varchar(200) DEFAULT NULL,
  `MOBILE_FIELD_NAME` varchar(50) DEFAULT NULL,
  `MESSAGE_FIELD_NAME` varchar(50) DEFAULT NULL,
  `TENANT_ID` varchar(50) DEFAULT NULL,
  PRIMARY KEY (`ID`)
) ENGINE=InnoDB DEFAULT CHARSET=utf8;
/*!40101 SET character_set_client = @saved_cs_client */;

--
-- Dumping data for table `sendsms_config`
--

LOCK TABLES `sendsms_config` WRITE;
/*!40000 ALTER TABLE `sendsms_config` DISABLE KEYS */;
INSERT INTO `sendsms_config` VALUES (1,'default','http://localhost/sms','username','password','1',NULL,'mobile','message',NULL);
/*!40000 ALTER TABLE `sendsms_config` ENABLE KEYS */;
UNLOCK TABLES;

--
-- Table structure for table `sendsms_history`
--

DROP TABLE IF EXISTS `sendsms_history`;
/*!40101 SET @saved_cs_client     = @@character_set_client */;
/*!40101 SET character_set_client = utf8 */;
CREATE TABLE `sendsms_history` (
  `ID` bigint(20) NOT NULL DEFAULT '0',
  `MOBILE` varchar(50) DEFAULT NULL,
  `MESSAGE` varchar(200) DEFAULT NULL,
  `CREATE_TIME` timestamp NOT NULL DEFAULT CURRENT_TIMESTAMP ON UPDATE CURRENT_TIMESTAMP,
  `STATUS` varchar(50) DEFAULT NULL,
  `INFO` varchar(200) DEFAULT NULL,
  `CONFIG_ID` bigint(20) DEFAULT NULL,
  `TENANT_ID` varchar(50) DEFAULT NULL,
  PRIMARY KEY (`ID`),
  KEY `FK_SENDSMS_HISTORY_CONFIG` (`CONFIG_ID`),
  CONSTRAINT `FK_SENDSMS_HISTORY_CONFIG` FOREIGN KEY (`CONFIG_ID`) REFERENCES `sendsms_config` (`ID`)
) ENGINE=InnoDB DEFAULT CHARSET=utf8;
/*!40101 SET character_set_client = @saved_cs_client */;

--
-- Dumping data for table `sendsms_history`
--

LOCK TABLES `sendsms_history` WRITE;
/*!40000 ALTER TABLE `sendsms_history` DISABLE KEYS */;
/*!40000 ALTER TABLE `sendsms_history` ENABLE KEYS */;
UNLOCK TABLES;

--
-- Table structure for table `sendsms_queue`
--

DROP TABLE IF EXISTS `sendsms_queue`;
/*!40101 SET @saved_cs_client     = @@character_set_client */;
/*!40101 SET character_set_client = utf8 */;
CREATE TABLE `sendsms_queue` (
  `ID` bigint(20) NOT NULL DEFAULT '0',
  `MOBILE` varchar(50) DEFAULT NULL,
  `MESSAGE` varchar(200) DEFAULT NULL,
  `CREATE_TIME` timestamp NOT NULL DEFAULT CURRENT_TIMESTAMP ON UPDATE CURRENT_TIMESTAMP,
  `STATUS` varchar(50) DEFAULT NULL,
  `INFO` varchar(200) DEFAULT NULL,
  `CONFIG_ID` bigint(20) DEFAULT NULL,
  `TENANT_ID` varchar(50) DEFAULT NULL,
  PRIMARY KEY (`ID`),
  KEY `FK_SENDSMS_QUEUE_CONFIG` (`CONFIG_ID`),
  CONSTRAINT `FK_SENDSMS_QUEUE_CONFIG` FOREIGN KEY (`CONFIG_ID`) REFERENCES `sendsms_config` (`ID`)
) ENGINE=InnoDB DEFAULT CHARSET=utf8;
/*!40101 SET character_set_client = @saved_cs_client */;

--
-- Dumping data for table `sendsms_queue`
--

LOCK TABLES `sendsms_queue` WRITE;
/*!40000 ALTER TABLE `sendsms_queue` DISABLE KEYS */;
/*!40000 ALTER TABLE `sendsms_queue` ENABLE KEYS */;
UNLOCK TABLES;

--
-- Table structure for table `sign_info`
--

DROP TABLE IF EXISTS `sign_info`;
/*!40101 SET @saved_cs_client     = @@character_set_client */;
/*!40101 SET character_set_client = utf8 */;
CREATE TABLE `sign_info` (
  `ID` bigint(20) NOT NULL,
  `USER_ID` varchar(64) DEFAULT NULL,
  `CREATE_TIME` datetime DEFAULT NULL,
  `CATALOG` varchar(50) DEFAULT NULL,
  `TYPE` varchar(50) DEFAULT NULL,
  `REF` varchar(100) DEFAULT NULL,
  `TENANT_ID` varchar(64) DEFAULT NULL,
  PRIMARY KEY (`ID`)
) ENGINE=InnoDB DEFAULT CHARSET=utf8;
/*!40101 SET character_set_client = @saved_cs_client */;

--
-- Dumping data for table `sign_info`
--

LOCK TABLES `sign_info` WRITE;
/*!40000 ALTER TABLE `sign_info` DISABLE KEYS */;
/*!40000 ALTER TABLE `sign_info` ENABLE KEYS */;
UNLOCK TABLES;

--
-- Table structure for table `socialsecurity_info`
--

DROP TABLE IF EXISTS `socialsecurity_info`;
/*!40101 SET @saved_cs_client     = @@character_set_client */;
/*!40101 SET character_set_client = utf8 */;
CREATE TABLE `socialsecurity_info` (
  `ID` bigint(20) NOT NULL,
  `NAME` varchar(200) DEFAULT NULL,
  `CREATE_TIME` datetime DEFAULT NULL,
  `STATUS` varchar(50) DEFAULT NULL,
  `TYPE` varchar(50) DEFAULT NULL,
  `MONEY` double DEFAULT NULL,
  `START_TIME` datetime DEFAULT NULL,
  `END_TIME` datetime DEFAULT NULL,
  `EMPLOYEE_ID` varchar(64) DEFAULT NULL,
  `TENANT_ID` varchar(64) DEFAULT NULL,
  PRIMARY KEY (`ID`)
) ENGINE=InnoDB DEFAULT CHARSET=utf8;
/*!40101 SET character_set_client = @saved_cs_client */;

--
-- Dumping data for table `socialsecurity_info`
--

LOCK TABLES `socialsecurity_info` WRITE;
/*!40000 ALTER TABLE `socialsecurity_info` DISABLE KEYS */;
/*!40000 ALTER TABLE `socialsecurity_info` ENABLE KEYS */;
UNLOCK TABLES;

--
-- Table structure for table `stamp_info`
--

DROP TABLE IF EXISTS `stamp_info`;
/*!40101 SET @saved_cs_client     = @@character_set_client */;
/*!40101 SET character_set_client = utf8 */;
CREATE TABLE `stamp_info` (
  `ID` bigint(20) NOT NULL,
  `NAME` varchar(200) DEFAULT NULL,
  `TYPE` varchar(50) DEFAULT NULL,
  `DESCRIPTION` varchar(200) DEFAULT NULL,
  `TENANT_ID` varchar(64) DEFAULT NULL,
  PRIMARY KEY (`ID`)
) ENGINE=InnoDB DEFAULT CHARSET=utf8;
/*!40101 SET character_set_client = @saved_cs_client */;

--
-- Dumping data for table `stamp_info`
--

LOCK TABLES `stamp_info` WRITE;
/*!40000 ALTER TABLE `stamp_info` DISABLE KEYS */;
/*!40000 ALTER TABLE `stamp_info` ENABLE KEYS */;
UNLOCK TABLES;

--
-- Table structure for table `store_info`
--

DROP TABLE IF EXISTS `store_info`;
/*!40101 SET @saved_cs_client     = @@character_set_client */;
/*!40101 SET character_set_client = utf8 */;
CREATE TABLE `store_info` (
  `ID` bigint(20) NOT NULL,
  `NAME` varchar(200) DEFAULT NULL,
  `MODEL` varchar(50) DEFAULT NULL,
  `PATH` varchar(200) DEFAULT NULL,
  `TYPE` varchar(50) DEFAULT NULL,
  `SIZE` bigint(20) DEFAULT NULL,
  `CREATE_TIME` timestamp NOT NULL DEFAULT CURRENT_TIMESTAMP ON UPDATE CURRENT_TIMESTAMP,
  `TENANT_ID` varchar(200) DEFAULT NULL,
  PRIMARY KEY (`ID`)
) ENGINE=InnoDB DEFAULT CHARSET=utf8;
/*!40101 SET character_set_client = @saved_cs_client */;

--
-- Dumping data for table `store_info`
--

LOCK TABLES `store_info` WRITE;
/*!40000 ALTER TABLE `store_info` DISABLE KEYS */;
INSERT INTO `store_info` VALUES (267686851182592,'default.jpg','avatar','default-80.jpg',NULL,NULL,'2016-08-21 05:33:30','1'),(271759910420482,'601536.txt','form','20160824/1b9ed044-ac0e-452b-a091-5607b21d1b49.txt',NULL,NULL,'2016-08-24 02:36:49','1'),(271766822879236,'OAEX.xls','form','20160824/1591ad81-1b1d-4fda-b7d2-5ce2ad13e154.xls',NULL,NULL,'2016-08-24 02:43:51','1'),(271782491750402,'601536.txt','form','20160824/b0476c74-90c2-4462-a6b5-8f74985c153f.txt',NULL,NULL,'2016-08-24 02:59:48','1'),(271828669759493,'601536.txt','form','20160824/49756345-f0f7-4f0f-a39f-afd01ac9fb96.txt',NULL,NULL,'2016-08-24 03:46:46','1'),(279044636803072,'lemon.sql','default/user/1','20160829/5b6f766e-a377-4f41-9f91-95e9bc7f67eb.sql',NULL,NULL,'2016-08-29 06:07:14','1'),(279049063448576,'','cms/html/r/attachments','20160829/9e175a24-41dd-4285-ad5c-cd51ca0b8223',NULL,NULL,'2016-08-29 06:11:44','1');
/*!40000 ALTER TABLE `store_info` ENABLE KEYS */;
UNLOCK TABLES;

--
-- Table structure for table `task_conf_user`
--

DROP TABLE IF EXISTS `task_conf_user`;
/*!40101 SET @saved_cs_client     = @@character_set_client */;
/*!40101 SET character_set_client = utf8 */;
CREATE TABLE `task_conf_user` (
  `ID` bigint(20) NOT NULL,
  `BUSINESS_KEY` varchar(200) DEFAULT NULL,
  `CODE` varchar(200) DEFAULT NULL,
  `VALUE` varchar(200) DEFAULT NULL,
  PRIMARY KEY (`ID`)
) ENGINE=InnoDB DEFAULT CHARSET=utf8;
/*!40101 SET character_set_client = @saved_cs_client */;

--
-- Dumping data for table `task_conf_user`
--

LOCK TABLES `task_conf_user` WRITE;
/*!40000 ALTER TABLE `task_conf_user` DISABLE KEYS */;
/*!40000 ALTER TABLE `task_conf_user` ENABLE KEYS */;
UNLOCK TABLES;

--
-- Table structure for table `task_deadline`
--

DROP TABLE IF EXISTS `task_deadline`;
/*!40101 SET @saved_cs_client     = @@character_set_client */;
/*!40101 SET character_set_client = utf8 */;
CREATE TABLE `task_deadline` (
  `ID` bigint(20) NOT NULL,
  `TYPE` varchar(100) DEFAULT NULL,
  `DEADLINE_TIME` datetime DEFAULT NULL,
  `TRIGGER_TIME` datetime DEFAULT NULL,
  `REPEAT_TIMES` int(11) DEFAULT NULL,
  `NOTIFICATION_TYPE` varchar(200) DEFAULT NULL,
  `NOTIFICATION_RECEIVER` varchar(200) DEFAULT NULL,
  `NOTIFICATION_TEMPLATE_CODE` varchar(200) DEFAULT NULL,
  `REASSIGNMENT` varchar(200) DEFAULT NULL,
  `OPERATION` varchar(200) DEFAULT NULL,
  `TASK_ID` bigint(20) DEFAULT NULL,
  PRIMARY KEY (`ID`),
  KEY `FK_TASK_DEADLINE_TASK` (`TASK_ID`),
  CONSTRAINT `FK_TASK_DEADLINE_TASK` FOREIGN KEY (`TASK_ID`) REFERENCES `task_info` (`ID`)
) ENGINE=InnoDB DEFAULT CHARSET=utf8;
/*!40101 SET character_set_client = @saved_cs_client */;

--
-- Dumping data for table `task_deadline`
--

LOCK TABLES `task_deadline` WRITE;
/*!40000 ALTER TABLE `task_deadline` DISABLE KEYS */;
/*!40000 ALTER TABLE `task_deadline` ENABLE KEYS */;
UNLOCK TABLES;

--
-- Table structure for table `task_def_base`
--

DROP TABLE IF EXISTS `task_def_base`;
/*!40101 SET @saved_cs_client     = @@character_set_client */;
/*!40101 SET character_set_client = utf8 */;
CREATE TABLE `task_def_base` (
  `ID` bigint(20) NOT NULL,
  `CODE` varchar(100) DEFAULT NULL,
  `NAME` varchar(200) DEFAULT NULL,
  `PROCESS_DEFINITION_ID` varchar(200) DEFAULT NULL,
  `FORM_KEY` varchar(200) DEFAULT NULL,
  `FORM_TYPE` varchar(50) DEFAULT NULL,
  `COUNTERSIGN_TYPE` varchar(50) DEFAULT NULL,
  `COUNTERSIGN_USER` varchar(200) DEFAULT NULL,
  `COUNTERSIGN_STRATEGY` varchar(50) DEFAULT NULL,
  `COUNTERSIGN_RATE` int(11) DEFAULT NULL,
  `ASSIGN_STRATEGY` varchar(100) DEFAULT NULL,
  `PROCESS_DEFINITION_KEY` varchar(100) DEFAULT NULL,
  `PROCESS_DEFINITION_VERSION` int(11) DEFAULT NULL,
  PRIMARY KEY (`ID`)
) ENGINE=InnoDB DEFAULT CHARSET=utf8;
/*!40101 SET character_set_client = @saved_cs_client */;

--
-- Dumping data for table `task_def_base`
--

LOCK TABLES `task_def_base` WRITE;
/*!40000 ALTER TABLE `task_def_base` DISABLE KEYS */;
INSERT INTO `task_def_base` VALUES (1,'taskuser-2','部门领导审批','vacation:1:12','vacation-department','internal',NULL,NULL,NULL,NULL,NULL,'vacation',1),(2,'taskuser-3','人事审批','vacation:1:12','vacation-hr','internal',NULL,NULL,NULL,NULL,NULL,'vacation',1),(3,'taskuser-6','销假','vacation:1:12','vacation-finish','internal',NULL,NULL,NULL,NULL,NULL,'vacation',1),(4,'usertask2',NULL,NULL,NULL,NULL,NULL,NULL,NULL,NULL,NULL,'publish',1),(5,'usertask3',NULL,NULL,NULL,NULL,NULL,NULL,NULL,NULL,NULL,'publish',1),(101,'usertask1','发起申请','permission:1:4','permission-request','internal',NULL,NULL,NULL,NULL,NULL,'permission',1),(102,'usertask2','部门经理审批','permission:1:4','permission-department','internal',NULL,NULL,NULL,NULL,NULL,'permission',1),(103,'usertask3','总经理审批','permission:1:4','permission-manager','internal',NULL,NULL,NULL,NULL,NULL,'permission',1),(246664243691520,'taskuser-1','发文','publish:1:8','publish-request','internal',NULL,NULL,NULL,NULL,NULL,'publish',1),(246664244117504,'taskuser-2','部门领导审批','publish:1:8','publish-manager','internal',NULL,NULL,NULL,NULL,NULL,'publish',1),(246664244920320,'taskuser-3','会签','publish:1:8','publish-countersign','internal','parallel',NULL,'percent',100,NULL,'publish',1),(246664245395456,'taskuser-6','归档','publish:1:8','publish-finish','internal',NULL,NULL,NULL,NULL,NULL,'publish',1),(246664251932672,'taskuser-1','填写请假单','vacation:1:12','vacation-request','internal',NULL,NULL,NULL,NULL,NULL,'vacation',1),(246664252882944,'taskuser-5','调整申请','vacation:1:12','vacation-modify','internal',NULL,NULL,NULL,NULL,NULL,'vacation',1),(253449255780352,'sid-4AE0273C-4BD1-45A5-9053-22DBB28EDC13','填写请假条','process:1:5040',NULL,NULL,NULL,NULL,NULL,NULL,NULL,'process',1),(253449255927808,'sid-93D14684-407C-4037-BB98-76F731423DD1','审批','process:1:5040',NULL,NULL,NULL,NULL,NULL,NULL,NULL,'process',1),(253695811076096,'sid-4AE0273C-4BD1-45A5-9053-22DBB28EDC13','填写请假条','process:2:5076',NULL,NULL,NULL,NULL,NULL,NULL,NULL,'process',2),(253695811223552,'sid-93D14684-407C-4037-BB98-76F731423DD1','审批','process:2:5076',NULL,NULL,NULL,NULL,NULL,NULL,NULL,'process',2),(253698612183040,'sid-4AE0273C-4BD1-45A5-9053-22DBB28EDC13','填写请假条','process:3:5080',NULL,NULL,NULL,NULL,NULL,NULL,NULL,'process',3),(253698612412416,'sid-93D14684-407C-4037-BB98-76F731423DD1','审批','process:3:5080',NULL,NULL,NULL,NULL,NULL,NULL,NULL,'process',3),(253700457725952,'sid-4AE0273C-4BD1-45A5-9053-22DBB28EDC13','填写请假条','process:4:5084',NULL,NULL,NULL,NULL,NULL,NULL,NULL,'process',4),(253700457873408,'sid-93D14684-407C-4037-BB98-76F731423DD1','审批','process:4:5084',NULL,NULL,NULL,NULL,NULL,NULL,NULL,'process',4),(269439866699776,'sid-282B1A80-8CCA-4D3A-A4FC-6F973E25CD38',NULL,'process:5:12506',NULL,NULL,NULL,NULL,NULL,NULL,NULL,'process',5),(269440178667520,'sid-282B1A80-8CCA-4D3A-A4FC-6F973E25CD38',NULL,'process:6:12510',NULL,NULL,NULL,NULL,NULL,NULL,NULL,'process',6),(269440613122048,'sid-282B1A80-8CCA-4D3A-A4FC-6F973E25CD38',NULL,'process:7:12514',NULL,NULL,NULL,NULL,NULL,NULL,NULL,'process',7),(269440799522816,'sid-282B1A80-8CCA-4D3A-A4FC-6F973E25CD38',NULL,'process:8:12518',NULL,NULL,NULL,NULL,NULL,NULL,NULL,'process',8),(270439822491648,'sid-282B1A80-8CCA-4D3A-A4FC-6F973E25CD38',NULL,'process:1:15052',NULL,NULL,NULL,NULL,NULL,NULL,NULL,'process',1),(270444573409280,'sid-B42805EC-3B82-4E88-BCEB-E93869BF5284','请假','process:1:15058',NULL,NULL,NULL,NULL,NULL,NULL,NULL,'process',1),(270444573540352,'sid-62CC9B4B-804C-44D6-AC40-9E4DD72CCA0D','上级审批','process:1:15058',NULL,NULL,NULL,NULL,NULL,NULL,NULL,'process',1),(270678117040128,'sid-B42805EC-3B82-4E88-BCEB-E93869BF5284','请假','process:2:15160',NULL,NULL,NULL,NULL,NULL,NULL,NULL,'process',2),(270678117679104,'sid-62CC9B4B-804C-44D6-AC40-9E4DD72CCA0D','上级审批','process:2:15160',NULL,NULL,NULL,NULL,NULL,NULL,NULL,'process',2),(270691192700928,'sid-B42805EC-3B82-4E88-BCEB-E93869BF5284','请假','process:3:15164',NULL,NULL,NULL,NULL,NULL,NULL,NULL,'process',3),(270691192897536,'sid-62CC9B4B-804C-44D6-AC40-9E4DD72CCA0D','上级审批','process:3:15164',NULL,NULL,NULL,NULL,NULL,NULL,NULL,'process',3),(270704742072320,'usertask1','User Task','myProcess:1:15168',NULL,NULL,NULL,NULL,NULL,NULL,NULL,'myProcess',1),(270704742350848,'usertask2','User Task','myProcess:1:15168',NULL,NULL,NULL,NULL,NULL,NULL,NULL,'myProcess',1),(270704743350272,'usertask3','User Task','myProcess:1:15168',NULL,NULL,NULL,NULL,NULL,NULL,NULL,'myProcess',1),(270743755522048,'sid-B42805EC-3B82-4E88-BCEB-E93869BF5284','请假','process:4:15173','vacation-request-student','internal',NULL,NULL,NULL,NULL,NULL,'process',4),(270743755702272,'sid-62CC9B4B-804C-44D6-AC40-9E4DD72CCA0D','上级审批','process:4:15173','vacation-department1','internal',NULL,NULL,NULL,NULL,NULL,'process',4),(277358498037760,'sid-92464D4A-380E-4D73-875E-E77E82399CEC','填写请假单','process:5:20004',NULL,NULL,NULL,NULL,NULL,NULL,NULL,'process',5),(277358498250752,'sid-2A5BFF60-DE0C-4DB9-954A-BA57F5611EE5','辅导员审批','process:5:20004',NULL,NULL,NULL,NULL,NULL,NULL,NULL,'process',5),(277358498447360,'sid-9D95D662-1BB9-4571-AEE9-D7A12E9F85FF','调整申请','process:5:20004',NULL,NULL,NULL,NULL,NULL,NULL,NULL,'process',5),(277358498709504,'sid-5732769D-2626-4CE0-98E5-40B1E96645C9','销假','process:5:20004',NULL,NULL,NULL,NULL,NULL,NULL,NULL,'process',5),(277358498971648,'sid-19ABB7E8-A781-4964-83DE-CBD2598A1C66','院系领导审批','process:5:20004',NULL,NULL,NULL,NULL,NULL,NULL,NULL,'process',5),(277361276338176,'sid-92464D4A-380E-4D73-875E-E77E82399CEC','填写请假单','vacation-student:1:20008','vacation-request-student','internal',NULL,NULL,NULL,NULL,NULL,'vacation-student',1),(277361276780544,'sid-2A5BFF60-DE0C-4DB9-954A-BA57F5611EE5','辅导员审批','vacation-student:1:20008','vocation-depart-student','internal',NULL,NULL,NULL,NULL,NULL,'vacation-student',1),(277361277108224,'sid-5732769D-2626-4CE0-98E5-40B1E96645C9','销假','vacation-student:1:20008',' 	vacation-finish-student','internal',NULL,NULL,NULL,NULL,NULL,'vacation-student',1),(277361277468672,'sid-19ABB7E8-A781-4964-83DE-CBD2598A1C66','院系领导审批','vacation-student:1:20008',' 	vacation-leader-student','internal',NULL,NULL,NULL,NULL,NULL,'vacation-student',1),(277361277779968,'sid-9D95D662-1BB9-4571-AEE9-D7A12E9F85FF','调整申请','vacation-student:1:20008',' 	vacation-modify-student','internal',NULL,NULL,NULL,NULL,NULL,'vacation-student',1),(277404968960000,'sid-92464D4A-380E-4D73-875E-E77E82399CEC','填写请假单','vacation-student:2:20087','vacation-request-student','internal',NULL,NULL,NULL,NULL,NULL,'vacation-student',2),(277404969140224,'sid-2A5BFF60-DE0C-4DB9-954A-BA57F5611EE5','辅导员审批','vacation-student:2:20087','vocation-depart-student','internal',NULL,NULL,NULL,NULL,NULL,'vacation-student',2),(277404969304064,'sid-5732769D-2626-4CE0-98E5-40B1E96645C9','销假','vacation-student:2:20087','vacation-finish-student','internal',NULL,NULL,NULL,NULL,NULL,'vacation-student',2),(277404969533440,'sid-19ABB7E8-A781-4964-83DE-CBD2598A1C66','院系领导审批','vacation-student:2:20087','vacation-leader-student','internal',NULL,NULL,NULL,NULL,NULL,'vacation-student',2),(277404969844736,'sid-9D95D662-1BB9-4571-AEE9-D7A12E9F85FF','调整申请','vacation-student:2:20087','vacation-modify-student','internal',NULL,NULL,NULL,NULL,NULL,'vacation-student',2),(277424166502400,'sid-92464D4A-380E-4D73-875E-E77E82399CEC','填写请假单','vacation-student:3:20113',NULL,NULL,NULL,NULL,NULL,NULL,NULL,'vacation-student',3),(277424166633472,'sid-2A5BFF60-DE0C-4DB9-954A-BA57F5611EE5','辅导员审批','vacation-student:3:20113',NULL,NULL,NULL,NULL,NULL,NULL,NULL,'vacation-student',3),(277424166764544,'sid-5732769D-2626-4CE0-98E5-40B1E96645C9','销假','vacation-student:3:20113',NULL,NULL,NULL,NULL,NULL,NULL,NULL,'vacation-student',3),(277424167026688,'sid-19ABB7E8-A781-4964-83DE-CBD2598A1C66','院系领导审批','vacation-student:3:20113',NULL,NULL,NULL,NULL,NULL,NULL,NULL,'vacation-student',3),(277424167239680,'sid-9D95D662-1BB9-4571-AEE9-D7A12E9F85FF','调整申请','vacation-student:3:20113',NULL,NULL,NULL,NULL,NULL,NULL,NULL,'vacation-student',3),(277428372144128,'sid-92464D4A-380E-4D73-875E-E77E82399CEC','填写请假单','vacation-student:4:20117','vacation-request-student','internal',NULL,NULL,NULL,NULL,NULL,'vacation-student',4),(277428372307968,'sid-2A5BFF60-DE0C-4DB9-954A-BA57F5611EE5','辅导员审批','vacation-student:4:20117','vocation-depart-student','internal',NULL,NULL,NULL,NULL,NULL,'vacation-student',4),(277428372455424,'sid-5732769D-2626-4CE0-98E5-40B1E96645C9','销假','vacation-student:4:20117','vacation-finish-student','internal',NULL,NULL,NULL,NULL,NULL,'vacation-student',4),(277428372783104,'sid-19ABB7E8-A781-4964-83DE-CBD2598A1C66','院系领导审批','vacation-student:4:20117','vacation-leader-student','internal',NULL,NULL,NULL,NULL,NULL,'vacation-student',4),(277428372996096,'sid-9D95D662-1BB9-4571-AEE9-D7A12E9F85FF','调整申请','vacation-student:4:20117','vacation-modify-student','internal',NULL,NULL,NULL,NULL,NULL,'vacation-student',4),(280494059323392,'usertask1','发起申请','permission:2:22504','permission-request','internal',NULL,NULL,NULL,NULL,NULL,'permission',2),(280494064041984,'usertask2','部门经理审批','permission:2:22504','permission-department','internal',NULL,NULL,NULL,NULL,NULL,'permission',2),(280494064467968,'usertask3','总经理审批','permission:2:22504','permission-manager','internal',NULL,NULL,NULL,NULL,NULL,'permission',2),(280494069792768,'taskuser-1','发文','publish:2:22508','publish-request','internal',NULL,NULL,NULL,NULL,NULL,'publish',2),(280494070267904,'taskuser-2','部门领导审批','publish:2:22508','publish-manager','internal',NULL,NULL,NULL,NULL,NULL,'publish',2),(280494070775808,'taskuser-3','会签','publish:2:22508','publish-countersign','internal','parallel',NULL,'percent',100,NULL,'publish',2),(280494071316480,'taskuser-6','归档','publish:2:22508','publish-finish','internal',NULL,NULL,NULL,NULL,NULL,'publish',2),(280494076936192,'taskuser-1','填写请假单','vacation:2:22512','vacation-request','internal',NULL,NULL,NULL,NULL,NULL,'vacation',2),(280494077575168,'taskuser-2','部门领导审批','vacation:2:22512','vacation-department','internal',NULL,NULL,NULL,NULL,NULL,'vacation',2),(280494077886464,'taskuser-3','人事审批','vacation:2:22512','vacation-hr','internal',NULL,NULL,NULL,NULL,NULL,'vacation',2),(280494078230528,'taskuser-5','调整申请','vacation:2:22512','vacation-modify','internal',NULL,NULL,NULL,NULL,NULL,'vacation',2),(280494078771200,'taskuser-6','销假','vacation:2:22512','vacation-finish','internal',NULL,NULL,NULL,NULL,NULL,'vacation',2),(280556614320128,'usertask1','发起申请','permission:3:25004','permission-request','internal',NULL,NULL,NULL,NULL,NULL,'permission',3),(280556614811648,'usertask2','部门经理审批','permission:3:25004','permission-department','internal',NULL,NULL,NULL,NULL,NULL,'permission',3),(280556615188480,'usertask3','总经理审批','permission:3:25004','permission-manager','internal',NULL,NULL,NULL,NULL,NULL,'permission',3),(280556617777152,'taskuser-1','发文','publish:3:25008','publish-request','internal',NULL,NULL,NULL,NULL,NULL,'publish',3),(280556618055680,'taskuser-2','部门领导审批','publish:3:25008','publish-manager','internal',NULL,NULL,NULL,NULL,NULL,'publish',3),(280556618514432,'taskuser-3','会签','publish:3:25008','publish-countersign','internal','parallel',NULL,'percent',100,NULL,'publish',3),(280556618825728,'taskuser-6','归档','publish:3:25008','publish-finish','internal',NULL,NULL,NULL,NULL,NULL,'publish',3),(280556622381056,'taskuser-1','填写请假单','vacation:3:25012','vacation-request','internal',NULL,NULL,NULL,NULL,NULL,'vacation',3),(280556622626816,'taskuser-2','部门领导审批','vacation:3:25012','vacation-department','internal',NULL,NULL,NULL,NULL,NULL,'vacation',3),(280556622888960,'taskuser-3','人事审批','vacation:3:25012','vacation-hr','internal',NULL,NULL,NULL,NULL,NULL,'vacation',3),(280556623151104,'taskuser-5','调整申请','vacation:3:25012','vacation-modify','internal',NULL,NULL,NULL,NULL,NULL,'vacation',3),(280556623560704,'taskuser-6','销假','vacation:3:25012','vacation-finish','internal',NULL,NULL,NULL,NULL,NULL,'vacation',3),(280568935071744,'usertask1','发起申请','permission:4:27506','permission-request','internal',NULL,NULL,NULL,NULL,NULL,'permission',4),(280568935907328,'usertask2','部门经理审批','permission:4:27506','permission-department','internal',NULL,NULL,NULL,NULL,NULL,'permission',4),(280568936431616,'usertask3','总经理审批','permission:4:27506','permission-manager','internal',NULL,NULL,NULL,NULL,NULL,'permission',4),(280568942772224,'taskuser-1','发文','publish:4:27510','publish-request','internal',NULL,NULL,NULL,NULL,NULL,'publish',4),(280568943198208,'taskuser-2','部门领导审批','publish:4:27510','publish-manager','internal',NULL,NULL,NULL,NULL,NULL,'publish',4),(280568943869952,'taskuser-3','会签','publish:4:27510','publish-countersign','internal','parallel',NULL,'percent',100,NULL,'publish',4),(280568944279552,'taskuser-6','归档','publish:4:27510','publish-finish','internal',NULL,NULL,NULL,NULL,NULL,'publish',4),(280568951767040,'taskuser-1','填写请假单','vacation:4:27514','vacation-request','internal',NULL,NULL,NULL,NULL,NULL,'vacation',4),(280568952160256,'taskuser-2','部门领导审批','vacation:4:27514','vacation-department','internal',NULL,NULL,NULL,NULL,NULL,'vacation',4),(280568952471552,'taskuser-3','人事审批','vacation:4:27514','vacation-hr','internal',NULL,NULL,NULL,NULL,NULL,'vacation',4),(280568952815616,'taskuser-5','调整申请','vacation:4:27514','vacation-modify','internal',NULL,NULL,NULL,NULL,NULL,'vacation',4),(280568953487360,'taskuser-6','销假','vacation:4:27514','vacation-finish','internal',NULL,NULL,NULL,NULL,NULL,'vacation',4);
/*!40000 ALTER TABLE `task_def_base` ENABLE KEYS */;
UNLOCK TABLES;

--
-- Table structure for table `task_def_deadline`
--

DROP TABLE IF EXISTS `task_def_deadline`;
/*!40101 SET @saved_cs_client     = @@character_set_client */;
/*!40101 SET character_set_client = utf8 */;
CREATE TABLE `task_def_deadline` (
  `ID` bigint(20) NOT NULL,
  `TYPE` varchar(50) DEFAULT NULL,
  `DURATION` varchar(100) DEFAULT NULL,
  `STATUS` varchar(50) DEFAULT NULL,
  `ESCALATION_TYPE` varchar(50) DEFAULT NULL,
  `NOTIFICATION_CONDITION` varchar(200) DEFAULT NULL,
  `NOTIFICATION_TYPE` varchar(200) DEFAULT NULL,
  `NOTIFICATION_RECEIVER` varchar(200) DEFAULT NULL,
  `NOTIFICATION_TEMPLATE_CODE` varchar(200) DEFAULT NULL,
  `REASSGINMENT` varchar(200) DEFAULT NULL,
  `OPERATION` varchar(200) DEFAULT NULL,
  `BASE_ID` bigint(20) DEFAULT NULL,
  PRIMARY KEY (`ID`),
  KEY `FK_TASK_DEF_DEADLINE_BASE` (`BASE_ID`),
  CONSTRAINT `FK_TASK_DEF_DEADLINE_BASE` FOREIGN KEY (`BASE_ID`) REFERENCES `task_def_base` (`ID`)
) ENGINE=InnoDB DEFAULT CHARSET=utf8;
/*!40101 SET character_set_client = @saved_cs_client */;

--
-- Dumping data for table `task_def_deadline`
--

LOCK TABLES `task_def_deadline` WRITE;
/*!40000 ALTER TABLE `task_def_deadline` DISABLE KEYS */;
INSERT INTO `task_def_deadline` VALUES (1,'completion','PT1H',NULL,NULL,NULL,'mail,msg','任务接收人','timeout',NULL,NULL,3);
/*!40000 ALTER TABLE `task_def_deadline` ENABLE KEYS */;
UNLOCK TABLES;

--
-- Table structure for table `task_def_escalation`
--

DROP TABLE IF EXISTS `task_def_escalation`;
/*!40101 SET @saved_cs_client     = @@character_set_client */;
/*!40101 SET character_set_client = utf8 */;
CREATE TABLE `task_def_escalation` (
  `ID` bigint(20) NOT NULL,
  `TYPE` varchar(50) DEFAULT NULL,
  `STATUS` varchar(50) DEFAULT NULL,
  `ESCALATION_CONDITION` varchar(200) DEFAULT NULL,
  `VALUE` varchar(200) DEFAULT NULL,
  `DEADLINE_ID` bigint(20) DEFAULT NULL,
  PRIMARY KEY (`ID`),
  KEY `FK_TASK_DEF_ESCALATION_DEADLINE` (`DEADLINE_ID`),
  CONSTRAINT `FK_TASK_DEF_ESCALATION_DEADLINE` FOREIGN KEY (`DEADLINE_ID`) REFERENCES `task_def_deadline` (`ID`)
) ENGINE=InnoDB DEFAULT CHARSET=utf8;
/*!40101 SET character_set_client = @saved_cs_client */;

--
-- Dumping data for table `task_def_escalation`
--

LOCK TABLES `task_def_escalation` WRITE;
/*!40000 ALTER TABLE `task_def_escalation` DISABLE KEYS */;
/*!40000 ALTER TABLE `task_def_escalation` ENABLE KEYS */;
UNLOCK TABLES;

--
-- Table structure for table `task_def_notification`
--

DROP TABLE IF EXISTS `task_def_notification`;
/*!40101 SET @saved_cs_client     = @@character_set_client */;
/*!40101 SET character_set_client = utf8 */;
CREATE TABLE `task_def_notification` (
  `ID` bigint(20) NOT NULL,
  `EVENT_NAME` varchar(100) DEFAULT NULL,
  `RECEIVER` varchar(200) DEFAULT NULL,
  `TYPE` varchar(50) DEFAULT NULL,
  `TEMPLATE_CODE` varchar(200) DEFAULT NULL,
  `BASE_ID` bigint(20) DEFAULT NULL,
  PRIMARY KEY (`ID`),
  KEY `FK_TASK_DEF_NOTIFICATION_BASE` (`BASE_ID`),
  CONSTRAINT `FK_TASK_DEF_NOTIFICATION_BASE` FOREIGN KEY (`BASE_ID`) REFERENCES `task_def_base` (`ID`)
) ENGINE=InnoDB DEFAULT CHARSET=utf8;
/*!40101 SET character_set_client = @saved_cs_client */;

--
-- Dumping data for table `task_def_notification`
--

LOCK TABLES `task_def_notification` WRITE;
/*!40000 ALTER TABLE `task_def_notification` DISABLE KEYS */;
INSERT INTO `task_def_notification` VALUES (1,'create','任务接收人','mail,msg','arrival-assignee',1),(2,'create','流程发起人','mail,msg','arrival-initiator',2),(3,'complete','1','mail,msg','complete',3),(101,'create','任务接收人','mail,msg','arrival-assignee',102),(102,'create','任务接收人','mail,msg','arrival-assignee',103),(103,'complete','流程发起人','mail,msg','complete',103);
/*!40000 ALTER TABLE `task_def_notification` ENABLE KEYS */;
UNLOCK TABLES;

--
-- Table structure for table `task_def_operation`
--

DROP TABLE IF EXISTS `task_def_operation`;
/*!40101 SET @saved_cs_client     = @@character_set_client */;
/*!40101 SET character_set_client = utf8 */;
CREATE TABLE `task_def_operation` (
  `ID` bigint(20) NOT NULL,
  `VALUE` varchar(200) DEFAULT NULL,
  `TYPE` varchar(50) DEFAULT NULL,
  `STATUS` varchar(50) DEFAULT NULL,
  `PRIORITY` int(11) DEFAULT NULL,
  `BASE_ID` bigint(20) DEFAULT NULL,
  PRIMARY KEY (`ID`),
  KEY `FK_TASK_DEF_OPERATION_BASE` (`BASE_ID`),
  CONSTRAINT `FK_TASK_DEF_OPERATION_BASE` FOREIGN KEY (`BASE_ID`) REFERENCES `task_def_base` (`ID`)
) ENGINE=InnoDB DEFAULT CHARSET=utf8;
/*!40101 SET character_set_client = @saved_cs_client */;

--
-- Dumping data for table `task_def_operation`
--

LOCK TABLES `task_def_operation` WRITE;
/*!40000 ALTER TABLE `task_def_operation` DISABLE KEYS */;
INSERT INTO `task_def_operation` VALUES (1,'saveDraft',NULL,NULL,NULL,1),(2,'completeTask',NULL,NULL,NULL,1),(3,'saveDraft',NULL,NULL,NULL,2),(4,'completeTask',NULL,NULL,NULL,2),(5,'saveDraft',NULL,NULL,NULL,3),(6,'completeTask',NULL,NULL,NULL,3),(7,'saveDraft',NULL,NULL,NULL,4),(8,'completeTask',NULL,NULL,NULL,4),(9,'rollbackPrevious',NULL,NULL,NULL,4),(10,'saveDraft',NULL,NULL,NULL,5),(11,'completeTask ',NULL,NULL,NULL,5),(12,'rollbackPrevious',NULL,NULL,NULL,3),(101,'saveDraft',NULL,NULL,NULL,102),(102,'completeTask',NULL,NULL,NULL,102),(103,'rollbackPrevious',NULL,NULL,NULL,102),(104,'rollbackInitiator',NULL,NULL,NULL,102),(105,'transfer',NULL,NULL,NULL,102),(106,'delegateTask',NULL,NULL,NULL,102),(107,'communicate',NULL,NULL,NULL,102),(108,'addCounterSign',NULL,NULL,NULL,102),(201,'saveDraft',NULL,NULL,NULL,103),(202,'completeTask',NULL,NULL,NULL,103),(203,'rollbackPrevious',NULL,NULL,NULL,103),(204,'rollbackInitiator',NULL,NULL,NULL,103),(205,'transfer',NULL,NULL,NULL,103),(206,'delegateTask',NULL,NULL,NULL,103),(207,'communicate',NULL,NULL,NULL,103),(208,'addCounterSign',NULL,NULL,NULL,103),(277367918821376,'saveDraft',NULL,NULL,NULL,277361276338176),(277367947575296,'completeTask',NULL,NULL,NULL,277361276338176),(277368075042816,'saveDraft',NULL,NULL,NULL,277361276780544),(277368084430848,'completeTask',NULL,NULL,NULL,277361276780544),(277368163647488,'saveDraft',NULL,NULL,NULL,277361277108224),(277368172920832,'completeTask',NULL,NULL,NULL,277361277108224),(277368250023936,'saveDraft',NULL,NULL,NULL,277361277468672),(277368259330048,'completeTask',NULL,NULL,NULL,277361277468672),(277368328617984,'saveDraft',NULL,NULL,NULL,277361277779968),(277368348835840,'completeTask',NULL,NULL,NULL,277361277779968),(277409917009920,'saveDraft',NULL,NULL,NULL,277404968960000),(277409952923648,'completeTask',NULL,NULL,NULL,277404968960000),(277410057158656,'saveDraft',NULL,NULL,NULL,277404969140224),(277410072576000,'completeTask',NULL,NULL,NULL,277404969140224),(277410129641472,'saveDraft',NULL,NULL,NULL,277404969304064),(277410140930048,'completeTask',NULL,NULL,NULL,277404969304064),(277410203140096,'saveDraft',NULL,NULL,NULL,277404969533440),(277410214494208,'completeTask',NULL,NULL,NULL,277404969533440),(277410272411648,'saveDraft',NULL,NULL,NULL,277404969844736),(277410283454464,'completeTask',NULL,NULL,NULL,277404969844736),(277410305916928,'rollbackPrevious',NULL,NULL,NULL,277404969844736);
/*!40000 ALTER TABLE `task_def_operation` ENABLE KEYS */;
UNLOCK TABLES;

--
-- Table structure for table `task_def_user`
--

DROP TABLE IF EXISTS `task_def_user`;
/*!40101 SET @saved_cs_client     = @@character_set_client */;
/*!40101 SET character_set_client = utf8 */;
CREATE TABLE `task_def_user` (
  `ID` bigint(20) NOT NULL,
  `VALUE` varchar(200) DEFAULT NULL,
  `TYPE` varchar(50) DEFAULT NULL,
  `CATALOG` varchar(200) DEFAULT NULL,
  `BASE_ID` bigint(20) DEFAULT NULL,
  `STATUS` varchar(50) DEFAULT NULL,
  PRIMARY KEY (`ID`),
  KEY `FK_TASK_DEF_USER_BASE` (`BASE_ID`),
  CONSTRAINT `FK_TASK_DEF_USER_BASE` FOREIGN KEY (`BASE_ID`) REFERENCES `task_def_base` (`ID`)
) ENGINE=InnoDB DEFAULT CHARSET=utf8;
/*!40101 SET character_set_client = @saved_cs_client */;

--
-- Dumping data for table `task_def_user`
--

LOCK TABLES `task_def_user` WRITE;
/*!40000 ALTER TABLE `task_def_user` DISABLE KEYS */;
INSERT INTO `task_def_user` VALUES (246664236302336,'常用语:流程发起人','user','assignee',101,NULL),(246664236941312,'岗位:经理','user','assignee',102,NULL),(246664237727744,'岗位:总经理','user','assignee',103,NULL),(246664243838976,'常用语:流程发起人','user','assignee',246664243691520,NULL),(246664244264960,'常用语:直接上级','user','assignee',246664244117504,NULL),(246664245051392,'${countersignUser}','user','assignee',246664244920320,NULL),(246664245673984,'常用语:流程发起人','user','assignee',246664245395456,NULL),(246664252047360,'常用语:流程发起人','user','assignee',246664251932672,NULL),(246664252391424,'常用语:直接上级','user','assignee',1,NULL),(246664252686336,'7','user','assignee',2,NULL),(246664253014016,'常用语:流程发起人','user','assignee',246664252882944,NULL),(246664253554688,'常用语:流程发起人','user','assignee',3,NULL),(253449255845888,NULL,'user','assignee',253449255780352,NULL),(253449255993344,NULL,'user','assignee',253449255927808,NULL),(253695811158016,'常用语：班级辅导员','user','assignee',253695811076096,NULL),(253695811354624,NULL,'user','assignee',253695811223552,NULL),(253698612346880,NULL,'user','assignee',253698612183040,NULL),(253698612477952,NULL,'user','assignee',253698612412416,NULL),(253700457791488,NULL,'user','assignee',253700457725952,NULL),(253700457955328,NULL,'user','assignee',253700457873408,NULL),(255023953592320,'','group','candidate',253449255780352,NULL),(269439866847232,NULL,'user','assignee',269439866699776,NULL),(269440178749440,NULL,'user','assignee',269440178667520,NULL),(269440613220352,NULL,'user','assignee',269440613122048,NULL),(269440799571968,NULL,'user','assignee',269440799522816,NULL),(270439822589952,NULL,'user','assignee',270439822491648,NULL),(270439822622720,'常用语：直接上级','group','candidate',270439822491648,NULL),(270444573474816,NULL,'user','assignee',270444573409280,NULL),(270444573622272,NULL,'user','assignee',270444573540352,NULL),(270678117564416,'3','user','assignee',270678117040128,NULL),(270678117597184,'4','user','candidate',270678117040128,NULL),(270678117613568,'5','group','candidate',270678117040128,NULL),(270678117728256,NULL,'user','assignee',270678117679104,NULL),(270691192733696,NULL,'user','assignee',270691192700928,NULL),(270691192766464,'test','group','candidate',270691192700928,NULL),(270691192832000,'tes','group','candidate',270691192700928,NULL),(270691192963072,NULL,'user','assignee',270691192897536,NULL),(270704742203392,NULL,'user','assignee',270704742072320,NULL),(270704742252544,'张三，李四','group','candidate',270704742072320,NULL),(270704742514688,NULL,'user','assignee',270704742350848,NULL),(270704743415808,NULL,'user','assignee',270704743350272,NULL),(270743755587584,'常用语:流程发起人','user','assignee',270743755522048,NULL),(270743756062720,'岗位:院长','user','assignee',270743755702272,NULL),(277358498103296,'常用语:流程发起人','user','assignee',277358498037760,NULL),(277358498316288,'常用语:直接上级','user','assignee',277358498250752,NULL),(277358498512896,'常用语:流程发起人','user','assignee',277358498447360,NULL),(277358498824192,'常用语:流程发起人','user','assignee',277358498709504,NULL),(277358499037184,'常用语:直接上级','user','assignee',277358498971648,NULL),(277361276436480,'常用语:流程发起人','user','assignee',277361276338176,NULL),(277361276911616,'常用语:直接上级','user','assignee',277361276780544,NULL),(277361277190144,'常用语:流程发起人','user','assignee',277361277108224,NULL),(277361277566976,'常用语:直接上级','user','assignee',277361277468672,NULL),(277361277878272,'常用语:流程发起人','user','assignee',277361277779968,NULL),(277404969041920,'常用语:流程发起人','user','assignee',277404968960000,NULL),(277404969189376,'常用语:直接上级','user','assignee',277404969140224,NULL),(277404969353216,'常用语:流程发起人','user','assignee',277404969304064,NULL),(277404969598976,'常用语:直接上级','user','assignee',277404969533440,NULL),(277404969910272,'常用语:流程发起人','user','assignee',277404969844736,NULL),(277424166535168,'常用语:流程发起人','user','assignee',277424166502400,NULL),(277424166666240,'常用语:直接上级','user','assignee',277424166633472,NULL),(277424166846464,'常用语:流程发起人','user','assignee',277424166764544,NULL),(277424167075840,'岗位:书记','user','assignee',277424167026688,NULL),(277424167288832,'常用语:流程发起人','user','assignee',277424167239680,NULL),(277428372176896,'常用语:流程发起人','user','assignee',277428372144128,NULL),(277428372357120,'常用语:直接上级','user','assignee',277428372307968,NULL),(277428372520960,'常用语:流程发起人','user','assignee',277428372455424,NULL),(277428372848640,'岗位:书记','user','assignee',277428372783104,NULL),(277428373061632,'常用语:流程发起人','user','assignee',277428372996096,NULL),(280494060421120,'常用语:流程发起人','user','assignee',280494059323392,NULL),(280494064156672,'岗位:经理','user','assignee',280494064041984,NULL),(280494064582656,'岗位:总经理','user','assignee',280494064467968,NULL),(280494069907456,'常用语:流程发起人','user','assignee',280494069792768,NULL),(280494070366208,'常用语:直接上级','user','assignee',280494070267904,NULL),(280494071087104,'${countersignUser}','user','assignee',280494070775808,NULL),(280494071414784,'常用语:流程发起人','user','assignee',280494071316480,NULL),(280494077050880,'常用语:流程发起人','user','assignee',280494076936192,NULL),(280494077657088,'常用语:直接上级','user','assignee',280494077575168,NULL),(280494078001152,'7','user','assignee',280494077886464,NULL),(280494078459904,'常用语:流程发起人','user','assignee',280494078230528,NULL),(280494078869504,'常用语:流程发起人','user','assignee',280494078771200,NULL),(280556614615040,'常用语:流程发起人','user','assignee',280556614320128,NULL),(280556614893568,'岗位:经理','user','assignee',280556614811648,NULL),(280556615286784,'岗位:总经理','user','assignee',280556615188480,NULL),(280556617875456,'常用语:流程发起人','user','assignee',280556617777152,NULL),(280556618137600,'常用语:直接上级','user','assignee',280556618055680,NULL),(280556618612736,'${countersignUser}','user','assignee',280556618514432,NULL),(280556618907648,'常用语:流程发起人','user','assignee',280556618825728,NULL),(280556622462976,'常用语:流程发起人','user','assignee',280556622381056,NULL),(280556622708736,'常用语:直接上级','user','assignee',280556622626816,NULL),(280556622970880,'7','user','assignee',280556622888960,NULL),(280556623249408,'常用语:流程发起人','user','assignee',280556623151104,NULL),(280556623642624,'常用语:流程发起人','user','assignee',280556623560704,NULL),(280568935612416,'常用语:流程发起人','user','assignee',280568935071744,NULL),(280568936054784,'岗位:经理','user','assignee',280568935907328,NULL),(280568936546304,'岗位:总经理','user','assignee',280568936431616,NULL),(280568942919680,'常用语:流程发起人','user','assignee',280568942772224,NULL),(280568943345664,'常用语:直接上级','user','assignee',280568943198208,NULL),(280568944017408,'${countersignUser}','user','assignee',280568943869952,NULL),(280568944410624,'常用语:流程发起人','user','assignee',280568944279552,NULL),(280568951947264,'常用语:流程发起人','user','assignee',280568951767040,NULL),(280568952274944,'常用语:直接上级','user','assignee',280568952160256,NULL),(280568952569856,'7','user','assignee',280568952471552,NULL),(280568952946688,'常用语:流程发起人','user','assignee',280568952815616,NULL),(280568953651200,'常用语:流程发起人','user','assignee',280568953487360,NULL);
/*!40000 ALTER TABLE `task_def_user` ENABLE KEYS */;
UNLOCK TABLES;

--
-- Table structure for table `task_info`
--

DROP TABLE IF EXISTS `task_info`;
/*!40101 SET @saved_cs_client     = @@character_set_client */;
/*!40101 SET character_set_client = utf8 */;
CREATE TABLE `task_info` (
  `ID` bigint(20) NOT NULL,
  `BUSINESS_KEY` varchar(100) DEFAULT NULL,
  `CODE` varchar(100) DEFAULT NULL,
  `NAME` varchar(200) DEFAULT NULL,
  `DESCRIPTION` varchar(200) DEFAULT NULL,
  `PRIORITY` int(11) DEFAULT NULL,
  `CATEGORY` varchar(200) DEFAULT NULL,
  `FORM` varchar(100) DEFAULT NULL,
  `TENANT_ID` varchar(100) DEFAULT NULL,
  `STATUS` varchar(50) DEFAULT NULL,
  `SUSPEND_STATUS` varchar(50) DEFAULT NULL,
  `DELEGATE_STATUS` varchar(50) DEFAULT NULL,
  `COMPLETE_STATUS` varchar(50) DEFAULT NULL,
  `SKIP_STATUS` varchar(50) DEFAULT NULL,
  `ESCALATE_STATUS` varchar(50) DEFAULT NULL,
  `COPY_STATUS` varchar(50) DEFAULT NULL,
  `COPY_TASK_ID` varchar(64) DEFAULT NULL,
  `PRESENTATION_NAME` varchar(200) DEFAULT NULL,
  `PRESENTATION_SUBJECT` varchar(200) DEFAULT NULL,
  `CREATE_TIME` datetime DEFAULT NULL,
  `ACTIVATION_TIME` datetime DEFAULT NULL,
  `CLAIM_TIME` datetime DEFAULT NULL,
  `COMPLETE_TIME` datetime DEFAULT NULL,
  `EXPIRATION_TIME` datetime DEFAULT NULL,
  `LAST_MODIFIED_TIME` datetime DEFAULT NULL,
  `DURATION` varchar(50) DEFAULT NULL,
  `CREATOR` varchar(64) DEFAULT NULL,
  `INITIATOR` varchar(64) DEFAULT NULL,
  `ASSIGNEE` varchar(64) DEFAULT NULL,
  `OWNER` varchar(64) DEFAULT NULL,
  `LAST_MODIFIER` varchar(64) DEFAULT NULL,
  `SWIMLANE` varchar(100) DEFAULT NULL,
  `PARENT_ID` bigint(20) DEFAULT NULL,
  `TASK_ID` varchar(200) DEFAULT NULL,
  `EXECUTION_ID` varchar(200) DEFAULT NULL,
  `PROCESS_INSTANCE_ID` varchar(200) DEFAULT NULL,
  `PROCESS_DEFINITION_ID` varchar(200) DEFAULT NULL,
  `ATTR1` varchar(100) DEFAULT NULL,
  `ATTR2` varchar(100) DEFAULT NULL,
  `ATTR3` varchar(100) DEFAULT NULL,
  `ATTR4` varchar(100) DEFAULT NULL,
  `ATTR5` varchar(100) DEFAULT NULL,
  `PROCESS_BUSINESS_KEY` varchar(200) DEFAULT NULL,
  `PROCESS_STARTER` varchar(64) DEFAULT NULL,
  `CATALOG` varchar(100) DEFAULT NULL,
  `ACTION` varchar(200) DEFAULT NULL,
  `COMMENT` varchar(200) DEFAULT NULL,
  `MESSAGE` varchar(200) DEFAULT NULL,
  PRIMARY KEY (`ID`),
  KEY `FK_TASK_INFO_PARENT` (`PARENT_ID`),
  CONSTRAINT `FK_TASK_INFO_PARENT` FOREIGN KEY (`PARENT_ID`) REFERENCES `task_info` (`ID`)
) ENGINE=InnoDB DEFAULT CHARSET=utf8;
/*!40101 SET character_set_client = @saved_cs_client */;

--
-- Dumping data for table `task_info`
--

LOCK TABLES `task_info` WRITE;
/*!40000 ALTER TABLE `task_info` DISABLE KEYS */;
INSERT INTO `task_info` VALUES (253397498626048,'253397469265920','taskuser-1','填写请假单',NULL,50,NULL,'vacation-request','1','complete','none','none',NULL,NULL,NULL,NULL,NULL,NULL,'请假流程-临远-2016-08-11 11:17','2016-08-11 11:17:37',NULL,NULL,'2016-08-11 11:52:40',NULL,NULL,'null',NULL,NULL,'247688773386240',NULL,NULL,NULL,NULL,'5011','5001','5001','vacation:1:12',NULL,NULL,NULL,NULL,NULL,NULL,'1','normal','完成','sdsdds',NULL),(253431964352512,'253397469265920','taskuser-2','部门领导审批',NULL,50,NULL,'vacation-department','1','delete','none','none',NULL,NULL,NULL,NULL,NULL,NULL,'请假流程-临远-2016-08-11 11:17','2016-08-11 11:52:40',NULL,NULL,'2016-08-11 14:18:45',NULL,NULL,'null',NULL,NULL,'1','4',NULL,NULL,NULL,'5015','5001','5001','vacation:1:12',NULL,NULL,NULL,NULL,NULL,NULL,'247688773386240','normal','人工终止',NULL,NULL),(253442213707776,'253442188607488','taskuser-1','填写请假单',NULL,50,NULL,'vacation-request','1','complete','none','none',NULL,NULL,NULL,NULL,NULL,NULL,'请假流程-tt-2016-08-11 12:03','2016-08-11 12:03:06',NULL,NULL,'2016-08-11 12:03:45',NULL,NULL,'null',NULL,NULL,'247688773386240',NULL,NULL,NULL,NULL,'5028','5018','5018','vacation:1:12',NULL,NULL,NULL,NULL,NULL,NULL,'247689637478400','normal','完成','ww',NULL),(253442852519936,'253442188607488','taskuser-2','部门领导审批',NULL,50,NULL,'vacation-department','1','delete','none','none',NULL,NULL,NULL,NULL,NULL,NULL,'请假流程-tt-2016-08-11 12:03','2016-08-11 12:03:45',NULL,NULL,'2016-08-12 15:00:11',NULL,NULL,'null',NULL,NULL,'247689637478400','247689000714240',NULL,NULL,NULL,'5032','5018','5018','vacation:1:12',NULL,NULL,NULL,NULL,NULL,NULL,'247688773386240','normal','人工终止',NULL,NULL),(253569527250944,'253569526644736','sid-4AE0273C-4BD1-45A5-9053-22DBB28EDC13','填写请假条',NULL,50,NULL,NULL,'1','delete','none','none',NULL,NULL,NULL,NULL,NULL,NULL,'null-临远-2016-08-11 14:12','2016-08-11 14:12:36',NULL,NULL,'2016-08-11 14:13:00',NULL,NULL,'null',NULL,NULL,'1',NULL,NULL,NULL,NULL,'5046','5042','5042','process:1:5040',NULL,NULL,NULL,NULL,NULL,NULL,'1','normal','人工终止',NULL,NULL),(253572338647040,'253572155539456','taskuser-1','填写请假单',NULL,50,NULL,'vacation-request','1','delete','none','none',NULL,NULL,NULL,NULL,NULL,NULL,'请假流程-临远-2016-08-11 14:15','2016-08-11 14:15:28',NULL,NULL,'2016-08-11 14:18:48',NULL,NULL,'null',NULL,NULL,'1','247688773386240',NULL,NULL,NULL,'5057','5047','5047','vacation:1:12',NULL,NULL,NULL,NULL,NULL,NULL,'1','normal','人工终止',NULL,NULL),(253658209746944,'253585567006720','taskuser-1','填写请假单',NULL,50,NULL,'vacation-request','1','delete','none','none',NULL,NULL,NULL,NULL,NULL,NULL,'请假流程-临远-2016-08-11 15:42','2016-08-11 15:42:49',NULL,NULL,'2016-08-23 11:09:26',NULL,NULL,'null',NULL,NULL,'1','247688773386240',NULL,NULL,NULL,'5070','5060','5060','vacation:1:12',NULL,NULL,NULL,NULL,NULL,NULL,'1','normal','人工终止',NULL,NULL),(253741704609792,'253741680312320','taskuser-1','填写请假单',NULL,50,NULL,'vacation-request','1','delete','none','none',NULL,NULL,NULL,NULL,NULL,NULL,'请假流程-临远-2016-08-11 17:07','2016-08-11 17:07:45',NULL,NULL,'2016-08-23 11:09:29',NULL,NULL,'null',NULL,NULL,'1','247688773386240',NULL,NULL,NULL,'5095','5085','5085','vacation:1:12',NULL,NULL,NULL,NULL,NULL,NULL,'1','normal','人工终止',NULL,NULL),(253746123931648,'253746096472064','taskuser-1','发文',NULL,50,NULL,'publish-request','1','complete','none','none',NULL,NULL,NULL,NULL,NULL,NULL,'公文发布-临远-2016-08-11 17:12','2016-08-11 17:12:15',NULL,NULL,'2016-08-11 17:12:15',NULL,NULL,'null',NULL,NULL,'1',NULL,NULL,NULL,NULL,'5107','5098','5098','publish:1:8',NULL,NULL,NULL,NULL,NULL,NULL,'1','start','提交',NULL,NULL),(253746124177408,'253746096472064','taskuser-2','部门领导审批',NULL,50,NULL,'publish-manager','1','delete','none','none',NULL,NULL,NULL,NULL,NULL,NULL,'公文发布-临远-2016-08-11 17:12','2016-08-11 17:12:15',NULL,NULL,'2016-08-23 11:09:27',NULL,NULL,'null',NULL,NULL,'1','4',NULL,NULL,NULL,'5110','5098','5098','publish:1:8',NULL,NULL,NULL,NULL,NULL,NULL,'1','normal','人工终止',NULL,NULL),(254985883336704,'254985839607808','taskuser-1','填写请假单',NULL,50,NULL,'vacation-request','1','complete','none','none',NULL,NULL,NULL,NULL,NULL,NULL,'请假流程-ee-2016-08-12 14:13','2016-08-12 14:13:24',NULL,NULL,'2016-08-12 14:13:24',NULL,NULL,'null',NULL,NULL,'247689000714240',NULL,NULL,NULL,NULL,'7511','7501','7501','vacation:1:12',NULL,NULL,NULL,NULL,NULL,NULL,'247689000714240','start','提交',NULL,NULL),(254985884745728,'254985839607808','taskuser-2','部门领导审批',NULL,50,NULL,'vacation-department','1','delete','none','none',NULL,NULL,NULL,NULL,NULL,NULL,'请假流程-ee-2016-08-12 14:13','2016-08-12 14:13:24',NULL,NULL,'2016-08-12 14:14:23',NULL,NULL,'null',NULL,NULL,'247689000714240','247688416968704',NULL,NULL,NULL,'7514','7501','7501','vacation:1:12',NULL,NULL,NULL,NULL,NULL,NULL,'247689000714240','normal','人工终止',NULL,NULL),(255028091011072,'255028049969152','taskuser-1','发文',NULL,50,NULL,'publish-request','1','complete','none','none',NULL,NULL,NULL,NULL,NULL,NULL,'公文发布-临远-2016-08-12 14:56','2016-08-12 14:56:20',NULL,NULL,'2016-08-12 14:56:20',NULL,NULL,'null',NULL,NULL,'1',NULL,NULL,NULL,NULL,'7528','7519','7519','publish:1:8',NULL,NULL,NULL,NULL,NULL,NULL,'1','start','提交',NULL,NULL),(255028091977728,'255028049969152','taskuser-2','部门领导审批',NULL,50,NULL,'publish-manager','1','complete','none','none',NULL,NULL,NULL,NULL,NULL,NULL,'公文发布-临远-2016-08-12 14:56','2016-08-12 14:56:20',NULL,NULL,'2016-08-12 14:57:39',NULL,NULL,'null',NULL,NULL,'247689637478400',NULL,NULL,NULL,NULL,'7531','7519','7519','publish:1:8',NULL,NULL,NULL,NULL,NULL,NULL,'1','normal','完成',NULL,NULL),(255029388197888,'255028049969152','taskuser-3','会签',NULL,50,NULL,'publish-countersign','1','delete','none','none',NULL,NULL,NULL,NULL,NULL,NULL,'公文发布-临远-2016-08-12 14:56','2016-08-12 14:57:39',NULL,NULL,'2016-08-23 11:09:30',NULL,NULL,'null',NULL,NULL,'1','247689637478400',NULL,NULL,NULL,'7543','7540','7519','publish:1:8',NULL,NULL,NULL,NULL,NULL,NULL,'247689637478400','vote','人工终止',NULL,NULL),(263487475351552,'263487425871872','taskuser-1','填写请假单',NULL,50,NULL,'vacation-request','1','complete','none','none',NULL,NULL,NULL,NULL,NULL,NULL,'请假流程-张三-2016-08-18 14:21','2016-08-18 14:21:40',NULL,NULL,'2016-08-18 14:21:40',NULL,NULL,'null',NULL,NULL,'263486612602880',NULL,NULL,NULL,NULL,'10011','10001','10001','vacation:1:12',NULL,NULL,NULL,NULL,NULL,NULL,'263486612602880','start','提交',NULL,NULL),(263487477841920,'263487425871872','taskuser-2','部门领导审批',NULL,50,NULL,'vacation-department','1','delete','none','none',NULL,NULL,NULL,NULL,NULL,NULL,'请假流程-张三-2016-08-18 14:21','2016-08-18 14:21:40',NULL,NULL,'2016-08-23 15:59:27',NULL,NULL,'null',NULL,NULL,'247688416968704','247688416968704',NULL,NULL,NULL,'10014','10001','10001','vacation:1:12',NULL,NULL,NULL,NULL,NULL,NULL,'263486612602880','normal','人工终止',NULL,NULL),(270376271183872,'270376238874624','taskuser-1','填写请假单',NULL,50,NULL,'vacation-request','1','complete','none','none',NULL,NULL,NULL,NULL,NULL,NULL,'请假流程-临远-2016-08-23 11:09','2016-08-23 11:09:19',NULL,NULL,'2016-08-23 11:09:19',NULL,NULL,'null',NULL,NULL,'1',NULL,NULL,NULL,NULL,'15011','15001','15001','vacation:1:12',NULL,NULL,NULL,NULL,NULL,NULL,'1','start','提交',NULL,NULL),(270376274198528,'270376238874624','taskuser-2','部门领导审批',NULL,50,NULL,'vacation-department','1','complete','none','none',NULL,NULL,NULL,NULL,NULL,NULL,'请假流程-临远-2016-08-23 11:09','2016-08-23 11:09:19',NULL,NULL,'2016-08-23 11:10:38',NULL,NULL,'null',NULL,NULL,'247689637478400',NULL,NULL,NULL,NULL,'15014','15001','15001','vacation:1:12',NULL,NULL,NULL,NULL,NULL,NULL,'1','normal','完成',NULL,NULL),(270377575055360,'270376238874624','taskuser-3','人事审批',NULL,50,NULL,'vacation-hr','1','delete','none','none',NULL,NULL,NULL,NULL,NULL,NULL,'请假流程-临远-2016-08-23 11:09','2016-08-23 11:10:38',NULL,NULL,'2016-08-23 11:13:15',NULL,NULL,'null',NULL,NULL,'1','7',NULL,NULL,NULL,'15020','15001','15001','vacation:1:12',NULL,NULL,NULL,NULL,NULL,NULL,'247689637478400','normal','人工终止',NULL,NULL),(270380030787584,'270380001509376','taskuser-1','发文',NULL,50,NULL,'publish-request','1','complete','none','none',NULL,NULL,NULL,NULL,NULL,NULL,'公文发布-临远-2016-08-23 11:13','2016-08-23 11:13:08',NULL,NULL,'2016-08-23 11:13:08',NULL,NULL,'null',NULL,NULL,'1',NULL,NULL,NULL,NULL,'15031','15022','15022','publish:1:8',NULL,NULL,NULL,NULL,NULL,NULL,'1','start','提交',NULL,NULL),(270380031246336,'270380001509376','taskuser-2','部门领导审批',NULL,50,NULL,'publish-manager','1','complete','none','none',NULL,NULL,NULL,NULL,NULL,NULL,'公文发布-临远-2016-08-23 11:13','2016-08-23 11:13:08',NULL,NULL,'2016-08-23 11:14:36',NULL,NULL,'null',NULL,NULL,'247689637478400',NULL,NULL,NULL,NULL,'15034','15022','15022','publish:1:8',NULL,NULL,NULL,NULL,NULL,NULL,'1','normal','完成',NULL,NULL),(270381464567808,'270380001509376','taskuser-3','会签',NULL,50,NULL,'publish-countersign','1','delete','none','none',NULL,NULL,NULL,NULL,NULL,NULL,'公文发布-临远-2016-08-23 11:13','2016-08-23 11:14:36',NULL,NULL,'2016-08-23 15:11:57',NULL,NULL,'null',NULL,NULL,'1','247689637478400',NULL,NULL,NULL,'15046','15043','15022','publish:1:8',NULL,NULL,NULL,NULL,NULL,NULL,'247689637478400','vote','人工终止',NULL,NULL),(270513672568832,'270513642176512','taskuser-1','填写请假单',NULL,50,NULL,'vacation-request','1','complete','none','none',NULL,NULL,NULL,NULL,NULL,NULL,'请假流程-临远-2016-08-23 13:29','2016-08-23 13:29:05',NULL,NULL,'2016-08-23 13:29:05',NULL,NULL,'null',NULL,NULL,'1',NULL,NULL,NULL,NULL,'15069','15059','15059','vacation:1:12',NULL,NULL,NULL,NULL,NULL,NULL,'1','start','提交',NULL,NULL),(270513673076736,'270513642176512','taskuser-2','部门领导审批',NULL,50,NULL,'vacation-department','1','delete','none','none',NULL,NULL,NULL,NULL,NULL,NULL,'请假流程-临远-2016-08-23 13:29','2016-08-23 13:29:05',NULL,NULL,'2016-08-23 15:11:58',NULL,NULL,'null',NULL,NULL,'1','247689637478400',NULL,NULL,NULL,'15072','15059','15059','vacation:1:12',NULL,NULL,NULL,NULL,NULL,NULL,'1','normal','人工终止',NULL,NULL),(270615265869824,'270615236689920','taskuser-1','填写请假单',NULL,50,NULL,'vacation-request','1','complete','none','none',NULL,NULL,NULL,NULL,NULL,NULL,'请假流程-临远-2016-08-23 15:12','2016-08-23 15:12:26',NULL,NULL,'2016-08-23 15:12:26',NULL,NULL,'null',NULL,NULL,'1',NULL,NULL,NULL,NULL,'15087','15077','15077','vacation:1:12',NULL,NULL,NULL,NULL,NULL,NULL,'1','start','提交',NULL,NULL),(270615266328576,'270615236689920','taskuser-2','部门领导审批',NULL,50,NULL,'vacation-department','1','complete','none','none',NULL,NULL,NULL,NULL,NULL,NULL,'请假流程-临远-2016-08-23 15:12','2016-08-23 15:12:26',NULL,NULL,'2016-08-23 15:12:51',NULL,NULL,'null',NULL,NULL,'247689637478400',NULL,NULL,NULL,NULL,'15090','15077','15077','vacation:1:12',NULL,NULL,NULL,NULL,NULL,NULL,'1','normal','完成',NULL,NULL),(270615684382720,'270615236689920','taskuser-3','人事审批',NULL,50,NULL,'vacation-hr','1','complete','none','none',NULL,NULL,NULL,NULL,NULL,NULL,'请假流程-临远-2016-08-23 15:12','2016-08-23 15:12:51',NULL,NULL,'2016-08-23 15:16:23',NULL,NULL,'null',NULL,NULL,'7',NULL,NULL,NULL,NULL,'15098','15077','15077','vacation:1:12',NULL,NULL,NULL,NULL,NULL,NULL,'247689637478400','normal','完成',NULL,NULL),(270619157757952,'270615236689920','taskuser-6','销假',NULL,50,NULL,'vacation-finish','1','complete','none','none',NULL,NULL,NULL,NULL,NULL,NULL,'请假流程-临远-2016-08-23 15:12','2016-08-23 15:16:23',NULL,NULL,'2016-08-23 15:17:34',NULL,NULL,'null',NULL,NULL,'1',NULL,NULL,NULL,NULL,'15103','15077','15077','vacation:1:12',NULL,NULL,NULL,NULL,NULL,NULL,'7','normal','完成',NULL,NULL),(270622049255424,'270622027038720','taskuser-1','发文',NULL,50,NULL,'publish-request','1','complete','none','none',NULL,NULL,NULL,NULL,NULL,NULL,'公文发布-临远-2016-08-23 15:19','2016-08-23 15:19:20',NULL,NULL,'2016-08-23 15:19:20',NULL,NULL,'null',NULL,NULL,'1',NULL,NULL,NULL,NULL,'15114','15105','15105','publish:1:8',NULL,NULL,NULL,NULL,NULL,NULL,'1','start','提交',NULL,NULL),(270622049648640,'270622027038720','taskuser-2','部门领导审批',NULL,50,NULL,'publish-manager','1','complete','none','none',NULL,NULL,NULL,NULL,NULL,NULL,'公文发布-临远-2016-08-23 15:19','2016-08-23 15:19:20',NULL,NULL,'2016-08-23 15:20:50',NULL,NULL,'null',NULL,NULL,'247689637478400',NULL,NULL,NULL,NULL,'15117','15105','15105','publish:1:8',NULL,NULL,NULL,NULL,NULL,NULL,'1','normal','完成',NULL,NULL),(270623529762816,'270622027038720','taskuser-3','会签',NULL,50,NULL,'publish-countersign','1','delete','none','none',NULL,NULL,NULL,NULL,NULL,NULL,'公文发布-临远-2016-08-23 15:19','2016-08-23 15:20:50',NULL,NULL,'2016-08-23 15:31:07',NULL,NULL,'null',NULL,NULL,'1','4',NULL,NULL,NULL,'15129','15126','15105','publish:1:8',NULL,NULL,NULL,NULL,NULL,NULL,'247689637478400','vote','人工终止',NULL,NULL),(270633960767488,'270633939009536','taskuser-1','发文',NULL,50,NULL,'publish-request','1','complete','none','none',NULL,NULL,NULL,NULL,NULL,NULL,'公文发布-临远-2016-08-23 15:31','2016-08-23 15:31:27',NULL,NULL,'2016-08-23 15:31:27',NULL,NULL,'null',NULL,NULL,'1',NULL,NULL,NULL,NULL,'15140','15131','15131','publish:1:8',NULL,NULL,NULL,NULL,NULL,NULL,'1','start','提交',NULL,NULL),(270633961308160,'270633939009536','taskuser-2','部门领导审批',NULL,50,NULL,'publish-manager','1','complete','none','none',NULL,NULL,NULL,NULL,NULL,NULL,'公文发布-临远-2016-08-23 15:31','2016-08-23 15:31:27',NULL,NULL,'2016-08-23 15:31:42',NULL,NULL,'null',NULL,NULL,'247689637478400',NULL,NULL,NULL,NULL,'15143','15131','15131','publish:1:8',NULL,NULL,NULL,NULL,NULL,NULL,'1','normal','完成',NULL,NULL),(270634203316224,'270633939009536','taskuser-3','会签',NULL,50,NULL,'publish-countersign','1','delete','none','none',NULL,NULL,NULL,NULL,NULL,NULL,'公文发布-临远-2016-08-23 15:31','2016-08-23 15:31:42',NULL,NULL,'2016-08-23 15:59:29',NULL,NULL,'null',NULL,NULL,'4','4',NULL,NULL,NULL,'15155','15152','15131','publish:1:8',NULL,NULL,NULL,NULL,NULL,NULL,'247689637478400','vote','人工终止',NULL,NULL),(270752466812928,'270752438255616','sid-B42805EC-3B82-4E88-BCEB-E93869BF5284','请假',NULL,50,NULL,NULL,'1','complete','none','none',NULL,NULL,NULL,NULL,NULL,NULL,'null-临远-2016-08-23 17:31','2016-08-23 17:32:00',NULL,NULL,'2016-08-23 17:32:00',NULL,NULL,'null',NULL,NULL,'1',NULL,NULL,NULL,NULL,'15184','15174','15174','process:4:15173',NULL,NULL,NULL,NULL,NULL,NULL,'1','start','提交',NULL,NULL),(270752467746816,'270752438255616','sid-62CC9B4B-804C-44D6-AC40-9E4DD72CCA0D','上级审批',NULL,50,NULL,NULL,'1','complete','none','none',NULL,NULL,NULL,NULL,NULL,NULL,'null-临远-2016-08-23 17:31','2016-08-23 17:32:00',NULL,NULL,'2016-08-23 17:32:48',NULL,NULL,'null',NULL,NULL,'247688773386240',NULL,NULL,NULL,NULL,'15187','15174','15174','process:4:15173',NULL,NULL,NULL,NULL,NULL,NULL,'1','normal','完成',NULL,NULL),(270757020794880,'270756993302528','sid-B42805EC-3B82-4E88-BCEB-E93869BF5284','请假',NULL,50,NULL,NULL,'1','complete','none','none',NULL,NULL,NULL,NULL,NULL,NULL,'null-临远-2016-08-23 17:36','2016-08-23 17:36:38',NULL,NULL,'2016-08-23 17:36:38',NULL,NULL,'null',NULL,NULL,'1',NULL,NULL,NULL,NULL,'15204','15194','15194','process:4:15173',NULL,NULL,NULL,NULL,NULL,NULL,'1','start','提交',NULL,NULL),(270757021220864,'270756993302528','sid-62CC9B4B-804C-44D6-AC40-9E4DD72CCA0D','上级审批',NULL,50,NULL,NULL,'1','complete','none','none',NULL,NULL,NULL,NULL,NULL,NULL,'null-临远-2016-08-23 17:36','2016-08-23 17:36:38',NULL,NULL,'2016-08-24 10:34:19',NULL,NULL,'null',NULL,NULL,'247688773386240',NULL,NULL,NULL,NULL,'15207','15194','15194','process:4:15173',NULL,NULL,NULL,NULL,NULL,NULL,'1','normal','完成',NULL,NULL),(270757729796096,'270757515640832','taskuser-1','填写请假单',NULL,50,NULL,'vacation-request','1','complete','none','none',NULL,NULL,NULL,NULL,NULL,NULL,'请假流程-临远-2016-08-23 17:37','2016-08-23 17:37:21',NULL,NULL,'2016-08-23 17:37:21',NULL,NULL,'null',NULL,NULL,'1',NULL,NULL,NULL,NULL,'15220','15210','15210','vacation:1:12',NULL,NULL,NULL,NULL,NULL,NULL,'1','start','提交',NULL,NULL),(270757730238464,'270757515640832','taskuser-2','部门领导审批',NULL,50,NULL,'vacation-department','1','complete','none','none',NULL,NULL,NULL,NULL,NULL,NULL,'请假流程-临远-2016-08-23 17:37','2016-08-23 17:37:21',NULL,NULL,'2016-08-24 09:32:06',NULL,NULL,'null',NULL,NULL,'247689637478400',NULL,NULL,NULL,NULL,'15223','15210','15210','vacation:1:12',NULL,NULL,NULL,NULL,NULL,NULL,'1','normal','完成',NULL,NULL),(271695211675648,'271695178579968','taskuser-1','填写请假单',NULL,50,NULL,'vacation-request','1','complete','none','none',NULL,NULL,NULL,NULL,NULL,NULL,'请假流程-临远-2016-08-24 09:31','2016-08-24 09:31:00',NULL,NULL,'2016-08-24 09:31:01',NULL,NULL,'null',NULL,NULL,'1',NULL,NULL,NULL,NULL,'17511','17501','17501','vacation:1:12',NULL,NULL,NULL,NULL,NULL,NULL,'1','start','提交',NULL,NULL),(271695214493696,'271695178579968','taskuser-2','部门领导审批',NULL,50,NULL,'vacation-department','1','delete','none','none',NULL,NULL,NULL,NULL,NULL,NULL,'请假流程-临远-2016-08-24 09:31','2016-08-24 09:31:01',NULL,NULL,'2016-08-28 10:05:15',NULL,NULL,'null',NULL,NULL,'1','247689637478400',NULL,NULL,NULL,'17514','17501','17501','vacation:1:12',NULL,NULL,NULL,NULL,NULL,NULL,'1','normal','人工终止',NULL,NULL),(271696281403392,'270757515640832','taskuser-3','人事审批',NULL,50,NULL,'vacation-hr','1','delete','none','none',NULL,NULL,NULL,NULL,NULL,NULL,'请假流程-临远-2016-08-23 17:37','2016-08-24 09:32:06',NULL,NULL,'2016-08-28 10:05:14',NULL,NULL,'null',NULL,NULL,'1','7',NULL,NULL,NULL,'17520','15210','15210','vacation:1:12',NULL,NULL,NULL,NULL,NULL,NULL,'247689637478400','normal','人工终止',NULL,NULL),(271756964380672,'271756963692544','sid-B42805EC-3B82-4E88-BCEB-E93869BF5284','请假',NULL,50,NULL,NULL,'1','complete','none','none',NULL,NULL,NULL,NULL,NULL,NULL,'null-临远-2016-08-24 10:33','2016-08-24 10:33:50',NULL,NULL,'2016-08-24 10:33:50',NULL,NULL,'null',NULL,NULL,'1',NULL,NULL,NULL,NULL,'17526','17522','17522','process:4:15173',NULL,NULL,NULL,NULL,NULL,NULL,'1','start','提交',NULL,NULL),(271756965036032,'271756963692544','sid-62CC9B4B-804C-44D6-AC40-9E4DD72CCA0D','上级审批',NULL,50,NULL,NULL,'1','delete','none','none',NULL,NULL,NULL,NULL,NULL,NULL,'null-临远-2016-08-24 10:33','2016-08-24 10:33:50',NULL,NULL,'2016-08-28 10:05:17',NULL,NULL,'null',NULL,NULL,'1','247688773386240',NULL,NULL,NULL,'17529','17522','17522','process:4:15173',NULL,NULL,NULL,NULL,NULL,NULL,'1','normal','人工终止',NULL,NULL),(271759933128704,'271759910174720','sid-B42805EC-3B82-4E88-BCEB-E93869BF5284','请假',NULL,50,NULL,NULL,'1','complete','none','none',NULL,NULL,NULL,NULL,NULL,NULL,'null-临远-2016-08-24 10:36','2016-08-24 10:36:51',NULL,NULL,'2016-08-24 10:36:51',NULL,NULL,'null',NULL,NULL,'1',NULL,NULL,NULL,NULL,'17546','17535','17535','process:4:15173',NULL,NULL,NULL,NULL,NULL,NULL,'1','start','提交',NULL,NULL),(271759933898752,'271759910174720','sid-62CC9B4B-804C-44D6-AC40-9E4DD72CCA0D','上级审批',NULL,50,NULL,NULL,'1','delete','none','none',NULL,NULL,NULL,NULL,NULL,NULL,'null-临远-2016-08-24 10:36','2016-08-24 10:36:51',NULL,NULL,'2016-08-28 10:05:18',NULL,NULL,'null',NULL,NULL,'1','247688773386240',NULL,NULL,NULL,'17549','17535','17535','process:4:15173',NULL,NULL,NULL,NULL,NULL,NULL,'1','normal','人工终止',NULL,NULL),(271766843981824,'271766822633472','sid-B42805EC-3B82-4E88-BCEB-E93869BF5284','请假',NULL,50,NULL,NULL,'1','complete','none','none',NULL,NULL,NULL,NULL,NULL,NULL,'null-临远-2016-08-24 10:43','2016-08-24 10:43:53',NULL,NULL,'2016-08-24 10:43:53',NULL,NULL,'null',NULL,NULL,'1',NULL,NULL,NULL,NULL,'17563','17552','17552','process:4:15173',NULL,NULL,NULL,NULL,NULL,NULL,'1','start','提交',NULL,NULL),(271766844243968,'271766822633472','sid-62CC9B4B-804C-44D6-AC40-9E4DD72CCA0D','上级审批',NULL,50,NULL,NULL,'1','delete','none','none',NULL,NULL,NULL,NULL,NULL,NULL,'null-临远-2016-08-24 10:43','2016-08-24 10:43:53',NULL,NULL,'2016-08-28 10:05:19',NULL,NULL,'null',NULL,NULL,'1','247688773386240',NULL,NULL,NULL,'17566','17552','17552','process:4:15173',NULL,NULL,NULL,NULL,NULL,NULL,'1','normal','人工终止',NULL,NULL),(271782510100480,'271782491504640','sid-B42805EC-3B82-4E88-BCEB-E93869BF5284','请假',NULL,50,NULL,NULL,'1','complete','none','none',NULL,NULL,NULL,NULL,NULL,NULL,'null-临远-2016-08-24 10:59','2016-08-24 10:59:49',NULL,NULL,'2016-08-24 10:59:49',NULL,NULL,'null',NULL,NULL,'1',NULL,NULL,NULL,NULL,'17580','17569','17569','process:4:15173',NULL,NULL,NULL,NULL,NULL,NULL,'1','start','提交',NULL,NULL),(271782510346240,'271782491504640','sid-62CC9B4B-804C-44D6-AC40-9E4DD72CCA0D','上级审批',NULL,50,NULL,NULL,'1','delete','none','none',NULL,NULL,NULL,NULL,NULL,NULL,'null-临远-2016-08-24 10:59','2016-08-24 10:59:49',NULL,NULL,'2016-08-28 10:05:20',NULL,NULL,'null',NULL,NULL,'1','247688773386240',NULL,NULL,NULL,'17583','17569','17569','process:4:15173',NULL,NULL,NULL,NULL,NULL,NULL,'1','normal','人工终止',NULL,NULL),(271828687486976,'271828669497344','sid-B42805EC-3B82-4E88-BCEB-E93869BF5284','请假',NULL,50,NULL,NULL,'1','complete','none','none',NULL,NULL,NULL,NULL,NULL,NULL,'null-临远-2016-08-24 11:46','2016-08-24 11:46:47',NULL,NULL,'2016-08-24 11:46:47',NULL,NULL,'null',NULL,NULL,'1',NULL,NULL,NULL,NULL,'17597','17586','17586','process:4:15173',NULL,NULL,NULL,NULL,NULL,NULL,'1','start','提交',NULL,NULL),(271828688011264,'271828669497344','sid-62CC9B4B-804C-44D6-AC40-9E4DD72CCA0D','上级审批',NULL,50,NULL,NULL,'1','delete','none','none',NULL,NULL,NULL,NULL,NULL,NULL,'null-临远-2016-08-24 11:46','2016-08-24 11:46:47',NULL,NULL,'2016-08-28 10:05:21',NULL,NULL,'null',NULL,NULL,'1','247688773386240',NULL,NULL,NULL,'17600','17586','17586','process:4:15173',NULL,NULL,NULL,NULL,NULL,NULL,'1','normal','人工终止',NULL,NULL),(277386237607936,'277386212622336','sid-92464D4A-380E-4D73-875E-E77E82399CEC','填写请假单',NULL,50,NULL,NULL,'1','complete','none','none',NULL,NULL,NULL,NULL,NULL,NULL,'学生请假流程-临远-2016-08-28 10:00','2016-08-28 10:00:13',NULL,NULL,'2016-08-28 10:00:13',NULL,NULL,'null',NULL,NULL,'1',NULL,NULL,NULL,NULL,'20020','20009','20009','vacation-student:1:20008',NULL,NULL,NULL,NULL,NULL,NULL,'1','start','提交',NULL,NULL),(277386239721472,'277386212622336','sid-2A5BFF60-DE0C-4DB9-954A-BA57F5611EE5','辅导员审批',NULL,50,NULL,NULL,'1','delete','none','none',NULL,NULL,NULL,NULL,NULL,NULL,'学生请假流程-临远-2016-08-28 10:00','2016-08-28 10:00:13',NULL,NULL,'2016-08-28 10:05:22',NULL,NULL,'null',NULL,NULL,'1','247689637478400',NULL,NULL,NULL,'20023','20009','20009','vacation-student:1:20008',NULL,NULL,NULL,NULL,NULL,NULL,'1','normal','人工终止',NULL,NULL),(277391839002624,'277391815950336','sid-92464D4A-380E-4D73-875E-E77E82399CEC','填写请假单',NULL,50,NULL,NULL,'1','complete','none','none',NULL,NULL,NULL,NULL,NULL,NULL,'学生请假流程-临远-2016-08-28 10:05','2016-08-28 10:05:55',NULL,NULL,'2016-08-28 10:05:55',NULL,NULL,'null',NULL,NULL,'1',NULL,NULL,NULL,NULL,'20039','20028','20028','vacation-student:1:20008',NULL,NULL,NULL,NULL,NULL,NULL,'1','start','提交',NULL,NULL),(277391839412224,'277391815950336','sid-2A5BFF60-DE0C-4DB9-954A-BA57F5611EE5','辅导员审批',NULL,50,NULL,NULL,'1','delete','none','none',NULL,NULL,NULL,NULL,NULL,NULL,'学生请假流程-临远-2016-08-28 10:05','2016-08-28 10:05:55',NULL,NULL,'2016-08-28 10:14:06',NULL,NULL,'null',NULL,NULL,'1','247689637478400',NULL,NULL,NULL,'20042','20028','20028','vacation-student:1:20008',NULL,NULL,NULL,NULL,NULL,NULL,'1','normal','人工终止',NULL,NULL),(277394347032576,'277394326110208','taskuser-1','填写请假单',NULL,50,NULL,'vacation-request','1','complete','none','none',NULL,NULL,NULL,NULL,NULL,NULL,'请假流程-临远-2016-08-28 10:08','2016-08-28 10:08:28',NULL,NULL,'2016-08-28 10:08:28',NULL,NULL,'null',NULL,NULL,'1',NULL,NULL,NULL,NULL,'20055','20045','20045','vacation:1:12',NULL,NULL,NULL,NULL,NULL,NULL,'1','start','提交',NULL,NULL),(277394347524096,'277394326110208','taskuser-2','部门领导审批',NULL,50,NULL,'vacation-department','1','delete','none','none',NULL,NULL,NULL,NULL,NULL,NULL,'请假流程-临远-2016-08-28 10:08','2016-08-28 10:08:28',NULL,NULL,'2016-08-28 10:14:07',NULL,NULL,'null',NULL,NULL,'1','247689637478400',NULL,NULL,NULL,'20058','20045','20045','vacation:1:12',NULL,NULL,NULL,NULL,NULL,NULL,'1','normal','人工终止',NULL,NULL),(277400840093696,'277400806588416','sid-92464D4A-380E-4D73-875E-E77E82399CEC','填写请假单',NULL,50,NULL,NULL,'1','complete','none','none',NULL,NULL,NULL,NULL,NULL,NULL,'学生请假流程-临远-2016-08-28 10:15','2016-08-28 10:15:04',NULL,NULL,'2016-08-28 10:15:04',NULL,NULL,'null',NULL,NULL,'1',NULL,NULL,NULL,NULL,'20072','20061','20061','vacation-student:1:20008',NULL,NULL,NULL,NULL,NULL,NULL,'1','start','提交',NULL,NULL),(277400840503296,'277400806588416','sid-2A5BFF60-DE0C-4DB9-954A-BA57F5611EE5','辅导员审批',NULL,50,NULL,NULL,'1','delete','none','none',NULL,NULL,NULL,NULL,NULL,NULL,'学生请假流程-临远-2016-08-28 10:15','2016-08-28 10:15:04',NULL,NULL,'2016-08-28 10:20:10',NULL,NULL,'null',NULL,NULL,'1','247689637478400',NULL,NULL,NULL,'20075','20061','20061','vacation-student:1:20008',NULL,NULL,NULL,NULL,NULL,NULL,'1','normal','人工终止',NULL,NULL),(277416114257920,'277416052719616','sid-92464D4A-380E-4D73-875E-E77E82399CEC','填写请假单',NULL,50,NULL,NULL,'1','complete','none','none',NULL,NULL,NULL,NULL,NULL,NULL,'学生请假流程-临远-2016-08-28 10:30','2016-08-28 10:30:37',NULL,NULL,'2016-08-28 10:30:37',NULL,NULL,'null',NULL,NULL,'1',NULL,NULL,NULL,NULL,'20099','20088','20088','vacation-student:2:20087',NULL,NULL,NULL,NULL,NULL,NULL,'1','start','提交',NULL,NULL),(277416114700288,'277416052719616','sid-2A5BFF60-DE0C-4DB9-954A-BA57F5611EE5','辅导员审批',NULL,50,NULL,NULL,'1','complete','none','none',NULL,NULL,NULL,NULL,NULL,NULL,'学生请假流程-临远-2016-08-28 10:30','2016-08-28 10:30:37',NULL,NULL,'2016-08-28 10:30:50',NULL,NULL,'null',NULL,NULL,'247689637478400',NULL,NULL,NULL,NULL,'20102','20088','20088','vacation-student:2:20087',NULL,NULL,NULL,NULL,NULL,NULL,'1','normal','完成',NULL,NULL),(277416335769600,'277416052719616','sid-19ABB7E8-A781-4964-83DE-CBD2598A1C66','院系领导审批',NULL,50,NULL,NULL,'1','delete','none','none',NULL,NULL,NULL,NULL,NULL,NULL,'学生请假流程-临远-2016-08-28 10:30','2016-08-28 10:30:50',NULL,NULL,'2016-08-28 10:38:30',NULL,NULL,'null',NULL,NULL,'1','247689637478400',NULL,NULL,NULL,'20109','20088','20088','vacation-student:2:20087',NULL,NULL,NULL,NULL,NULL,NULL,'247689637478400','normal','人工终止',NULL,NULL),(277433694142464,'277433676251136','sid-92464D4A-380E-4D73-875E-E77E82399CEC','填写请假单',NULL,50,NULL,NULL,'1','complete','none','none',NULL,NULL,NULL,NULL,NULL,NULL,'学生请假流程-临远-2016-08-28 10:48','2016-08-28 10:48:30',NULL,NULL,'2016-08-28 10:48:30',NULL,NULL,'null',NULL,NULL,'1',NULL,NULL,NULL,NULL,'20129','20118','20118','vacation-student:4:20117',NULL,NULL,NULL,NULL,NULL,NULL,'1','start','提交',NULL,NULL),(277433694568448,'277433676251136','sid-2A5BFF60-DE0C-4DB9-954A-BA57F5611EE5','辅导员审批',NULL,50,NULL,NULL,'1','complete','none','none',NULL,NULL,NULL,NULL,NULL,NULL,'学生请假流程-临远-2016-08-28 10:48','2016-08-28 10:48:30',NULL,NULL,'2016-08-28 10:48:43',NULL,NULL,'null',NULL,NULL,'247689637478400',NULL,NULL,NULL,NULL,'20132','20118','20118','vacation-student:4:20117',NULL,NULL,NULL,NULL,NULL,NULL,'1','normal','完成',NULL,NULL),(277433906397184,'277433676251136','sid-19ABB7E8-A781-4964-83DE-CBD2598A1C66','院系领导审批',NULL,50,NULL,NULL,'1','delete','none','none',NULL,NULL,NULL,NULL,NULL,NULL,'学生请假流程-临远-2016-08-28 10:48','2016-08-28 10:48:43',NULL,NULL,'2016-08-28 10:51:54',NULL,NULL,'null',NULL,NULL,'1','岗位:书记',NULL,NULL,NULL,'20139','20118','20118','vacation-student:4:20117',NULL,NULL,NULL,NULL,NULL,NULL,'247689637478400','normal','人工终止',NULL,NULL),(277438275796992,'277438255661056','sid-92464D4A-380E-4D73-875E-E77E82399CEC','填写请假单',NULL,50,NULL,NULL,'1','complete','none','none',NULL,NULL,NULL,NULL,NULL,NULL,'学生请假流程-临远-2016-08-28 10:53','2016-08-28 10:53:09',NULL,NULL,'2016-08-28 10:53:09',NULL,NULL,'null',NULL,NULL,'1',NULL,NULL,NULL,NULL,'20152','20141','20141','vacation-student:4:20117',NULL,NULL,NULL,NULL,NULL,NULL,'1','start','提交',NULL,NULL),(277438276173824,'277438255661056','sid-2A5BFF60-DE0C-4DB9-954A-BA57F5611EE5','辅导员审批',NULL,50,NULL,NULL,'1','complete','none','none',NULL,NULL,NULL,NULL,NULL,NULL,'学生请假流程-临远-2016-08-28 10:53','2016-08-28 10:53:09',NULL,NULL,'2016-08-28 10:53:34',NULL,NULL,'null',NULL,NULL,'247689637478400',NULL,NULL,NULL,NULL,'20155','20141','20141','vacation-student:4:20117',NULL,NULL,NULL,NULL,NULL,NULL,'1','normal','完成',NULL,NULL),(277438684512256,'277438255661056','sid-19ABB7E8-A781-4964-83DE-CBD2598A1C66','院系领导审批',NULL,50,NULL,NULL,'1','complete','none','none',NULL,NULL,NULL,NULL,NULL,NULL,'学生请假流程-临远-2016-08-28 10:53','2016-08-28 10:53:34',NULL,NULL,'2016-08-28 10:54:12',NULL,NULL,'null',NULL,NULL,'4',NULL,NULL,NULL,NULL,'20162','20141','20141','vacation-student:4:20117',NULL,NULL,NULL,NULL,NULL,NULL,'247689637478400','normal','完成',NULL,NULL),(277439306760192,'277438255661056','sid-5732769D-2626-4CE0-98E5-40B1E96645C9','销假',NULL,50,NULL,NULL,'1','complete','none','none',NULL,NULL,NULL,NULL,NULL,NULL,'学生请假流程-临远-2016-08-28 10:53','2016-08-28 10:54:12',NULL,NULL,'2016-08-28 10:54:40',NULL,NULL,'null',NULL,NULL,'1',NULL,NULL,NULL,NULL,'20168','20141','20141','vacation-student:4:20117',NULL,NULL,NULL,NULL,NULL,NULL,'4','normal','完成',NULL,NULL),(277601530806272,'277601506230272','taskuser-1','填写请假单',NULL,50,NULL,'vacation-request','1','complete','none','none',NULL,NULL,NULL,NULL,NULL,NULL,'请假流程-ee-2016-08-28 13:39','2016-08-28 13:39:14',NULL,NULL,'2016-08-28 13:39:14',NULL,NULL,'null',NULL,NULL,'247689000714240',NULL,NULL,NULL,NULL,'20180','20170','20170','vacation:1:12',NULL,NULL,NULL,NULL,NULL,NULL,'247689000714240','start','提交',NULL,NULL),(277601531461632,'277601506230272','taskuser-2','部门领导审批',NULL,50,NULL,'vacation-department','1','delete','none','none',NULL,NULL,NULL,NULL,NULL,NULL,'请假流程-ee-2016-08-28 13:39','2016-08-28 13:39:14',NULL,NULL,'2016-08-28 13:41:44',NULL,NULL,'null',NULL,NULL,'247688773386240','247688773386240',NULL,NULL,NULL,'20183','20170','20170','vacation:1:12',NULL,NULL,NULL,NULL,NULL,NULL,'247689000714240','normal','人工终止',NULL,NULL);
/*!40000 ALTER TABLE `task_info` ENABLE KEYS */;
UNLOCK TABLES;

--
-- Table structure for table `task_log`
--

DROP TABLE IF EXISTS `task_log`;
/*!40101 SET @saved_cs_client     = @@character_set_client */;
/*!40101 SET character_set_client = utf8 */;
CREATE TABLE `task_log` (
  `ID` bigint(20) NOT NULL,
  `EVENT_TYPE` varchar(100) DEFAULT NULL,
  `EVENT_TIME` datetime DEFAULT NULL,
  `CREATOR` varchar(64) DEFAULT NULL,
  `START_OWNER` varchar(64) DEFAULT NULL,
  `END_OWNER` varchar(64) DEFAULT NULL,
  `TASK_STATUS` varchar(50) DEFAULT NULL,
  `CONTENT` text,
  `PRIORITY` int(11) DEFAULT NULL,
  `TASK_ID` bigint(20) DEFAULT NULL,
  PRIMARY KEY (`ID`),
  KEY `FK_TASK_LOG_TASK` (`TASK_ID`),
  CONSTRAINT `FK_TASK_LOG_TASK` FOREIGN KEY (`TASK_ID`) REFERENCES `task_info` (`ID`)
) ENGINE=InnoDB DEFAULT CHARSET=utf8;
/*!40101 SET character_set_client = @saved_cs_client */;

--
-- Dumping data for table `task_log`
--

LOCK TABLES `task_log` WRITE;
/*!40000 ALTER TABLE `task_log` DISABLE KEYS */;
/*!40000 ALTER TABLE `task_log` ENABLE KEYS */;
UNLOCK TABLES;

--
-- Table structure for table `task_participant`
--

DROP TABLE IF EXISTS `task_participant`;
/*!40101 SET @saved_cs_client     = @@character_set_client */;
/*!40101 SET character_set_client = utf8 */;
CREATE TABLE `task_participant` (
  `ID` bigint(20) NOT NULL,
  `CATEGORY` varchar(200) DEFAULT NULL,
  `TYPE` varchar(200) DEFAULT NULL,
  `REF` varchar(200) DEFAULT NULL,
  `TASK_ID` bigint(20) DEFAULT NULL,
  PRIMARY KEY (`ID`),
  KEY `FK_TASK_PARTICIPANT_TASK` (`TASK_ID`),
  CONSTRAINT `FK_TASK_PARTICIPANT_TASK` FOREIGN KEY (`TASK_ID`) REFERENCES `task_info` (`ID`)
) ENGINE=InnoDB DEFAULT CHARSET=utf8;
/*!40101 SET character_set_client = @saved_cs_client */;

--
-- Dumping data for table `task_participant`
--

LOCK TABLES `task_participant` WRITE;
/*!40000 ALTER TABLE `task_participant` DISABLE KEYS */;
/*!40000 ALTER TABLE `task_participant` ENABLE KEYS */;
UNLOCK TABLES;

--
-- Table structure for table `template_field`
--

DROP TABLE IF EXISTS `template_field`;
/*!40101 SET @saved_cs_client     = @@character_set_client */;
/*!40101 SET character_set_client = utf8 */;
CREATE TABLE `template_field` (
  `ID` bigint(20) NOT NULL,
  `NAME` varchar(50) DEFAULT NULL,
  `TYPE` varchar(50) DEFAULT NULL,
  `CONTENT` text,
  `INFO_ID` bigint(20) DEFAULT NULL,
  `TENANT_ID` varchar(64) DEFAULT NULL,
  PRIMARY KEY (`ID`),
  KEY `FK_TEMPLATE_FIELD_INFO` (`INFO_ID`),
  CONSTRAINT `FK_TEMPLATE_FIELD_INFO` FOREIGN KEY (`INFO_ID`) REFERENCES `template_info` (`ID`)
) ENGINE=InnoDB DEFAULT CHARSET=utf8;
/*!40101 SET character_set_client = @saved_cs_client */;

--
-- Dumping data for table `template_field`
--

LOCK TABLES `template_field` WRITE;
/*!40000 ALTER TABLE `template_field` DISABLE KEYS */;
INSERT INTO `template_field` VALUES (1,'subject',NULL,'${humanTask.presentationSubject}需要您审批',1,'1'),(2,'content',NULL,'${task.assignee}您好，您有新任务需要处理——${humanTask.presentationSubject}。<br><a href=\"${baseUrl}/operation/task-operation-viewTaskForm.do?humanTaskId=${humanTask.id?c}\">${baseUrl}/operation/task-operation-viewTaskForm.do?humanTaskId=${humanTask.id?c}</a>',1,'1'),(3,'subject',NULL,'您的流程${humanTask.presentationSubject}已经到达${task.name}环节',2,'1'),(4,'content',NULL,'${initiator}您好，您的流程${humanTask.presentationSubject}已经到达${task.name}环节。<br><a href=\"${baseUrl}/bpm/workspace-viewHistory.do?processInstanceId=${humanTask.processInstanceId}\">${baseUrl}/bpm/workspace-viewHistory.do?processInstanceId=${humanTask.processInstanceId}</a>',2,'1'),(5,'subject',NULL,'您的流程${humanTask.presentationSubject}已经完成${task.name}环节',3,'1'),(6,'content',NULL,'${initiator}您好，您的流程${humanTask.presentationSubject}已经完成${task.name}环节。<br><a href=\"${baseUrl}/bpm/workspace-viewHistory.do?processInstanceId=${humanTask.processInstanceId}\">${baseUrl}/bpm/workspace-viewHistory.do?processInstanceId=${humanTask.processInstanceId}</a>',3,'1'),(7,'subject',NULL,'您负责的任务${humanTask.presentationSubject}即将过期',4,'1'),(8,'content',NULL,'${task.assignee}您好，您负责的任务${humanTask.presentationSubject}即将过期。<br><a href=\"${baseUrl}/operation/task-operation-viewTaskForm.do?humanTaskId=${humanTask.id?c}\">${baseUrl}/operation/task-operation-viewTaskForm.do?humanTaskId=${humanTask.id?c}</a>',4,'1');
/*!40000 ALTER TABLE `template_field` ENABLE KEYS */;
UNLOCK TABLES;

--
-- Table structure for table `template_info`
--

DROP TABLE IF EXISTS `template_info`;
/*!40101 SET @saved_cs_client     = @@character_set_client */;
/*!40101 SET character_set_client = utf8 */;
CREATE TABLE `template_info` (
  `ID` bigint(20) NOT NULL,
  `NAME` varchar(50) DEFAULT NULL,
  `CODE` varchar(50) DEFAULT NULL,
  `TENANT_ID` varchar(64) DEFAULT NULL,
  PRIMARY KEY (`ID`)
) ENGINE=InnoDB DEFAULT CHARSET=utf8;
/*!40101 SET character_set_client = @saved_cs_client */;

--
-- Dumping data for table `template_info`
--

LOCK TABLES `template_info` WRITE;
/*!40000 ALTER TABLE `template_info` DISABLE KEYS */;
INSERT INTO `template_info` VALUES (1,'任务到达（任务处理人）','arrival-assignee','1'),(2,'任务到达（流程发起人）','arrival-initiator','1'),(3,'任务完成','complete','1'),(4,'任务超时提醒','timeout','1');
/*!40000 ALTER TABLE `template_info` ENABLE KEYS */;
UNLOCK TABLES;

--
-- Table structure for table `ticket_catalog`
--

DROP TABLE IF EXISTS `ticket_catalog`;
/*!40101 SET @saved_cs_client     = @@character_set_client */;
/*!40101 SET character_set_client = utf8 */;
CREATE TABLE `ticket_catalog` (
  `ID` bigint(20) NOT NULL,
  `NAME` varchar(200) DEFAULT NULL,
  `DESCRIPTION` varchar(200) DEFAULT NULL,
  PRIMARY KEY (`ID`)
) ENGINE=InnoDB DEFAULT CHARSET=utf8;
/*!40101 SET character_set_client = @saved_cs_client */;

--
-- Dumping data for table `ticket_catalog`
--

LOCK TABLES `ticket_catalog` WRITE;
/*!40000 ALTER TABLE `ticket_catalog` DISABLE KEYS */;
INSERT INTO `ticket_catalog` VALUES (1,'默认分类',NULL);
/*!40000 ALTER TABLE `ticket_catalog` ENABLE KEYS */;
UNLOCK TABLES;

--
-- Table structure for table `ticket_comment`
--

DROP TABLE IF EXISTS `ticket_comment`;
/*!40101 SET @saved_cs_client     = @@character_set_client */;
/*!40101 SET character_set_client = utf8 */;
CREATE TABLE `ticket_comment` (
  `ID` bigint(20) NOT NULL,
  `CONTENT` text,
  `CREATOR` varchar(64) DEFAULT NULL,
  `STATUS` varchar(50) DEFAULT NULL,
  `CREATE_TIME` datetime DEFAULT NULL,
  `INFO_ID` bigint(20) DEFAULT NULL,
  PRIMARY KEY (`ID`),
  KEY `FK_TICKET_COMMENT_INFO` (`INFO_ID`),
  CONSTRAINT `FK_TICKET_COMMENT_INFO` FOREIGN KEY (`INFO_ID`) REFERENCES `ticket_info` (`ID`)
) ENGINE=InnoDB DEFAULT CHARSET=utf8;
/*!40101 SET character_set_client = @saved_cs_client */;

--
-- Dumping data for table `ticket_comment`
--

LOCK TABLES `ticket_comment` WRITE;
/*!40000 ALTER TABLE `ticket_comment` DISABLE KEYS */;
/*!40000 ALTER TABLE `ticket_comment` ENABLE KEYS */;
UNLOCK TABLES;

--
-- Table structure for table `ticket_group`
--

DROP TABLE IF EXISTS `ticket_group`;
/*!40101 SET @saved_cs_client     = @@character_set_client */;
/*!40101 SET character_set_client = utf8 */;
CREATE TABLE `ticket_group` (
  `ID` bigint(20) NOT NULL,
  `NAME` varchar(200) DEFAULT NULL,
  `DESCRIPTION` varchar(200) DEFAULT NULL,
  PRIMARY KEY (`ID`)
) ENGINE=InnoDB DEFAULT CHARSET=utf8;
/*!40101 SET character_set_client = @saved_cs_client */;

--
-- Dumping data for table `ticket_group`
--

LOCK TABLES `ticket_group` WRITE;
/*!40000 ALTER TABLE `ticket_group` DISABLE KEYS */;
INSERT INTO `ticket_group` VALUES (1,'默认组',NULL);
/*!40000 ALTER TABLE `ticket_group` ENABLE KEYS */;
UNLOCK TABLES;

--
-- Table structure for table `ticket_info`
--

DROP TABLE IF EXISTS `ticket_info`;
/*!40101 SET @saved_cs_client     = @@character_set_client */;
/*!40101 SET character_set_client = utf8 */;
CREATE TABLE `ticket_info` (
  `ID` bigint(20) NOT NULL,
  `CODE` varchar(200) DEFAULT NULL,
  `NAME` varchar(200) DEFAULT NULL,
  `CONTENT` text,
  `CREATOR` varchar(64) DEFAULT NULL,
  `STATUS` varchar(50) DEFAULT NULL,
  `CREATE_TIME` datetime DEFAULT NULL,
  `ASSIGNEE` varchar(64) DEFAULT NULL,
  `UPDATE_TIME` datetime DEFAULT NULL,
  `CATALOG_ID` bigint(20) DEFAULT NULL,
  `GROUP_ID` bigint(20) DEFAULT NULL,
  PRIMARY KEY (`ID`),
  KEY `FK_TIKCET_INFO_CATALOG` (`CATALOG_ID`),
  KEY `FK_TICKET_INFO_GRUOP` (`GROUP_ID`),
  CONSTRAINT `FK_TICKET_INFO_GRUOP` FOREIGN KEY (`GROUP_ID`) REFERENCES `ticket_group` (`ID`),
  CONSTRAINT `FK_TIKCET_INFO_CATALOG` FOREIGN KEY (`CATALOG_ID`) REFERENCES `ticket_catalog` (`ID`)
) ENGINE=InnoDB DEFAULT CHARSET=utf8;
/*!40101 SET character_set_client = @saved_cs_client */;

--
-- Dumping data for table `ticket_info`
--

LOCK TABLES `ticket_info` WRITE;
/*!40000 ALTER TABLE `ticket_info` DISABLE KEYS */;
INSERT INTO `ticket_info` VALUES (1,'1','测试',NULL,'1','new','2015-03-05 00:00:00',NULL,NULL,1,1);
/*!40000 ALTER TABLE `ticket_info` ENABLE KEYS */;
UNLOCK TABLES;

--
-- Table structure for table `ticket_member`
--

DROP TABLE IF EXISTS `ticket_member`;
/*!40101 SET @saved_cs_client     = @@character_set_client */;
/*!40101 SET character_set_client = utf8 */;
CREATE TABLE `ticket_member` (
  `ID` bigint(20) NOT NULL,
  `USER` bigint(20) DEFAULT NULL,
  `GROUP_ID` bigint(20) DEFAULT NULL,
  PRIMARY KEY (`ID`),
  KEY `FK_TICKET_MEMBER_GROUP` (`GROUP_ID`),
  CONSTRAINT `FK_TICKET_MEMBER_GROUP` FOREIGN KEY (`GROUP_ID`) REFERENCES `ticket_group` (`ID`)
) ENGINE=InnoDB DEFAULT CHARSET=utf8;
/*!40101 SET character_set_client = @saved_cs_client */;

--
-- Dumping data for table `ticket_member`
--

LOCK TABLES `ticket_member` WRITE;
/*!40000 ALTER TABLE `ticket_member` DISABLE KEYS */;
INSERT INTO `ticket_member` VALUES (1,1,1);
/*!40000 ALTER TABLE `ticket_member` ENABLE KEYS */;
UNLOCK TABLES;

--
-- Table structure for table `train_info`
--

DROP TABLE IF EXISTS `train_info`;
/*!40101 SET @saved_cs_client     = @@character_set_client */;
/*!40101 SET character_set_client = utf8 */;
CREATE TABLE `train_info` (
  `ID` bigint(20) NOT NULL,
  `NAME` varchar(200) DEFAULT NULL,
  `CREATE_TIME` datetime DEFAULT NULL,
  `STATUS` varchar(50) DEFAULT NULL,
  `TYPE` varchar(50) DEFAULT NULL,
  `START_TIME` datetime DEFAULT NULL,
  `END_TIME` datetime DEFAULT NULL,
  `CONTENT` text,
  `TENANT_ID` varchar(64) DEFAULT NULL,
  PRIMARY KEY (`ID`)
) ENGINE=InnoDB DEFAULT CHARSET=utf8;
/*!40101 SET character_set_client = @saved_cs_client */;

--
-- Dumping data for table `train_info`
--

LOCK TABLES `train_info` WRITE;
/*!40000 ALTER TABLE `train_info` DISABLE KEYS */;
/*!40000 ALTER TABLE `train_info` ENABLE KEYS */;
UNLOCK TABLES;

--
-- Table structure for table `user_account`
--

DROP TABLE IF EXISTS `user_account`;
/*!40101 SET @saved_cs_client     = @@character_set_client */;
/*!40101 SET character_set_client = utf8 */;
CREATE TABLE `user_account` (
  `ID` bigint(20) NOT NULL,
  `USERNAME` varchar(50) DEFAULT NULL,
  `PASSWORD` varchar(50) DEFAULT NULL,
  `SCOPE_ID` varchar(50) DEFAULT NULL,
  `USER_BASE_ID` bigint(20) DEFAULT NULL,
  `TYPE_ID` bigint(20) DEFAULT NULL,
  PRIMARY KEY (`ID`),
  KEY `FK_USER_ACCOUNT_TYPE` (`TYPE_ID`),
  KEY `FK_USER_ACCOUNT_USER_BASE` (`USER_BASE_ID`),
  CONSTRAINT `FK_USER_ACCOUNT_TYPE` FOREIGN KEY (`TYPE_ID`) REFERENCES `user_account_type` (`ID`),
  CONSTRAINT `FK_USER_ACCOUNT_USER_BASE` FOREIGN KEY (`USER_BASE_ID`) REFERENCES `user_base` (`ID`)
) ENGINE=InnoDB DEFAULT CHARSET=utf8;
/*!40101 SET character_set_client = @saved_cs_client */;

--
-- Dumping data for table `user_account`
--

LOCK TABLES `user_account` WRITE;
/*!40000 ALTER TABLE `user_account` DISABLE KEYS */;
/*!40000 ALTER TABLE `user_account` ENABLE KEYS */;
UNLOCK TABLES;

--
-- Table structure for table `user_account_type`
--

DROP TABLE IF EXISTS `user_account_type`;
/*!40101 SET @saved_cs_client     = @@character_set_client */;
/*!40101 SET character_set_client = utf8 */;
CREATE TABLE `user_account_type` (
  `ID` bigint(20) NOT NULL,
  `NAME` varchar(50) DEFAULT NULL,
  `DESCRIPTION` varchar(200) DEFAULT NULL,
  `SCOPE_ID` varchar(50) DEFAULT NULL,
  PRIMARY KEY (`ID`)
) ENGINE=InnoDB DEFAULT CHARSET=utf8;
/*!40101 SET character_set_client = @saved_cs_client */;

--
-- Dumping data for table `user_account_type`
--

LOCK TABLES `user_account_type` WRITE;
/*!40000 ALTER TABLE `user_account_type` DISABLE KEYS */;
/*!40000 ALTER TABLE `user_account_type` ENABLE KEYS */;
UNLOCK TABLES;

--
-- Table structure for table `user_attr`
--

DROP TABLE IF EXISTS `user_attr`;
/*!40101 SET @saved_cs_client     = @@character_set_client */;
/*!40101 SET character_set_client = utf8 */;
CREATE TABLE `user_attr` (
  `ID` bigint(20) NOT NULL,
  `BOOLEAN_VALUE` int(11) DEFAULT NULL,
  `DATE_VALUE` timestamp NOT NULL DEFAULT CURRENT_TIMESTAMP ON UPDATE CURRENT_TIMESTAMP,
  `LONG_VALUE` bigint(20) DEFAULT NULL,
  `DOUBLE_VALUE` double DEFAULT NULL,
  `STRING_VALUE` varchar(200) DEFAULT NULL,
  `USER_BASE_ID` bigint(20) DEFAULT NULL,
  `USER_SCHEMA_ID` bigint(20) DEFAULT NULL,
  `SCOPE_ID` varchar(50) DEFAULT NULL,
  PRIMARY KEY (`ID`),
  KEY `FK_USER_ATTR_USER_BASE` (`USER_BASE_ID`),
  KEY `FK_USER_ATTR_USER_SCHEMA` (`USER_SCHEMA_ID`),
  CONSTRAINT `FK_USER_ATTR_USER_BASE` FOREIGN KEY (`USER_BASE_ID`) REFERENCES `user_base` (`ID`),
  CONSTRAINT `FK_USER_ATTR_USER_SCHEMA` FOREIGN KEY (`USER_SCHEMA_ID`) REFERENCES `user_schema` (`ID`)
) ENGINE=InnoDB DEFAULT CHARSET=utf8;
/*!40101 SET character_set_client = @saved_cs_client */;

--
-- Dumping data for table `user_attr`
--

LOCK TABLES `user_attr` WRITE;
/*!40000 ALTER TABLE `user_attr` DISABLE KEYS */;
/*!40000 ALTER TABLE `user_attr` ENABLE KEYS */;
UNLOCK TABLES;

--
-- Table structure for table `user_base`
--

DROP TABLE IF EXISTS `user_base`;
/*!40101 SET @saved_cs_client     = @@character_set_client */;
/*!40101 SET character_set_client = utf8 */;
CREATE TABLE `user_base` (
  `ID` bigint(20) NOT NULL,
  `USERNAME` varchar(50) DEFAULT NULL,
  `DISPLAY_NAME` varchar(50) DEFAULT NULL,
  `PASSWORD` varchar(50) DEFAULT NULL,
  `STATUS` int(11) DEFAULT NULL,
  `REF` varchar(200) DEFAULT NULL,
  `USER_REPO_ID` bigint(20) DEFAULT NULL,
  `SCOPE_ID` varchar(50) DEFAULT NULL,
  `EMAIL` varchar(100) DEFAULT NULL,
  `MOBILE` varchar(50) DEFAULT NULL,
  `first_name` varchar(50) DEFAULT NULL,
  `last_name` varchar(50) DEFAULT NULL,
  `full_name` varchar(50) DEFAULT NULL,
  `nick_name` varchar(50) DEFAULT NULL,
  `avatar` varchar(200) DEFAULT NULL,
  `description` varchar(200) DEFAULT NULL,
  `gender` varchar(10) DEFAULT NULL,
  `birthday` date DEFAULT NULL,
  `location` varchar(50) DEFAULT NULL,
  `station` varchar(50) DEFAULT NULL,
  `telephone` varchar(50) DEFAULT NULL,
  `language` varchar(50) DEFAULT NULL,
  `country` varchar(50) DEFAULT NULL,
  `timezone` varchar(50) DEFAULT NULL,
  `employee_no` varchar(64) DEFAULT NULL,
  `card_no` varchar(64) DEFAULT NULL,
  PRIMARY KEY (`ID`),
  KEY `FK_USER_BASE_REPO` (`USER_REPO_ID`),
  CONSTRAINT `FK_USER_BASE_REPO` FOREIGN KEY (`USER_REPO_ID`) REFERENCES `user_repo` (`ID`)
) ENGINE=InnoDB DEFAULT CHARSET=utf8;
/*!40101 SET character_set_client = @saved_cs_client */;

--
-- Dumping data for table `user_base`
--

LOCK TABLES `user_base` WRITE;
/*!40000 ALTER TABLE `user_base` DISABLE KEYS */;
INSERT INTO `user_base` VALUES (1,'lingo','临远','a1ccdbc7f295e0aeda5dc4e0f2677ea3',1,'1',1,'1','lingo.mossle@gmail.com','18012345678',NULL,NULL,NULL,'临远',NULL,NULL,NULL,NULL,NULL,NULL,NULL,NULL,NULL,NULL,NULL,NULL),(2,'vivian','薇薇安','a1ccdbc7f295e0aeda5dc4e0f2677ea3',1,'2',1,'1','vivian.mossle@gmail.com','18012345678',NULL,NULL,NULL,'薇薇安',NULL,NULL,NULL,NULL,NULL,NULL,NULL,NULL,NULL,NULL,NULL,NULL),(3,'steven','史蒂文','a1ccdbc7f295e0aeda5dc4e0f2677ea3',1,'3',1,'1','demo.mossle@gmail.com','18012345678',NULL,NULL,NULL,'史蒂文',NULL,NULL,NULL,NULL,NULL,NULL,NULL,NULL,NULL,NULL,NULL,NULL),(4,'king','金','a1ccdbc7f295e0aeda5dc4e0f2677ea3',1,'4',1,'1','demo.mossle@gmail.com','18012345678',NULL,NULL,NULL,'金',NULL,NULL,NULL,NULL,NULL,NULL,NULL,NULL,NULL,NULL,NULL,NULL),(5,'john','约翰','a1ccdbc7f295e0aeda5dc4e0f2677ea3',1,'5',1,'1','demo.mossle@gmail.com','18012345678',NULL,NULL,NULL,'约翰',NULL,NULL,NULL,NULL,NULL,NULL,NULL,NULL,NULL,NULL,NULL,NULL),(6,'william','威廉','a1ccdbc7f295e0aeda5dc4e0f2677ea3',1,'6',1,'1','demo.mossle@gmail.com','18012345678',NULL,NULL,NULL,'威廉',NULL,NULL,NULL,NULL,NULL,NULL,NULL,NULL,NULL,NULL,NULL,NULL),(7,'adam','亚当','a1ccdbc7f295e0aeda5dc4e0f2677ea3',1,'7',1,'1','demo.mossle@gmail.com','18012345678',NULL,NULL,NULL,'亚当',NULL,NULL,NULL,NULL,NULL,NULL,NULL,NULL,NULL,NULL,NULL,NULL),(8,'robot',NULL,'a1ccdbc7f295e0aeda5dc4e0f2677ea3',1,'1',1,'1',NULL,NULL,NULL,NULL,NULL,'罗伯特',NULL,NULL,NULL,NULL,NULL,NULL,NULL,NULL,NULL,NULL,NULL,NULL);
/*!40000 ALTER TABLE `user_base` ENABLE KEYS */;
UNLOCK TABLES;

--
-- Table structure for table `user_repo`
--

DROP TABLE IF EXISTS `user_repo`;
/*!40101 SET @saved_cs_client     = @@character_set_client */;
/*!40101 SET character_set_client = utf8 */;
CREATE TABLE `user_repo` (
  `ID` bigint(20) NOT NULL,
  `CODE` varchar(50) DEFAULT NULL,
  `NAME` varchar(50) DEFAULT NULL,
  `ref` varchar(200) DEFAULT NULL,
  `SCOPE_ID` varchar(50) DEFAULT NULL,
  PRIMARY KEY (`ID`)
) ENGINE=InnoDB DEFAULT CHARSET=utf8;
/*!40101 SET character_set_client = @saved_cs_client */;

--
-- Dumping data for table `user_repo`
--

LOCK TABLES `user_repo` WRITE;
/*!40000 ALTER TABLE `user_repo` DISABLE KEYS */;
INSERT INTO `user_repo` VALUES (1,'default','默认','1','1');
/*!40000 ALTER TABLE `user_repo` ENABLE KEYS */;
UNLOCK TABLES;

--
-- Table structure for table `user_schema`
--

DROP TABLE IF EXISTS `user_schema`;
/*!40101 SET @saved_cs_client     = @@character_set_client */;
/*!40101 SET character_set_client = utf8 */;
CREATE TABLE `user_schema` (
  `ID` bigint(20) NOT NULL,
  `CODE` varchar(50) DEFAULT NULL,
  `NAME` varchar(50) DEFAULT NULL,
  `TYPE` varchar(200) DEFAULT NULL,
  `READ_ONLY` int(11) DEFAULT NULL,
  `NOT_NULL` int(11) DEFAULT NULL,
  `UNIQUE_CONSTRAINT` int(11) DEFAULT NULL,
  `VALIDATOR` varchar(200) DEFAULT NULL,
  `CONVERSION_PATTERN` varchar(200) DEFAULT NULL,
  `MULTIPLE` int(11) DEFAULT NULL,
  `ENUMERATION_KEYS` varchar(200) DEFAULT NULL,
  `ENUMERATION_VALUES` varchar(200) DEFAULT NULL,
  `USER_REPO_ID` bigint(20) DEFAULT NULL,
  `SCOPE_ID` varchar(50) DEFAULT NULL,
  PRIMARY KEY (`ID`),
  KEY `FK_USER_SCHEMA_REPO` (`USER_REPO_ID`),
  CONSTRAINT `FK_USER_SCHEMA_REPO` FOREIGN KEY (`USER_REPO_ID`) REFERENCES `user_repo` (`ID`)
) ENGINE=InnoDB DEFAULT CHARSET=utf8;
/*!40101 SET character_set_client = @saved_cs_client */;

--
-- Dumping data for table `user_schema`
--

LOCK TABLES `user_schema` WRITE;
/*!40000 ALTER TABLE `user_schema` DISABLE KEYS */;
/*!40000 ALTER TABLE `user_schema` ENABLE KEYS */;
UNLOCK TABLES;

--
-- Table structure for table `visitor_info`
--

DROP TABLE IF EXISTS `visitor_info`;
/*!40101 SET @saved_cs_client     = @@character_set_client */;
/*!40101 SET character_set_client = utf8 */;
CREATE TABLE `visitor_info` (
  `ID` bigint(20) NOT NULL,
  `NAME` varchar(200) DEFAULT NULL,
  `MOBILE` varchar(50) DEFAULT NULL,
  `COMPANY_NAME` varchar(200) DEFAULT NULL,
  `DESCRIPTION` varchar(200) DEFAULT NULL,
  `CREATE_TIME` datetime DEFAULT NULL,
  `VISIT_TIME` datetime DEFAULT NULL,
  `LEAVE_TIME` datetime DEFAULT NULL,
  `ENTER_TIME` datetime DEFAULT NULL,
  `STATUS` int(11) DEFAULT NULL,
  `USER_ID` varchar(64) DEFAULT NULL,
  `TENANT_ID` varchar(64) DEFAULT NULL,
  PRIMARY KEY (`ID`)
) ENGINE=InnoDB DEFAULT CHARSET=utf8;
/*!40101 SET character_set_client = @saved_cs_client */;

--
-- Dumping data for table `visitor_info`
--

LOCK TABLES `visitor_info` WRITE;
/*!40000 ALTER TABLE `visitor_info` DISABLE KEYS */;
/*!40000 ALTER TABLE `visitor_info` ENABLE KEYS */;
UNLOCK TABLES;

--
-- Table structure for table `vote_info`
--

DROP TABLE IF EXISTS `vote_info`;
/*!40101 SET @saved_cs_client     = @@character_set_client */;
/*!40101 SET character_set_client = utf8 */;
CREATE TABLE `vote_info` (
  `ID` bigint(20) NOT NULL,
  `NAME` varchar(100) DEFAULT NULL,
  `CONTENT` varchar(200) DEFAULT NULL,
  `USER_ID` varchar(64) DEFAULT NULL,
  `CREATE_TIME` datetime DEFAULT NULL,
  `STATUS` varchar(50) DEFAULT NULL,
  `TENANT_ID` varchar(64) DEFAULT NULL,
  PRIMARY KEY (`ID`)
) ENGINE=InnoDB DEFAULT CHARSET=utf8;
/*!40101 SET character_set_client = @saved_cs_client */;

--
-- Dumping data for table `vote_info`
--

LOCK TABLES `vote_info` WRITE;
/*!40000 ALTER TABLE `vote_info` DISABLE KEYS */;
/*!40000 ALTER TABLE `vote_info` ENABLE KEYS */;
UNLOCK TABLES;

--
-- Table structure for table `vote_item`
--

DROP TABLE IF EXISTS `vote_item`;
/*!40101 SET @saved_cs_client     = @@character_set_client */;
/*!40101 SET character_set_client = utf8 */;
CREATE TABLE `vote_item` (
  `ID` bigint(20) NOT NULL,
  `NAME` varchar(100) DEFAULT NULL,
  `STYLE` varchar(50) DEFAULT NULL,
  `PRIORITY` int(11) DEFAULT NULL,
  `TENANT_ID` varchar(64) DEFAULT NULL,
  `HEAD_COUNT` int(11) DEFAULT NULL,
  `INFO_ID` bigint(20) DEFAULT NULL,
  PRIMARY KEY (`ID`),
  KEY `FK_VOTE_ITEM_INFO` (`INFO_ID`),
  CONSTRAINT `FK_VOTE_ITEM_INFO` FOREIGN KEY (`INFO_ID`) REFERENCES `vote_info` (`ID`)
) ENGINE=InnoDB DEFAULT CHARSET=utf8;
/*!40101 SET character_set_client = @saved_cs_client */;

--
-- Dumping data for table `vote_item`
--

LOCK TABLES `vote_item` WRITE;
/*!40000 ALTER TABLE `vote_item` DISABLE KEYS */;
/*!40000 ALTER TABLE `vote_item` ENABLE KEYS */;
UNLOCK TABLES;

--
-- Table structure for table `vote_user`
--

DROP TABLE IF EXISTS `vote_user`;
/*!40101 SET @saved_cs_client     = @@character_set_client */;
/*!40101 SET character_set_client = utf8 */;
CREATE TABLE `vote_user` (
  `ID` bigint(20) NOT NULL,
  `USER_ID` varchar(64) DEFAULT NULL,
  `CREATE_TIME` datetime DEFAULT NULL,
  `TENANT_ID` varchar(64) DEFAULT NULL,
  `ITEM_ID` bigint(20) DEFAULT NULL,
  PRIMARY KEY (`ID`),
  KEY `FK_VOTE_USER_ITEM` (`ITEM_ID`),
  CONSTRAINT `FK_VOTE_USER_ITEM` FOREIGN KEY (`ITEM_ID`) REFERENCES `vote_item` (`ID`)
) ENGINE=InnoDB DEFAULT CHARSET=utf8;
/*!40101 SET character_set_client = @saved_cs_client */;

--
-- Dumping data for table `vote_user`
--

LOCK TABLES `vote_user` WRITE;
/*!40000 ALTER TABLE `vote_user` DISABLE KEYS */;
/*!40000 ALTER TABLE `vote_user` ENABLE KEYS */;
UNLOCK TABLES;

--
-- Table structure for table `whitelist_app`
--

DROP TABLE IF EXISTS `whitelist_app`;
/*!40101 SET @saved_cs_client     = @@character_set_client */;
/*!40101 SET character_set_client = utf8 */;
CREATE TABLE `whitelist_app` (
  `ID` bigint(20) NOT NULL,
  `NAME` varchar(50) DEFAULT NULL,
  `TYPE_ID` bigint(20) DEFAULT NULL,
  `USER_ID` varchar(50) DEFAULT NULL,
  `DESCRIPTION` varchar(200) DEFAULT NULL,
  `FORCE_RELOGIN` int(11) DEFAULT NULL,
  `CODE` varchar(64) DEFAULT NULL,
  `USERNAME` varchar(64) DEFAULT NULL,
  `PASSWORD` varchar(200) DEFAULT NULL,
  `LEVEL` int(11) DEFAULT NULL,
  `TENANT_ID` varchar(64) DEFAULT NULL,
  PRIMARY KEY (`ID`),
  KEY `FK_WHITELIST_APP_TYPE` (`TYPE_ID`),
  CONSTRAINT `FK_WHITELIST_APP_TYPE` FOREIGN KEY (`TYPE_ID`) REFERENCES `whitelist_type` (`ID`)
) ENGINE=InnoDB DEFAULT CHARSET=utf8;
/*!40101 SET character_set_client = @saved_cs_client */;

--
-- Dumping data for table `whitelist_app`
--

LOCK TABLES `whitelist_app` WRITE;
/*!40000 ALTER TABLE `whitelist_app` DISABLE KEYS */;
/*!40000 ALTER TABLE `whitelist_app` ENABLE KEYS */;
UNLOCK TABLES;

--
-- Table structure for table `whitelist_host`
--

DROP TABLE IF EXISTS `whitelist_host`;
/*!40101 SET @saved_cs_client     = @@character_set_client */;
/*!40101 SET character_set_client = utf8 */;
CREATE TABLE `whitelist_host` (
  `ID` bigint(20) NOT NULL,
  `VALUE` varchar(50) DEFAULT NULL,
  `PRIORITY` int(11) DEFAULT NULL,
  `APP_ID` bigint(20) DEFAULT NULL,
  `TENANT_ID` varchar(64) DEFAULT NULL,
  PRIMARY KEY (`ID`),
  KEY `FK_WHITELIST_HOST_APP` (`APP_ID`),
  CONSTRAINT `FK_WHITELIST_HOST_APP` FOREIGN KEY (`APP_ID`) REFERENCES `whitelist_app` (`ID`)
) ENGINE=InnoDB DEFAULT CHARSET=utf8;
/*!40101 SET character_set_client = @saved_cs_client */;

--
-- Dumping data for table `whitelist_host`
--

LOCK TABLES `whitelist_host` WRITE;
/*!40000 ALTER TABLE `whitelist_host` DISABLE KEYS */;
/*!40000 ALTER TABLE `whitelist_host` ENABLE KEYS */;
UNLOCK TABLES;

--
-- Table structure for table `whitelist_ip`
--

DROP TABLE IF EXISTS `whitelist_ip`;
/*!40101 SET @saved_cs_client     = @@character_set_client */;
/*!40101 SET character_set_client = utf8 */;
CREATE TABLE `whitelist_ip` (
  `ID` bigint(20) NOT NULL,
  `VALUE` varchar(50) DEFAULT NULL,
  `PRIORITY` int(11) DEFAULT NULL,
  `APP_ID` bigint(20) DEFAULT NULL,
  `TENANT_ID` varchar(64) DEFAULT NULL,
  PRIMARY KEY (`ID`),
  KEY `FK_WHITELIST_IP_APP` (`APP_ID`),
  CONSTRAINT `FK_WHITELIST_IP_APP` FOREIGN KEY (`APP_ID`) REFERENCES `whitelist_app` (`ID`)
) ENGINE=InnoDB DEFAULT CHARSET=utf8;
/*!40101 SET character_set_client = @saved_cs_client */;

--
-- Dumping data for table `whitelist_ip`
--

LOCK TABLES `whitelist_ip` WRITE;
/*!40000 ALTER TABLE `whitelist_ip` DISABLE KEYS */;
/*!40000 ALTER TABLE `whitelist_ip` ENABLE KEYS */;
UNLOCK TABLES;

--
-- Table structure for table `whitelist_type`
--

DROP TABLE IF EXISTS `whitelist_type`;
/*!40101 SET @saved_cs_client     = @@character_set_client */;
/*!40101 SET character_set_client = utf8 */;
CREATE TABLE `whitelist_type` (
  `ID` bigint(20) NOT NULL,
  `NAME` varchar(50) DEFAULT NULL,
  `CODE` varchar(50) DEFAULT NULL,
  `TENANT_ID` varchar(64) DEFAULT NULL,
  PRIMARY KEY (`ID`)
) ENGINE=InnoDB DEFAULT CHARSET=utf8;
/*!40101 SET character_set_client = @saved_cs_client */;

--
-- Dumping data for table `whitelist_type`
--

LOCK TABLES `whitelist_type` WRITE;
/*!40000 ALTER TABLE `whitelist_type` DISABLE KEYS */;
/*!40000 ALTER TABLE `whitelist_type` ENABLE KEYS */;
UNLOCK TABLES;

--
-- Table structure for table `work_report_acl`
--

DROP TABLE IF EXISTS `work_report_acl`;
/*!40101 SET @saved_cs_client     = @@character_set_client */;
/*!40101 SET character_set_client = utf8 */;
CREATE TABLE `work_report_acl` (
  `ID` bigint(20) NOT NULL,
  `TYPE` varchar(200) DEFAULT NULL,
  `REF` varchar(200) DEFAULT NULL,
  `TENANT_ID` varchar(64) DEFAULT NULL,
  `INFO_ID` bigint(20) DEFAULT NULL,
  PRIMARY KEY (`ID`),
  KEY `FK_WORK_REPORT_ACL_INFO` (`INFO_ID`),
  CONSTRAINT `FK_WORK_REPORT_ACL_INFO` FOREIGN KEY (`INFO_ID`) REFERENCES `work_report_info` (`ID`)
) ENGINE=InnoDB DEFAULT CHARSET=utf8;
/*!40101 SET character_set_client = @saved_cs_client */;

--
-- Dumping data for table `work_report_acl`
--

LOCK TABLES `work_report_acl` WRITE;
/*!40000 ALTER TABLE `work_report_acl` DISABLE KEYS */;
/*!40000 ALTER TABLE `work_report_acl` ENABLE KEYS */;
UNLOCK TABLES;

--
-- Table structure for table `work_report_attachment`
--

DROP TABLE IF EXISTS `work_report_attachment`;
/*!40101 SET @saved_cs_client     = @@character_set_client */;
/*!40101 SET character_set_client = utf8 */;
CREATE TABLE `work_report_attachment` (
  `ID` bigint(20) NOT NULL,
  `NAME` varchar(200) DEFAULT NULL,
  `FILE_SIZE` bigint(20) DEFAULT NULL,
  `REF` varchar(200) DEFAULT NULL,
  `TENANT_ID` varchar(64) DEFAULT NULL,
  `INFO_ID` bigint(20) DEFAULT NULL,
  PRIMARY KEY (`ID`),
  KEY `FK_WORK_REPORT_ATTACHMENT_INFO` (`INFO_ID`),
  CONSTRAINT `FK_WORK_REPORT_ATTACHMENT_INFO` FOREIGN KEY (`INFO_ID`) REFERENCES `work_report_info` (`ID`)
) ENGINE=InnoDB DEFAULT CHARSET=utf8;
/*!40101 SET character_set_client = @saved_cs_client */;

--
-- Dumping data for table `work_report_attachment`
--

LOCK TABLES `work_report_attachment` WRITE;
/*!40000 ALTER TABLE `work_report_attachment` DISABLE KEYS */;
/*!40000 ALTER TABLE `work_report_attachment` ENABLE KEYS */;
UNLOCK TABLES;

--
-- Table structure for table `work_report_info`
--

DROP TABLE IF EXISTS `work_report_info`;
/*!40101 SET @saved_cs_client     = @@character_set_client */;
/*!40101 SET character_set_client = utf8 */;
CREATE TABLE `work_report_info` (
  `ID` bigint(20) NOT NULL,
  `TYPE` varchar(50) DEFAULT NULL,
  `CONTENT` varchar(200) DEFAULT NULL,
  `REPORT_DATE` date DEFAULT NULL,
  `CREATE_TIME` datetime DEFAULT NULL,
  `USER_ID` varchar(64) DEFAULT NULL,
  `TENANT_ID` varchar(64) DEFAULT NULL,
  PRIMARY KEY (`ID`)
) ENGINE=InnoDB DEFAULT CHARSET=utf8;
/*!40101 SET character_set_client = @saved_cs_client */;

--
-- Dumping data for table `work_report_info`
--

LOCK TABLES `work_report_info` WRITE;
/*!40000 ALTER TABLE `work_report_info` DISABLE KEYS */;
/*!40000 ALTER TABLE `work_report_info` ENABLE KEYS */;
UNLOCK TABLES;

--
-- Table structure for table `workcal_part`
--

DROP TABLE IF EXISTS `workcal_part`;
/*!40101 SET @saved_cs_client     = @@character_set_client */;
/*!40101 SET character_set_client = utf8 */;
CREATE TABLE `workcal_part` (
  `ID` bigint(20) NOT NULL,
  `SHIFT` int(11) DEFAULT NULL,
  `START_TIME` varchar(5) DEFAULT NULL,
  `END_TIME` varchar(5) DEFAULT NULL,
  `RULE_ID` bigint(20) DEFAULT NULL,
  `TENANT_ID` varchar(64) DEFAULT NULL,
  PRIMARY KEY (`ID`),
  KEY `FK_WORKCAL_PART_RULE` (`RULE_ID`),
  CONSTRAINT `FK_WORKCAL_PART_RULE` FOREIGN KEY (`RULE_ID`) REFERENCES `workcal_rule` (`ID`)
) ENGINE=InnoDB DEFAULT CHARSET=utf8;
/*!40101 SET character_set_client = @saved_cs_client */;

--
-- Dumping data for table `workcal_part`
--

LOCK TABLES `workcal_part` WRITE;
/*!40000 ALTER TABLE `workcal_part` DISABLE KEYS */;
INSERT INTO `workcal_part` VALUES (1,0,'9:00','12:00',1,'1'),(2,1,'13:00','18:00',1,'1'),(3,0,'9:00','12:00',2,'1'),(4,1,'13:00','18:00',2,'1'),(5,0,'9:00','12:00',3,'1'),(6,1,'13:00','18:00',3,'1'),(7,0,'9:00','12:00',4,'1'),(8,1,'13:00','18:00',4,'1'),(9,0,'9:00','12:00',5,'1'),(10,1,'13:00','18:00',5,'1'),(11,0,'9:00','12:00',12,'1'),(12,1,'13:00','18:00',12,'1'),(13,0,'9:00','12:00',20,'1'),(14,1,'13:00','18:00',20,'1'),(15,0,'9:00','12:00',26,'1'),(16,1,'13:00','18:00',26,'1'),(17,0,'9:00','12:00',29,'1'),(18,1,'13:00','18:00',29,'1'),(19,0,'9:00','12:00',37,'1'),(20,1,'13:00','18:00',37,'1'),(21,0,'9:00','12:00',6,'1'),(22,1,'13:00','18:00',6,'1'),(23,0,'9:00','12:00',7,'1'),(24,1,'13:00','18:00',7,'1'),(25,0,'9:00','12:00',8,'1'),(26,1,'13:00','18:00',8,'1'),(27,0,'9:00','12:00',9,'1'),(28,1,'13:00','18:00',9,'1'),(29,0,'9:00','12:00',10,'1'),(30,1,'13:00','18:00',10,'1'),(31,0,'9:00','12:00',43,'1'),(32,1,'13:00','18:00',43,'1'),(33,0,'9:00','12:00',44,'1'),(34,1,'13:00','18:00',44,'1'),(35,0,'9:00','12:00',52,'1'),(36,1,'13:00','18:00',52,'1'),(37,0,'9:00','12:00',69,NULL),(38,1,'13:00','18:00',69,NULL),(39,0,'9:00','12:00',70,NULL),(40,1,'13:00','18:00',70,NULL),(1601,0,'9:00','12:00',1601,'1'),(1602,1,'13:00','18:00',1601,'1'),(1603,0,'9:00','12:00',1602,'1'),(1604,1,'13:00','18:00',1602,'1'),(1605,0,'9:00','12:00',1603,'1'),(1606,1,'13:00','18:00',1603,'1'),(1607,0,'9:00','12:00',1604,'1'),(1608,1,'13:00','18:00',1604,'1'),(1609,0,'9:00','12:00',1605,'1'),(1610,1,'13:00','18:00',1605,'1'),(1611,0,'9:00','12:00',1612,'1'),(1612,1,'13:00','18:00',1612,'1'),(1613,0,'9:00','12:00',1620,'1'),(1614,1,'13:00','18:00',1620,'1'),(1615,0,'9:00','12:00',1626,'1'),(1616,1,'13:00','18:00',1626,'1'),(1617,0,'9:00','12:00',1629,'1'),(1618,1,'13:00','18:00',1629,'1'),(1619,0,'9:00','12:00',1635,'1'),(1620,1,'13:00','18:00',1635,'1'),(1621,0,'9:00','12:00',1636,'1'),(1622,1,'13:00','18:00',1636,'1');
/*!40000 ALTER TABLE `workcal_part` ENABLE KEYS */;
UNLOCK TABLES;

--
-- Table structure for table `workcal_rule`
--

DROP TABLE IF EXISTS `workcal_rule`;
/*!40101 SET @saved_cs_client     = @@character_set_client */;
/*!40101 SET character_set_client = utf8 */;
CREATE TABLE `workcal_rule` (
  `ID` bigint(20) NOT NULL,
  `YEAR` int(11) DEFAULT NULL,
  `WEEK` int(11) DEFAULT NULL,
  `NAME` varchar(50) DEFAULT NULL,
  `WORK_DATE` timestamp NOT NULL DEFAULT CURRENT_TIMESTAMP ON UPDATE CURRENT_TIMESTAMP,
  `STATUS` int(11) DEFAULT NULL,
  `TYPE_ID` bigint(20) DEFAULT NULL,
  `TENANT_ID` varchar(64) DEFAULT NULL,
  PRIMARY KEY (`ID`),
  KEY `FK_WORKCAL_RULE_TYPE` (`TYPE_ID`),
  CONSTRAINT `FK_WORKCAL_RULE_TYPE` FOREIGN KEY (`TYPE_ID`) REFERENCES `workcal_type` (`ID`)
) ENGINE=InnoDB DEFAULT CHARSET=utf8;
/*!40101 SET character_set_client = @saved_cs_client */;

--
-- Dumping data for table `workcal_rule`
--

LOCK TABLES `workcal_rule` WRITE;
/*!40000 ALTER TABLE `workcal_rule` DISABLE KEYS */;
INSERT INTO `workcal_rule` VALUES (1,2014,2,'周一','2016-08-06 09:07:45',0,1,'1'),(2,2014,3,'周二','2016-08-06 09:07:45',0,1,'1'),(3,2014,4,'周三','2016-08-06 09:07:45',0,1,'1'),(4,2014,5,'周四','2016-08-06 09:07:45',0,1,'1'),(5,2014,6,'周五','2016-08-06 09:07:45',0,1,'1'),(6,2015,2,'周一','2016-08-06 09:07:45',0,1,'1'),(7,2015,3,'周二','2016-08-06 09:07:45',0,1,'1'),(8,2015,4,'周三','2016-08-06 09:07:45',0,1,'1'),(9,2015,5,'周四','2016-08-06 09:07:45',0,1,'1'),(10,2015,6,'周五','2016-08-06 09:07:45',0,1,'1'),(11,2014,NULL,'元旦','2016-08-06 09:07:45',1,1,'1'),(12,2014,NULL,'春节调休','2016-08-06 09:07:45',2,1,'1'),(13,2014,NULL,'春节','2016-08-06 09:07:45',1,1,'1'),(14,2014,NULL,'春节','2016-08-06 09:07:45',1,1,'1'),(15,2014,NULL,'春节','2016-08-06 09:07:45',1,1,'1'),(16,2014,NULL,'春节','2016-08-06 09:07:45',1,1,'1'),(17,2014,NULL,'春节','2016-08-06 09:07:45',1,1,'1'),(18,2014,NULL,'春节','2016-08-06 09:07:45',1,1,'1'),(19,2014,NULL,'春节','2016-08-06 09:07:45',1,1,'1'),(20,2014,NULL,'春节调休','2016-08-06 09:07:45',2,1,'1'),(21,2014,NULL,'清明节','2016-08-06 09:07:45',1,1,'1'),(22,2014,NULL,'清明节补休','2016-08-06 09:07:45',3,1,'1'),(23,2014,NULL,'劳动节','2016-08-06 09:07:45',1,1,'1'),(24,2014,NULL,'劳动节','2016-08-06 09:07:45',1,1,'1'),(25,2014,NULL,'劳动节','2016-08-06 09:07:45',1,1,'1'),(26,2014,NULL,'劳动节调休','2016-08-06 09:07:45',2,1,'1'),(27,2014,NULL,'端午节','2016-08-06 09:07:45',1,1,'1'),(28,2014,NULL,'中秋节','2016-08-06 09:07:45',1,1,'1'),(29,2014,NULL,'国庆节调休','2016-08-06 09:07:45',2,1,'1'),(30,2014,NULL,'国庆节','2016-08-06 09:07:45',1,1,'1'),(31,2014,NULL,'国庆节','2016-08-06 09:07:45',1,1,'1'),(32,2014,NULL,'国庆节','2016-08-06 09:07:45',1,1,'1'),(33,2014,NULL,'国庆节','2016-08-06 09:07:45',1,1,'1'),(34,2014,NULL,'国庆节','2016-08-06 09:07:45',1,1,'1'),(35,2014,NULL,'国庆节','2016-08-06 09:07:45',1,1,'1'),(36,2014,NULL,'国庆节','2016-08-06 09:07:45',1,1,'1'),(37,2014,NULL,'国庆节调休','2016-08-06 09:07:45',2,1,'1'),(41,2015,NULL,'元旦','2016-08-06 09:07:45',1,1,'1'),(42,2015,NULL,'元旦补休','2016-08-06 09:07:45',3,1,'1'),(43,2015,NULL,'元旦调休','2016-08-06 09:07:45',2,1,'1'),(44,2015,NULL,'春节调休','2016-08-06 09:07:45',2,1,'1'),(45,2015,NULL,'春节','2016-08-06 09:07:45',1,1,'1'),(46,2015,NULL,'春节','2016-08-06 09:07:45',1,1,'1'),(47,2015,NULL,'春节','2016-08-06 09:07:45',1,1,'1'),(48,2015,NULL,'春节','2016-08-06 09:07:45',1,1,'1'),(49,2015,NULL,'春节','2016-08-06 09:07:45',1,1,'1'),(50,2015,NULL,'春节','2016-08-06 09:07:45',1,1,'1'),(51,2015,NULL,'春节','2016-08-06 09:07:45',1,1,'1'),(52,2015,NULL,'春节调休','2016-08-06 09:07:45',2,1,'1'),(53,2015,NULL,'清明节','2016-08-06 09:07:45',1,1,'1'),(54,2015,NULL,'清明节补休','2016-08-06 09:07:45',3,1,'1'),(55,2015,NULL,'劳动节','2016-08-06 09:07:45',1,1,'1'),(56,2015,NULL,'端午节','2016-08-06 09:07:45',1,1,'1'),(57,2015,NULL,'端午节补休','2016-08-06 09:07:45',3,1,'1'),(58,2015,NULL,'中秋节','2016-08-06 09:07:45',1,1,'1'),(60,2015,NULL,'国庆节','2016-08-06 09:07:45',1,1,'1'),(61,2015,NULL,'国庆节','2016-08-06 09:07:45',1,1,'1'),(62,2015,NULL,'国庆节','2016-08-06 09:07:45',1,1,'1'),(63,2015,NULL,'国庆节','2016-08-06 09:07:45',1,1,'1'),(64,2015,NULL,'国庆节','2016-08-06 09:07:45',1,1,'1'),(65,2015,NULL,'国庆节','2016-08-06 09:07:45',1,1,'1'),(66,2015,NULL,'国庆节','2016-08-06 09:07:45',1,1,'1'),(67,2015,NULL,'胜利日','2015-09-02 16:00:00',1,1,'1'),(68,2015,NULL,'胜利日补休','2015-09-03 16:00:00',3,1,'1'),(69,2015,NULL,'胜利日调休','2015-09-05 16:00:00',2,1,'1'),(70,2015,NULL,'国庆节调休','2015-10-09 16:00:00',2,1,'1'),(1601,2016,2,'周一','2016-08-06 09:07:45',0,1,'1'),(1602,2016,3,'周二','2016-08-06 09:07:45',0,1,'1'),(1603,2016,4,'周三','2016-08-06 09:07:45',0,1,'1'),(1604,2016,5,'周四','2016-08-06 09:07:45',0,1,'1'),(1605,2016,6,'周五','2016-08-06 09:07:45',0,1,'1'),(1611,2016,NULL,'元旦','2015-12-31 16:00:00',1,1,'1'),(1612,2016,NULL,'春节调休','2016-02-05 16:00:00',2,1,'1'),(1613,2016,NULL,'春节','2016-02-06 16:00:00',1,1,'1'),(1614,2016,NULL,'春节','2016-02-07 16:00:00',1,1,'1'),(1615,2016,NULL,'春节','2016-02-08 16:00:00',1,1,'1'),(1616,2016,NULL,'春节','2016-02-09 16:00:00',1,1,'1'),(1617,2016,NULL,'春节','2016-02-10 16:00:00',1,1,'1'),(1618,2016,NULL,'春节','2016-02-11 16:00:00',1,1,'1'),(1619,2016,NULL,'春节','2016-02-12 16:00:00',1,1,'1'),(1620,2016,NULL,'春节调休','2016-02-13 16:00:00',2,1,'1'),(1621,2016,NULL,'清明节','2016-04-03 16:00:00',1,1,'1'),(1622,2016,NULL,'劳动节','2016-04-30 16:00:00',1,1,'1'),(1623,2016,NULL,'劳动节补休','2016-05-01 16:00:00',3,1,'1'),(1624,2016,NULL,'端午节','2016-06-08 16:00:00',1,1,'1'),(1625,2016,NULL,'端午节补休','2016-06-09 16:00:00',3,1,'1'),(1626,2016,NULL,'端午节调休','2016-06-11 16:00:00',2,1,'1'),(1627,2016,NULL,'中秋节','2016-09-14 16:00:00',1,1,'1'),(1628,2016,NULL,'中秋节补休','2016-09-15 16:00:00',3,1,'1'),(1629,2016,NULL,'中秋节调休','2016-09-17 16:00:00',2,1,'1'),(1630,2016,NULL,'国庆节','2016-10-02 16:00:00',1,1,'1'),(1631,2016,NULL,'国庆节','2016-10-03 16:00:00',1,1,'1'),(1632,2016,NULL,'国庆节','2016-10-04 16:00:00',1,1,'1'),(1633,2016,NULL,'国庆节','2016-10-05 16:00:00',1,1,'1'),(1634,2016,NULL,'国庆节','2016-10-06 16:00:00',1,1,'1'),(1635,2016,NULL,'国庆节调休','2016-10-07 16:00:00',2,1,'1'),(1636,2016,NULL,'国庆节调休','2016-10-08 16:00:00',2,1,'1');
/*!40000 ALTER TABLE `workcal_rule` ENABLE KEYS */;
UNLOCK TABLES;

--
-- Table structure for table `workcal_type`
--

DROP TABLE IF EXISTS `workcal_type`;
/*!40101 SET @saved_cs_client     = @@character_set_client */;
/*!40101 SET character_set_client = utf8 */;
CREATE TABLE `workcal_type` (
  `ID` bigint(20) NOT NULL,
  `NAME` varchar(50) DEFAULT NULL,
  `TENANT_ID` varchar(64) DEFAULT NULL,
  PRIMARY KEY (`ID`)
) ENGINE=InnoDB DEFAULT CHARSET=utf8;
/*!40101 SET character_set_client = @saved_cs_client */;

--
-- Dumping data for table `workcal_type`
--

LOCK TABLES `workcal_type` WRITE;
/*!40000 ALTER TABLE `workcal_type` DISABLE KEYS */;
INSERT INTO `workcal_type` VALUES (1,'默认','1');
/*!40000 ALTER TABLE `workcal_type` ENABLE KEYS */;
UNLOCK TABLES;
/*!40103 SET TIME_ZONE=@OLD_TIME_ZONE */;

/*!40101 SET SQL_MODE=@OLD_SQL_MODE */;
/*!40014 SET FOREIGN_KEY_CHECKS=@OLD_FOREIGN_KEY_CHECKS */;
/*!40014 SET UNIQUE_CHECKS=@OLD_UNIQUE_CHECKS */;
/*!40101 SET CHARACTER_SET_CLIENT=@OLD_CHARACTER_SET_CLIENT */;
/*!40101 SET CHARACTER_SET_RESULTS=@OLD_CHARACTER_SET_RESULTS */;
/*!40101 SET COLLATION_CONNECTION=@OLD_COLLATION_CONNECTION */;
/*!40111 SET SQL_NOTES=@OLD_SQL_NOTES */;

-- Dump completed on 2016-09-02 22:10:17
